t=0.06s goal_change=None->(0.1, 0.0) reason=호출자가 첫 목표를 선택함
t=0.06s exploration known_area_m2=0.050 frontier_groups=4 reachable_candidates=4 goal=(0.100,0.000) odom_distance_m=0.000 reason=안전한 Frontier 후보 있음 selection_reason=첫 목표 선택 goal_reached=N/A planning_failures=N/A
t=0.06s frontier_score cell=(100, 101) goal=(0.1, 0.0) gain_m2=6.920 distance_m=0.100 turn_rad=0.000 revisit=0.000 score=2.945 selected=True
t=0.06s frontier_score cell=(99, 100) goal=(0.0, -0.1) gain_m2=6.920 distance_m=0.100 turn_rad=1.571 revisit=0.000 score=2.795 selected=False
t=0.06s frontier_score cell=(101, 100) goal=(0.0, 0.1) gain_m2=6.920 distance_m=0.100 turn_rad=1.571 revisit=0.000 score=2.795 selected=False
t=0.06s frontier_score cell=(100, 99) goal=(-0.1, 0.0) gain_m2=6.920 distance_m=0.100 turn_rad=3.142 revisit=0.000 score=2.645 selected=False
t=0.06s state=ARRIVED mission=DISABLED front=1.94m pose=(+0.00, +0.00, +0.0deg) goal=(0.1, 0.0) detections=0 located=0 targets=0 perception=WAIT_CALIBRATION
t=0.13s goal_change=(0.1, 0.0)->(0.0, -0.1) reason=호출자가 목표를 변경함
t=0.19s goal_change=(0.0, -0.1)->(0.0, 0.1) reason=호출자가 목표를 변경함
t=0.26s goal_change=(0.0, 0.1)->(0.1, 0.0) reason=호출자가 목표를 변경함
t=0.51s goal_change=(0.1, 0.0)->(-0.1, 0.0) reason=호출자가 목표를 변경함
t=0.58s goal_change=(-0.1, 0.0)->(0.1, 0.0) reason=호출자가 목표를 변경함
t=0.70s goal_change=(0.1, 0.0)->None reason=도달 가능한 후보 없음
t=0.83s goal_change=None->(0.7000000000000001, -2.2) reason=호출자가 첫 목표를 선택함
t=1.02s exploration known_area_m2=5.460 frontier_groups=39 reachable_candidates=76 goal=(0.700,-2.200) odom_distance_m=0.008 reason=안전한 Frontier 후보 있음 selection_reason=구역 유지: 현재 목표 유지 goal_reached=N/A planning_failures=N/A
t=1.02s frontier_score cell=(78, 107) goal=(0.7000000000000001, -2.2) gain_m2=5.450 distance_m=2.900 turn_rad=0.032 revisit=0.000 score=1.376 selected=True
t=1.02s frontier_score cell=(79, 107) goal=(0.7000000000000001, -2.1) gain_m2=5.320 distance_m=2.800 turn_rad=0.032 revisit=0.000 score=1.353 selected=False
t=1.02s frontier_score cell=(80, 107) goal=(0.7000000000000001, -2.0) gain_m2=5.160 distance_m=2.700 turn_rad=0.032 revisit=0.000 score=1.318 selected=False
t=1.02s frontier_score cell=(106, 129) goal=(2.9000000000000004, 0.6000000000000001) gain_m2=5.740 distance_m=3.500 turn_rad=0.032 revisit=0.000 score=1.301 selected=False
t=1.02s frontier_score cell=(106, 128) goal=(2.8000000000000003, 0.6000000000000001) gain_m2=5.660 distance_m=3.400 turn_rad=0.032 revisit=0.000 score=1.300 selected=False
t=1.02s state=MOVING mission=DISABLED front=1.87m pose=(+0.01, -0.00, -1.8deg) goal=(0.7000000000000001, -2.2) detections=0 located=0 targets=0 perception=WAIT_CALIBRATION
t=2.05s exploration known_area_m2=5.600 frontier_groups=36 reachable_candidates=68 goal=(0.700,-2.200) odom_distance_m=0.048 reason=안전한 Frontier 후보 있음 selection_reason=구역 유지: 현재 목표 유지 goal_reached=N/A planning_failures=N/A
t=2.05s frontier_score cell=(78, 107) goal=(0.7000000000000001, -2.2) gain_m2=5.380 distance_m=2.900 turn_rad=0.192 revisit=0.000 score=1.331 selected=True
t=2.05s frontier_score cell=(79, 107) goal=(0.7000000000000001, -2.1) gain_m2=5.240 distance_m=2.800 turn_rad=0.192 revisit=0.000 score=1.304 selected=False
t=2.05s frontier_score cell=(80, 107) goal=(0.7000000000000001, -2.0) gain_m2=5.090 distance_m=2.700 turn_rad=0.192 revisit=0.000 score=1.272 selected=False
t=2.05s frontier_score cell=(106, 129) goal=(2.9000000000000004, 0.6000000000000001) gain_m2=5.700 distance_m=3.500 turn_rad=0.192 revisit=0.000 score=1.268 selected=False
t=2.05s frontier_score cell=(106, 128) goal=(2.8000000000000003, 0.6000000000000001) gain_m2=5.610 distance_m=3.400 turn_rad=0.192 revisit=0.000 score=1.263 selected=False
t=2.05s state=MOVING mission=DISABLED front=1.68m pose=(+0.05, -0.00, -11.0deg) goal=(0.7000000000000001, -2.2) detections=0 located=0 targets=0 perception=WAIT_CALIBRATION
t=3.01s exploration known_area_m2=5.710 frontier_groups=36 reachable_candidates=72 goal=(0.700,-2.200) odom_distance_m=0.087 reason=안전한 Frontier 후보 있음 selection_reason=구역 유지: 현재 목표 유지 goal_reached=N/A planning_failures=N/A
t=3.01s frontier_score cell=(78, 107) goal=(0.7000000000000001, -2.2) gain_m2=5.340 distance_m=2.800 turn_rad=0.319 revisit=0.000 score=1.335 selected=True
t=3.01s frontier_score cell=(79, 107) goal=(0.7000000000000001, -2.1) gain_m2=5.220 distance_m=2.700 turn_rad=0.319 revisit=0.000 score=1.316 selected=False
t=3.01s frontier_score cell=(106, 129) goal=(2.9000000000000004, 0.6000000000000001) gain_m2=5.640 distance_m=3.400 turn_rad=0.319 revisit=0.000 score=1.264 selected=False
t=3.01s frontier_score cell=(106, 128) goal=(2.8000000000000003, 0.6000000000000001) gain_m2=5.550 distance_m=3.300 turn_rad=0.319 revisit=0.000 score=1.258 selected=False
t=3.01s frontier_score cell=(106, 127) goal=(2.7, 0.6000000000000001) gain_m2=5.460 distance_m=3.200 turn_rad=0.319 revisit=0.000 score=1.253 selected=False
t=3.01s state=MOVING mission=DISABLED front=1.34m pose=(+0.09, -0.01, -18.3deg) goal=(0.7000000000000001, -2.2) detections=0 located=0 targets=0 perception=WAIT_CALIBRATION
t=3.14s goal_change=(0.7000000000000001, -2.2)->(0.7000000000000001, -2.1) reason=호출자가 목표를 변경함
t=4.03s exploration known_area_m2=5.870 frontier_groups=40 reachable_candidates=79 goal=(0.700,-2.100) odom_distance_m=0.128 reason=안전한 Frontier 후보 있음 selection_reason=구역 유지: 현재 목표 유지 goal_reached=N/A planning_failures=N/A
t=4.03s frontier_score cell=(79, 107) goal=(0.7000000000000001, -2.1) gain_m2=5.180 distance_m=2.700 turn_rad=0.455 revisit=0.000 score=1.286 selected=True
t=4.03s frontier_score cell=(80, 106) goal=(0.6000000000000001, -2.0) gain_m2=5.040 distance_m=2.700 turn_rad=0.455 revisit=0.000 score=1.226 selected=False
t=4.03s frontier_score cell=(106, 129) goal=(2.9000000000000004, 0.6000000000000001) gain_m2=5.570 distance_m=3.400 turn_rad=0.455 revisit=0.000 score=1.221 selected=False
t=4.03s frontier_score cell=(106, 128) goal=(2.8000000000000003, 0.6000000000000001) gain_m2=5.470 distance_m=3.300 turn_rad=0.455 revisit=0.000 score=1.211 selected=False
t=4.03s frontier_score cell=(106, 127) goal=(2.7, 0.6000000000000001) gain_m2=5.380 distance_m=3.200 turn_rad=0.455 revisit=0.000 score=1.205 selected=False
t=4.03s state=MOVING mission=DISABLED front=1.20m pose=(+0.12, -0.03, -26.1deg) goal=(0.7000000000000001, -2.1) detections=0 located=0 targets=0 perception=WAIT_CALIBRATION
t=5.06s exploration known_area_m2=6.050 frontier_groups=41 reachable_candidates=76 goal=(0.700,-2.100) odom_distance_m=0.169 reason=안전한 Frontier 후보 있음 selection_reason=구역 유지: 현재 목표 유지 goal_reached=N/A planning_failures=N/A
t=5.06s frontier_score cell=(105, 103) goal=(0.30000000000000004, 0.5) gain_m2=4.020 distance_m=0.700 turn_rad=0.585 revisit=0.000 score=1.441 selected=False
t=5.06s frontier_score cell=(79, 107) goal=(0.7000000000000001, -2.1) gain_m2=5.080 distance_m=2.500 turn_rad=0.585 revisit=0.000 score=1.297 selected=True
t=5.06s frontier_score cell=(80, 106) goal=(0.6000000000000001, -2.0) gain_m2=4.950 distance_m=2.500 turn_rad=0.585 revisit=0.000 score=1.241 selected=False
t=5.06s frontier_score cell=(81, 106) goal=(0.6000000000000001, -1.9000000000000001) gain_m2=4.770 distance_m=2.400 turn_rad=0.585 revisit=0.000 score=1.197 selected=False
t=5.06s frontier_score cell=(106, 130) goal=(3.0, 0.6000000000000001) gain_m2=5.620 distance_m=3.500 turn_rad=0.585 revisit=0.000 score=1.196 selected=False
t=5.06s state=MOVING mission=DISABLED front=1.17m pose=(+0.16, -0.05, -33.5deg) goal=(0.7000000000000001, -2.1) detections=0 located=0 targets=0 perception=WAIT_CALIBRATION
t=5.06s map_saved=C:\Users\woosu\OneDrive\Desktop\hkton\controllers\tb3_teleop\maps\map.png
t=6.02s exploration known_area_m2=6.230 frontier_groups=38 reachable_candidates=73 goal=(0.700,-2.100) odom_distance_m=0.207 reason=안전한 Frontier 후보 있음 selection_reason=구역 유지: 현재 목표 유지 goal_reached=N/A planning_failures=N/A
t=6.02s frontier_score cell=(79, 106) goal=(0.6000000000000001, -2.1) gain_m2=5.010 distance_m=2.600 turn_rad=0.697 revisit=0.000 score=1.223 selected=False
t=6.02s frontier_score cell=(80, 106) goal=(0.6000000000000001, -2.0) gain_m2=4.870 distance_m=2.500 turn_rad=0.697 revisit=0.000 score=1.196 selected=False
t=6.02s frontier_score cell=(106, 130) goal=(3.0, 0.6000000000000001) gain_m2=5.570 distance_m=3.500 turn_rad=0.697 revisit=0.000 score=1.164 selected=False
t=6.02s frontier_score cell=(81, 106) goal=(0.6000000000000001, -1.9000000000000001) gain_m2=4.700 distance_m=2.400 turn_rad=0.697 revisit=0.000 score=1.156 selected=False
t=6.02s frontier_score cell=(106, 129) goal=(2.9000000000000004, 0.6000000000000001) gain_m2=5.470 distance_m=3.400 turn_rad=0.697 revisit=0.000 score=1.154 selected=False
t=6.02s state=MOVING mission=DISABLED front=1.14m pose=(+0.19, -0.07, -39.9deg) goal=(0.7000000000000001, -2.1) detections=0 located=0 targets=0 perception=WAIT_CALIBRATION
t=7.04s exploration known_area_m2=6.370 frontier_groups=39 reachable_candidates=69 goal=(0.700,-2.100) odom_distance_m=0.248 reason=안전한 Frontier 후보 있음 selection_reason=구역 유지: 현재 목표 유지 goal_reached=N/A planning_failures=N/A
t=7.04s frontier_score cell=(79, 106) goal=(0.6000000000000001, -2.1) gain_m2=5.000 distance_m=2.600 turn_rad=0.764 revisit=0.000 score=1.212 selected=False
t=7.04s frontier_score cell=(80, 106) goal=(0.6000000000000001, -2.0) gain_m2=4.840 distance_m=2.500 turn_rad=0.764 revisit=0.000 score=1.177 selected=False
t=7.04s frontier_score cell=(81, 106) goal=(0.6000000000000001, -1.9000000000000001) gain_m2=4.670 distance_m=2.400 turn_rad=0.764 revisit=0.000 score=1.137 selected=False
t=7.04s frontier_score cell=(106, 130) goal=(3.0, 0.6000000000000001) gain_m2=5.470 distance_m=3.500 turn_rad=0.807 revisit=0.000 score=1.111 selected=False
t=7.04s frontier_score cell=(106, 129) goal=(2.9000000000000004, 0.6000000000000001) gain_m2=5.370 distance_m=3.400 turn_rad=0.807 revisit=0.000 score=1.101 selected=False
t=7.04s state=MOVING mission=DISABLED front=1.10m pose=(+0.22, -0.10, -46.2deg) goal=(0.7000000000000001, -2.1) detections=0 located=0 targets=0 perception=WAIT_CALIBRATION
t=8.00s exploration known_area_m2=6.570 frontier_groups=35 reachable_candidates=68 goal=(0.700,-2.100) odom_distance_m=0.322 reason=안전한 Frontier 후보 있음 selection_reason=구역 유지: 현재 목표 유지 goal_reached=N/A planning_failures=N/A
t=8.00s frontier_score cell=(79, 106) goal=(0.6000000000000001, -2.1) gain_m2=5.000 distance_m=2.600 turn_rad=0.670 revisit=0.000 score=1.221 selected=False
t=8.00s frontier_score cell=(80, 106) goal=(0.6000000000000001, -2.0) gain_m2=4.840 distance_m=2.500 turn_rad=0.670 revisit=0.000 score=1.186 selected=False
t=8.00s frontier_score cell=(81, 106) goal=(0.6000000000000001, -1.9000000000000001) gain_m2=4.660 distance_m=2.400 turn_rad=0.670 revisit=0.000 score=1.142 selected=False
t=8.00s frontier_score cell=(82, 106) goal=(0.6000000000000001, -1.8) gain_m2=4.470 distance_m=2.300 turn_rad=0.670 revisit=0.000 score=1.093 selected=False
t=8.00s frontier_score cell=(85, 102) goal=(0.2, -1.5) gain_m2=4.060 distance_m=1.800 turn_rad=0.670 revisit=0.000 score=1.084 selected=False
t=8.00s state=MOVING mission=DISABLED front=1.06m pose=(+0.24, -0.13, -51.6deg) goal=(0.7000000000000001, -2.1) detections=0 located=0 targets=0 perception=WAIT_CALIBRATION
t=9.02s exploration known_area_m2=6.680 frontier_groups=37 reachable_candidates=71 goal=(0.700,-2.100) odom_distance_m=0.366 reason=안전한 Frontier 후보 있음 selection_reason=구역 유지: 현재 목표 유지 goal_reached=N/A planning_failures=N/A
t=9.02s frontier_score cell=(78, 106) goal=(0.6000000000000001, -2.2) gain_m2=5.130 distance_m=2.500 turn_rad=0.575 revisit=0.000 score=1.320 selected=False
t=9.02s frontier_score cell=(79, 106) goal=(0.6000000000000001, -2.1) gain_m2=4.980 distance_m=2.400 turn_rad=0.575 revisit=0.000 score=1.289 selected=False
t=9.02s frontier_score cell=(80, 106) goal=(0.6000000000000001, -2.0) gain_m2=4.820 distance_m=2.300 turn_rad=0.575 revisit=0.000 score=1.253 selected=False
t=9.02s frontier_score cell=(81, 106) goal=(0.6000000000000001, -1.9000000000000001) gain_m2=4.640 distance_m=2.200 turn_rad=0.575 revisit=0.000 score=1.209 selected=False
t=9.02s frontier_score cell=(82, 106) goal=(0.6000000000000001, -1.8) gain_m2=4.450 distance_m=2.100 turn_rad=0.575 revisit=0.000 score=1.160 selected=False
t=9.02s state=MOVING mission=DISABLED front=1.10m pose=(+0.27, -0.17, -57.1deg) goal=(0.7000000000000001, -2.1) detections=0 located=0 targets=0 perception=WAIT_CALIBRATION
t=10.05s exploration known_area_m2=6.770 frontier_groups=41 reachable_candidates=76 goal=(0.700,-2.100) odom_distance_m=0.467 reason=안전한 Frontier 후보 있음 selection_reason=구역 유지: 현재 목표 유지 goal_reached=N/A planning_failures=N/A
t=10.05s frontier_score cell=(78, 106) goal=(0.6000000000000001, -2.2) gain_m2=5.090 distance_m=2.500 turn_rad=0.484 revisit=0.000 score=1.311 selected=False
t=10.05s frontier_score cell=(79, 106) goal=(0.6000000000000001, -2.1) gain_m2=4.940 distance_m=2.400 turn_rad=0.484 revisit=0.000 score=1.280 selected=False
t=10.05s frontier_score cell=(106, 104) goal=(0.4, 0.6000000000000001) gain_m2=3.890 distance_m=0.900 turn_rad=1.086 revisit=0.000 score=1.271 selected=False
t=10.05s frontier_score cell=(80, 106) goal=(0.6000000000000001, -2.0) gain_m2=4.780 distance_m=2.300 turn_rad=0.484 revisit=0.000 score=1.244 selected=False
t=10.05s frontier_score cell=(81, 106) goal=(0.6000000000000001, -1.9000000000000001) gain_m2=4.600 distance_m=2.200 turn_rad=0.484 revisit=0.000 score=1.200 selected=False
t=10.05s state=MOVING mission=DISABLED front=1.15m pose=(+0.29, -0.21, -62.2deg) goal=(0.7000000000000001, -2.1) detections=1 located=0 targets=0 perception=WAIT_CALIBRATION
t=10.05s map_saved=C:\Users\woosu\OneDrive\Desktop\hkton\controllers\tb3_teleop\maps\map.png
t=11.01s exploration known_area_m2=6.950 frontier_groups=37 reachable_candidates=67 goal=(0.700,-2.100) odom_distance_m=0.516 reason=안전한 Frontier 후보 있음 selection_reason=구역 유지: 현재 목표 유지 goal_reached=N/A planning_failures=N/A
t=11.01s frontier_score cell=(78, 106) goal=(0.6000000000000001, -2.2) gain_m2=5.080 distance_m=2.400 turn_rad=0.405 revisit=0.000 score=1.348 selected=False
t=11.01s frontier_score cell=(79, 106) goal=(0.6000000000000001, -2.1) gain_m2=4.930 distance_m=2.300 turn_rad=0.405 revisit=0.000 score=1.317 selected=False
t=11.01s frontier_score cell=(80, 106) goal=(0.6000000000000001, -2.0) gain_m2=4.770 distance_m=2.200 turn_rad=0.405 revisit=0.000 score=1.281 selected=False
t=11.01s frontier_score cell=(81, 106) goal=(0.6000000000000001, -1.9000000000000001) gain_m2=4.590 distance_m=2.100 turn_rad=0.405 revisit=0.000 score=1.237 selected=False
t=11.01s frontier_score cell=(82, 106) goal=(0.6000000000000001, -1.8) gain_m2=4.400 distance_m=2.000 turn_rad=0.405 revisit=0.000 score=1.188 selected=False
t=11.01s state=MOVING mission=DISABLED front=1.48m pose=(+0.32, -0.25, -66.8deg) goal=(0.7000000000000001, -2.1) detections=3 located=0 targets=0 perception=WAIT_CALIBRATION
t=12.03s exploration known_area_m2=7.070 frontier_groups=36 reachable_candidates=64 goal=(0.700,-2.100) odom_distance_m=0.620 reason=안전한 Frontier 후보 있음 selection_reason=구역 유지: 현재 목표 유지 goal_reached=N/A planning_failures=N/A
t=12.03s frontier_score cell=(78, 106) goal=(0.6000000000000001, -2.2) gain_m2=5.080 distance_m=2.400 turn_rad=0.328 revisit=0.000 score=1.355 selected=False
t=12.03s frontier_score cell=(79, 106) goal=(0.6000000000000001, -2.1) gain_m2=4.930 distance_m=2.300 turn_rad=0.328 revisit=0.000 score=1.324 selected=False
t=12.03s frontier_score cell=(80, 106) goal=(0.6000000000000001, -2.0) gain_m2=4.770 distance_m=2.200 turn_rad=0.328 revisit=0.000 score=1.288 selected=False
t=12.03s frontier_score cell=(81, 106) goal=(0.6000000000000001, -1.9000000000000001) gain_m2=4.590 distance_m=2.100 turn_rad=0.328 revisit=0.000 score=1.244 selected=False
t=12.03s frontier_score cell=(82, 106) goal=(0.6000000000000001, -1.8) gain_m2=4.400 distance_m=2.000 turn_rad=0.328 revisit=0.000 score=1.196 selected=False
t=12.03s state=MOVING mission=DISABLED front=1.42m pose=(+0.34, -0.31, -71.2deg) goal=(0.7000000000000001, -2.1) detections=4 located=0 targets=0 perception=WAIT_CALIBRATION
t=13.06s exploration known_area_m2=7.340 frontier_groups=34 reachable_candidates=52 goal=(0.700,-2.100) odom_distance_m=0.687 reason=안전한 Frontier 후보 있음 selection_reason=구역 유지: 현재 목표 유지 goal_reached=N/A planning_failures=N/A
t=13.06s frontier_score cell=(78, 106) goal=(0.6000000000000001, -2.2) gain_m2=5.050 distance_m=2.200 turn_rad=0.262 revisit=0.000 score=1.415 selected=False
t=13.06s frontier_score cell=(79, 106) goal=(0.6000000000000001, -2.1) gain_m2=4.900 distance_m=2.100 turn_rad=0.262 revisit=0.000 score=1.384 selected=False
t=13.06s frontier_score cell=(80, 106) goal=(0.6000000000000001, -2.0) gain_m2=4.740 distance_m=2.000 turn_rad=0.262 revisit=0.000 score=1.348 selected=False
t=13.06s frontier_score cell=(81, 106) goal=(0.6000000000000001, -1.9000000000000001) gain_m2=4.560 distance_m=1.900 turn_rad=0.262 revisit=0.000 score=1.304 selected=False
t=13.06s frontier_score cell=(82, 106) goal=(0.6000000000000001, -1.8) gain_m2=4.370 distance_m=1.800 turn_rad=0.262 revisit=0.000 score=1.256 selected=False
t=13.06s state=MOVING mission=DISABLED front=1.35m pose=(+0.36, -0.37, -75.0deg) goal=(0.7000000000000001, -2.1) detections=2 located=0 targets=0 perception=WAIT_CALIBRATION
t=14.02s exploration known_area_m2=7.410 frontier_groups=37 reachable_candidates=58 goal=(0.700,-2.100) odom_distance_m=0.762 reason=안전한 Frontier 후보 있음 selection_reason=구역 유지: 현재 목표 유지 goal_reached=N/A planning_failures=N/A
t=14.02s frontier_score cell=(78, 107) goal=(0.7000000000000001, -2.2) gain_m2=5.070 distance_m=2.100 turn_rad=0.213 revisit=0.000 score=1.462 selected=False
t=14.02s frontier_score cell=(78, 106) goal=(0.6000000000000001, -2.2) gain_m2=5.070 distance_m=2.200 turn_rad=0.213 revisit=0.000 score=1.429 selected=False
t=14.02s frontier_score cell=(79, 106) goal=(0.6000000000000001, -2.1) gain_m2=4.920 distance_m=2.100 turn_rad=0.213 revisit=0.000 score=1.397 selected=False
t=14.02s frontier_score cell=(80, 106) goal=(0.6000000000000001, -2.0) gain_m2=4.760 distance_m=2.000 turn_rad=0.213 revisit=0.000 score=1.362 selected=False
t=14.02s frontier_score cell=(81, 106) goal=(0.6000000000000001, -1.9000000000000001) gain_m2=4.580 distance_m=1.900 turn_rad=0.213 revisit=0.000 score=1.318 selected=False
t=14.02s state=MOVING mission=DISABLED front=1.28m pose=(+0.37, -0.44, -77.8deg) goal=(0.7000000000000001, -2.1) detections=2 located=0 targets=0 perception=WAIT_CALIBRATION
t=15.04s exploration known_area_m2=7.530 frontier_groups=40 reachable_candidates=59 goal=(0.700,-2.100) odom_distance_m=0.889 reason=안전한 Frontier 후보 있음 selection_reason=구역 유지: 현재 목표 유지 goal_reached=N/A planning_failures=N/A
t=15.04s frontier_score cell=(78, 107) goal=(0.7000000000000001, -2.2) gain_m2=5.060 distance_m=2.000 turn_rad=0.179 revisit=0.000 score=1.494 selected=False
t=15.04s frontier_score cell=(78, 106) goal=(0.6000000000000001, -2.2) gain_m2=5.060 distance_m=2.100 turn_rad=0.179 revisit=0.000 score=1.461 selected=False
t=15.04s frontier_score cell=(78, 108) goal=(0.8, -2.2) gain_m2=5.060 distance_m=2.100 turn_rad=0.179 revisit=0.000 score=1.461 selected=False
t=15.04s frontier_score cell=(79, 106) goal=(0.6000000000000001, -2.1) gain_m2=4.910 distance_m=2.000 turn_rad=0.179 revisit=0.000 score=1.430 selected=False
t=15.04s frontier_score cell=(78, 110) goal=(1.0, -2.2) gain_m2=5.070 distance_m=2.300 turn_rad=0.179 revisit=0.000 score=1.398 selected=False
t=15.04s state=MOVING mission=DISABLED front=1.18m pose=(+0.39, -0.54, -79.8deg) goal=(0.7000000000000001, -2.1) detections=2 located=0 targets=0 perception=WAIT_CALIBRATION
t=15.04s map_saved=C:\Users\woosu\OneDrive\Desktop\hkton\controllers\tb3_teleop\maps\map.png
t=16.00s exploration known_area_m2=7.640 frontier_groups=39 reachable_candidates=59 goal=(0.700,-2.100) odom_distance_m=0.997 reason=안전한 Frontier 후보 있음 selection_reason=구역 유지: 현재 목표 유지 goal_reached=N/A planning_failures=N/A
t=16.00s frontier_score cell=(78, 106) goal=(0.6000000000000001, -2.2) gain_m2=5.010 distance_m=2.000 turn_rad=0.172 revisit=0.000 score=1.473 selected=False
t=16.00s frontier_score cell=(78, 108) goal=(0.8, -2.2) gain_m2=5.010 distance_m=2.000 turn_rad=0.172 revisit=0.000 score=1.473 selected=False
t=16.00s frontier_score cell=(79, 106) goal=(0.6000000000000001, -2.1) gain_m2=4.860 distance_m=1.900 turn_rad=0.172 revisit=0.000 score=1.442 selected=False
t=16.00s frontier_score cell=(78, 109) goal=(0.9, -2.2) gain_m2=5.010 distance_m=2.100 turn_rad=0.172 revisit=0.000 score=1.440 selected=False
t=16.00s frontier_score cell=(78, 110) goal=(1.0, -2.2) gain_m2=5.020 distance_m=2.200 turn_rad=0.172 revisit=0.000 score=1.411 selected=False
t=16.00s state=MOVING mission=DISABLED front=1.08m pose=(+0.41, -0.64, -80.1deg) goal=(0.7000000000000001, -2.1) detections=2 located=0 targets=0 perception=WAIT_CALIBRATION
t=17.02s exploration known_area_m2=7.830 frontier_groups=44 reachable_candidates=53 goal=(0.700,-2.100) odom_distance_m=1.082 reason=안전한 Frontier 후보 있음 selection_reason=구역 유지: 현재 목표 유지 goal_reached=N/A planning_failures=N/A
t=17.02s frontier_score cell=(78, 106) goal=(0.6000000000000001, -2.2) gain_m2=4.900 distance_m=1.900 turn_rad=0.168 revisit=0.000 score=1.460 selected=False
t=17.02s frontier_score cell=(79, 106) goal=(0.6000000000000001, -2.1) gain_m2=4.750 distance_m=1.800 turn_rad=0.168 revisit=0.000 score=1.428 selected=False
t=17.02s frontier_score cell=(78, 109) goal=(0.9, -2.2) gain_m2=4.900 distance_m=2.000 turn_rad=0.168 revisit=0.000 score=1.426 selected=False
t=17.02s frontier_score cell=(80, 106) goal=(0.6000000000000001, -2.0) gain_m2=4.580 distance_m=1.700 turn_rad=0.168 revisit=0.000 score=1.389 selected=False
t=17.02s frontier_score cell=(85, 99) goal=(-0.1, -1.5) gain_m2=4.200 distance_m=1.300 turn_rad=0.168 revisit=0.000 score=1.358 selected=False
t=17.02s state=MOVING mission=DISABLED front=1.00m pose=(+0.41, -0.72, -80.3deg) goal=(0.7000000000000001, -2.1) detections=2 located=0 targets=0 perception=WAIT_CALIBRATION
t=18.05s exploration known_area_m2=8.080 frontier_groups=39 reachable_candidates=51 goal=(0.700,-2.100) odom_distance_m=1.204 reason=안전한 Frontier 후보 있음 selection_reason=구역 유지: 현재 목표 유지 goal_reached=N/A planning_failures=N/A
t=18.05s frontier_score cell=(78, 106) goal=(0.6000000000000001, -2.2) gain_m2=4.740 distance_m=1.800 turn_rad=0.201 revisit=0.000 score=1.421 selected=False
t=18.05s frontier_score cell=(79, 106) goal=(0.6000000000000001, -2.1) gain_m2=4.590 distance_m=1.700 turn_rad=0.201 revisit=0.000 score=1.390 selected=False
t=18.05s frontier_score cell=(80, 105) goal=(0.5, -2.0) gain_m2=4.430 distance_m=1.700 turn_rad=0.201 revisit=0.000 score=1.321 selected=False
t=18.05s frontier_score cell=(86, 99) goal=(-0.1, -1.4000000000000001) gain_m2=3.930 distance_m=1.100 turn_rad=0.201 revisit=0.000 score=1.306 selected=False
t=18.05s frontier_score cell=(81, 105) goal=(0.5, -1.9000000000000001) gain_m2=4.250 distance_m=1.600 turn_rad=0.201 revisit=0.000 score=1.277 selected=False
t=18.05s state=MOVING mission=DISABLED front=0.91m pose=(+0.43, -0.81, -78.5deg) goal=(0.7000000000000001, -2.1) detections=2 located=0 targets=0 perception=WAIT_CALIBRATION
t=19.01s exploration known_area_m2=8.560 frontier_groups=36 reachable_candidates=46 goal=(0.700,-2.100) odom_distance_m=1.290 reason=안전한 Frontier 후보 있음 selection_reason=구역 유지: 현재 목표 유지 goal_reached=N/A planning_failures=N/A
t=19.01s frontier_score cell=(78, 106) goal=(0.6000000000000001, -2.2) gain_m2=4.660 distance_m=1.700 turn_rad=0.234 revisit=0.000 score=1.417 selected=False
t=19.01s frontier_score cell=(79, 105) goal=(0.5, -2.1) gain_m2=4.510 distance_m=1.700 turn_rad=0.234 revisit=0.000 score=1.352 selected=False
t=19.01s frontier_score cell=(80, 105) goal=(0.5, -2.0) gain_m2=4.350 distance_m=1.600 turn_rad=0.234 revisit=0.000 score=1.317 selected=False
t=19.01s frontier_score cell=(81, 105) goal=(0.5, -1.9000000000000001) gain_m2=4.160 distance_m=1.500 turn_rad=0.234 revisit=0.000 score=1.268 selected=False
t=19.01s frontier_score cell=(88, 100) goal=(0.0, -1.2000000000000002) gain_m2=3.370 distance_m=0.900 turn_rad=0.234 revisit=0.000 score=1.128 selected=False
t=19.01s state=MOVING mission=DISABLED front=0.82m pose=(+0.45, -0.90, -76.6deg) goal=(0.7000000000000001, -2.1) detections=0 located=0 targets=0 perception=WAIT_CALIBRATION
t=20.03s exploration known_area_m2=9.040 frontier_groups=47 reachable_candidates=79 goal=(0.700,-2.100) odom_distance_m=1.380 reason=안전한 Frontier 후보 있음 selection_reason=구역 유지: 현재 목표 유지 goal_reached=N/A planning_failures=N/A
t=20.03s frontier_score cell=(84, 130) goal=(3.0, -1.6) gain_m2=5.940 distance_m=3.100 turn_rad=0.268 revisit=0.000 score=1.498 selected=False
t=20.03s frontier_score cell=(84, 129) goal=(2.9000000000000004, -1.6) gain_m2=5.840 distance_m=3.000 turn_rad=0.268 revisit=0.000 score=1.488 selected=False
t=20.03s frontier_score cell=(83, 131) goal=(3.1, -1.7000000000000002) gain_m2=6.070 distance_m=3.300 turn_rad=0.268 revisit=0.000 score=1.487 selected=False
t=20.03s frontier_score cell=(83, 132) goal=(3.2, -1.7000000000000002) gain_m2=6.130 distance_m=3.400 turn_rad=0.268 revisit=0.000 score=1.480 selected=False
t=20.03s frontier_score cell=(83, 133) goal=(3.3000000000000003, -1.7000000000000002) gain_m2=6.180 distance_m=3.500 turn_rad=0.268 revisit=0.000 score=1.468 selected=False
t=20.03s state=MOVING mission=DISABLED front=0.74m pose=(+0.47, -0.98, -74.7deg) goal=(0.7000000000000001, -2.1) detections=0 located=0 targets=0 perception=WAIT_CALIBRATION
t=20.03s map_saved=C:\Users\woosu\OneDrive\Desktop\hkton\controllers\tb3_teleop\maps\map.png
t=21.06s exploration known_area_m2=9.600 frontier_groups=43 reachable_candidates=74 goal=(0.700,-2.100) odom_distance_m=1.472 reason=안전한 Frontier 후보 있음 selection_reason=구역 유지: 현재 목표 유지 goal_reached=N/A planning_failures=N/A
t=21.06s frontier_score cell=(78, 105) goal=(0.5, -2.2) gain_m2=4.560 distance_m=1.500 turn_rad=0.299 revisit=0.000 score=1.434 selected=False
t=21.06s frontier_score cell=(86, 133) goal=(3.3000000000000003, -1.4000000000000001) gain_m2=5.730 distance_m=3.100 turn_rad=0.299 revisit=0.000 score=1.404 selected=False
t=21.06s frontier_score cell=(86, 132) goal=(3.2, -1.4000000000000001) gain_m2=5.650 distance_m=3.000 turn_rad=0.299 revisit=0.000 score=1.403 selected=False
t=21.06s frontier_score cell=(86, 134) goal=(3.4000000000000004, -1.4000000000000001) gain_m2=5.790 distance_m=3.200 turn_rad=0.299 revisit=0.000 score=1.397 selected=False
t=21.06s frontier_score cell=(86, 131) goal=(3.1, -1.4000000000000001) gain_m2=5.550 distance_m=2.900 turn_rad=0.299 revisit=0.000 score=1.394 selected=False
t=21.06s state=MOVING mission=DISABLED front=1.29m pose=(+0.50, -1.07, -72.9deg) goal=(0.7000000000000001, -2.1) detections=0 located=0 targets=0 perception=WAIT_CALIBRATION
t=22.02s exploration known_area_m2=9.900 frontier_groups=51 reachable_candidates=76 goal=(0.700,-2.100) odom_distance_m=1.565 reason=안전한 Frontier 후보 있음 selection_reason=구역 유지: 현재 목표 유지 goal_reached=N/A planning_failures=N/A
t=22.02s frontier_score cell=(78, 105) goal=(0.5, -2.2) gain_m2=4.560 distance_m=1.400 turn_rad=0.323 revisit=0.000 score=1.465 selected=False
t=22.02s frontier_score cell=(79, 105) goal=(0.5, -2.1) gain_m2=4.370 distance_m=1.300 turn_rad=0.323 revisit=0.000 score=1.417 selected=False
t=22.02s frontier_score cell=(80, 105) goal=(0.5, -2.0) gain_m2=4.190 distance_m=1.200 turn_rad=0.323 revisit=0.000 score=1.373 selected=False
t=22.02s frontier_score cell=(81, 105) goal=(0.5, -1.9000000000000001) gain_m2=3.980 distance_m=1.100 turn_rad=0.323 revisit=0.000 score=1.316 selected=False
t=22.02s frontier_score cell=(88, 134) goal=(3.4000000000000004, -1.2000000000000002) gain_m2=5.510 distance_m=3.100 turn_rad=0.323 revisit=0.000 score=1.307 selected=False
t=22.02s state=MOVING mission=DISABLED front=1.20m pose=(+0.52, -1.15, -71.5deg) goal=(0.7000000000000001, -2.1) detections=0 located=0 targets=0 perception=WAIT_CALIBRATION
t=23.04s exploration known_area_m2=9.860 frontier_groups=44 reachable_candidates=77 goal=(0.700,-2.100) odom_distance_m=1.670 reason=안전한 Frontier 후보 있음 selection_reason=구역 유지: 현재 목표 유지 goal_reached=N/A planning_failures=N/A
t=23.04s frontier_score cell=(78, 105) goal=(0.5, -2.2) gain_m2=4.610 distance_m=1.200 turn_rad=0.344 revisit=0.000 score=1.551 selected=False
t=23.04s frontier_score cell=(79, 105) goal=(0.5, -2.1) gain_m2=4.430 distance_m=1.100 turn_rad=0.344 revisit=0.000 score=1.507 selected=False
t=23.04s frontier_score cell=(80, 105) goal=(0.5, -2.0) gain_m2=4.250 distance_m=1.000 turn_rad=0.344 revisit=0.000 score=1.463 selected=False
t=23.04s frontier_score cell=(81, 105) goal=(0.5, -1.9000000000000001) gain_m2=4.050 distance_m=0.900 turn_rad=0.344 revisit=0.000 score=1.410 selected=False
t=23.04s frontier_score cell=(88, 134) goal=(3.4000000000000004, -1.2000000000000002) gain_m2=5.490 distance_m=2.900 turn_rad=1.227 revisit=0.000 score=1.279 selected=False
t=23.04s state=MOVING mission=DISABLED front=1.11m pose=(+0.56, -1.25, -70.3deg) goal=(0.7000000000000001, -2.1) detections=3 located=0 targets=0 perception=WAIT_CALIBRATION
t=24.00s exploration known_area_m2=9.900 frontier_groups=43 reachable_candidates=74 goal=(0.700,-2.100) odom_distance_m=1.787 reason=안전한 Frontier 후보 있음 selection_reason=구역 유지: 현재 목표 유지 goal_reached=N/A planning_failures=N/A
t=24.00s frontier_score cell=(78, 105) goal=(0.5, -2.2) gain_m2=4.580 distance_m=1.100 turn_rad=0.333 revisit=0.000 score=1.573 selected=False
t=24.00s frontier_score cell=(79, 105) goal=(0.5, -2.1) gain_m2=4.400 distance_m=1.000 turn_rad=0.333 revisit=0.000 score=1.529 selected=False
t=24.00s frontier_score cell=(80, 105) goal=(0.5, -2.0) gain_m2=4.210 distance_m=0.900 turn_rad=0.333 revisit=0.000 score=1.480 selected=False
t=24.00s frontier_score cell=(81, 105) goal=(0.5, -1.9000000000000001) gain_m2=4.010 distance_m=0.800 turn_rad=0.333 revisit=0.000 score=1.427 selected=False
t=24.00s frontier_score cell=(80, 112) goal=(1.2000000000000002, -2.0) gain_m2=3.900 distance_m=1.200 turn_rad=0.333 revisit=0.000 score=1.247 selected=False
t=24.00s state=MOVING mission=DISABLED front=1.01m pose=(+0.59, -1.35, -70.9deg) goal=(0.7000000000000001, -2.1) detections=0 located=0 targets=0 perception=WAIT_CALIBRATION
t=25.02s exploration known_area_m2=10.040 frontier_groups=45 reachable_candidates=62 goal=(0.700,-2.100) odom_distance_m=1.881 reason=안전한 Frontier 후보 있음 selection_reason=구역 유지: 현재 목표 유지 goal_reached=N/A planning_failures=N/A
t=25.02s frontier_score cell=(78, 105) goal=(0.5, -2.2) gain_m2=4.560 distance_m=1.100 turn_rad=0.298 revisit=0.000 score=1.568 selected=False
t=25.02s frontier_score cell=(79, 105) goal=(0.5, -2.1) gain_m2=4.370 distance_m=1.000 turn_rad=0.298 revisit=0.000 score=1.519 selected=False
t=25.02s frontier_score cell=(80, 105) goal=(0.5, -2.0) gain_m2=4.180 distance_m=0.900 turn_rad=0.298 revisit=0.000 score=1.471 selected=False
t=25.02s frontier_score cell=(81, 105) goal=(0.5, -1.9000000000000001) gain_m2=3.970 distance_m=0.800 turn_rad=0.298 revisit=0.000 score=1.414 selected=False
t=25.02s frontier_score cell=(82, 106) goal=(0.6000000000000001, -1.8) gain_m2=3.680 distance_m=0.600 turn_rad=0.298 revisit=0.000 score=1.356 selected=False
t=25.02s state=MOVING mission=DISABLED front=0.91m pose=(+0.62, -1.44, -72.9deg) goal=(0.7000000000000001, -2.1) detections=0 located=0 targets=0 perception=WAIT_CALIBRATION
t=25.02s map_saved=C:\Users\woosu\OneDrive\Desktop\hkton\controllers\tb3_teleop\maps\map.png
t=26.05s exploration known_area_m2=10.100 frontier_groups=40 reachable_candidates=54 goal=(0.700,-2.100) odom_distance_m=1.969 reason=안전한 Frontier 후보 있음 selection_reason=구역 유지: 현재 목표 유지 goal_reached=N/A planning_failures=N/A
t=26.05s frontier_score cell=(78, 105) goal=(0.5, -2.2) gain_m2=4.580 distance_m=1.000 turn_rad=0.253 revisit=0.000 score=1.614 selected=False
t=26.05s frontier_score cell=(79, 106) goal=(0.6000000000000001, -2.1) gain_m2=4.330 distance_m=0.800 turn_rad=0.253 revisit=0.000 score=1.573 selected=False
t=26.05s frontier_score cell=(80, 106) goal=(0.6000000000000001, -2.0) gain_m2=4.130 distance_m=0.700 turn_rad=0.253 revisit=0.000 score=1.520 selected=False
t=26.05s frontier_score cell=(81, 106) goal=(0.6000000000000001, -1.9000000000000001) gain_m2=3.910 distance_m=0.600 turn_rad=0.253 revisit=0.000 score=1.459 selected=False
t=26.05s frontier_score cell=(82, 106) goal=(0.6000000000000001, -1.8) gain_m2=3.700 distance_m=0.500 turn_rad=0.253 revisit=0.000 score=1.402 selected=False
t=26.05s state=MOVING mission=DISABLED front=0.83m pose=(+0.65, -1.52, -75.5deg) goal=(0.7000000000000001, -2.1) detections=0 located=0 targets=0 perception=WAIT_CALIBRATION
t=27.01s exploration known_area_m2=10.110 frontier_groups=41 reachable_candidates=51 goal=(0.700,-2.100) odom_distance_m=2.047 reason=안전한 Frontier 후보 있음 selection_reason=구역 유지: 현재 목표 유지 goal_reached=N/A planning_failures=N/A
t=27.01s frontier_score cell=(78, 106) goal=(0.6000000000000001, -2.2) gain_m2=4.520 distance_m=0.700 turn_rad=0.209 revisit=0.000 score=1.692 selected=False
t=27.01s frontier_score cell=(79, 106) goal=(0.6000000000000001, -2.1) gain_m2=4.330 distance_m=0.600 turn_rad=0.209 revisit=0.000 score=1.644 selected=False
t=27.01s frontier_score cell=(78, 112) goal=(1.2000000000000002, -2.2) gain_m2=4.320 distance_m=1.100 turn_rad=0.209 revisit=0.000 score=1.473 selected=False
t=27.01s frontier_score cell=(81, 130) goal=(3.0, -1.9000000000000001) gain_m2=5.200 distance_m=3.200 turn_rad=1.362 revisit=0.000 score=1.041 selected=False
t=27.01s frontier_score cell=(80, 131) goal=(3.1, -2.0) gain_m2=5.350 distance_m=3.400 turn_rad=1.362 revisit=0.000 score=1.039 selected=False
t=27.01s state=MOVING mission=DISABLED front=0.76m pose=(+0.66, -1.60, -78.0deg) goal=(0.7000000000000001, -2.1) detections=1 located=0 targets=0 perception=WAIT_CALIBRATION
t=27.90s goal_change=(0.7000000000000001, -2.1)->(3.1, -2.0) reason=호출자가 목표를 변경함
t=28.03s exploration known_area_m2=10.140 frontier_groups=39 reachable_candidates=48 goal=(3.100,-2.000) odom_distance_m=2.116 reason=안전한 Frontier 후보 있음 selection_reason=구역 유지: 현재 목표 유지 goal_reached=N/A planning_failures=N/A
t=28.03s frontier_score cell=(80, 131) goal=(3.1, -2.0) gain_m2=5.350 distance_m=3.500 turn_rad=1.380 revisit=0.000 score=1.004 selected=True
t=28.03s frontier_score cell=(81, 130) goal=(3.0, -1.9000000000000001) gain_m2=5.190 distance_m=3.300 turn_rad=1.380 revisit=0.000 score=1.002 selected=False
t=28.03s frontier_score cell=(80, 132) goal=(3.2, -2.0) gain_m2=5.420 distance_m=3.600 turn_rad=1.380 revisit=0.000 score=1.001 selected=False
t=28.03s frontier_score cell=(81, 129) goal=(2.9000000000000004, -1.9000000000000001) gain_m2=5.100 distance_m=3.200 turn_rad=1.380 revisit=0.000 score=0.997 selected=False
t=28.03s frontier_score cell=(79, 133) goal=(3.3000000000000003, -2.1) gain_m2=5.520 distance_m=3.800 turn_rad=1.380 revisit=0.000 score=0.977 selected=False
t=28.03s state=MOVING mission=DISABLED front=0.69m pose=(+0.68, -1.67, -79.1deg) goal=(3.1, -2.0) detections=0 located=0 targets=0 perception=WAIT_CALIBRATION
t=29.06s exploration known_area_m2=10.170 frontier_groups=37 reachable_candidates=48 goal=(3.100,-2.000) odom_distance_m=2.157 reason=안전한 Frontier 후보 있음 selection_reason=구역 유지: 현재 목표 유지 goal_reached=N/A planning_failures=N/A
t=29.06s frontier_score cell=(80, 131) goal=(3.1, -2.0) gain_m2=5.340 distance_m=3.500 turn_rad=1.210 revisit=0.000 score=1.016 selected=True
t=29.06s frontier_score cell=(81, 130) goal=(3.0, -1.9000000000000001) gain_m2=5.180 distance_m=3.300 turn_rad=1.210 revisit=0.000 score=1.014 selected=False
t=29.06s frontier_score cell=(80, 132) goal=(3.2, -2.0) gain_m2=5.410 distance_m=3.600 turn_rad=1.210 revisit=0.000 score=1.013 selected=False
t=29.06s frontier_score cell=(81, 129) goal=(2.9000000000000004, -1.9000000000000001) gain_m2=5.090 distance_m=3.200 turn_rad=1.210 revisit=0.000 score=1.009 selected=False
t=29.06s frontier_score cell=(79, 133) goal=(3.3000000000000003, -2.1) gain_m2=5.510 distance_m=3.800 turn_rad=1.210 revisit=0.000 score=0.989 selected=False
t=29.06s state=MOVING mission=DISABLED front=0.66m pose=(+0.69, -1.71, -69.3deg) goal=(3.1, -2.0) detections=0 located=0 targets=0 perception=WAIT_CALIBRATION
t=30.02s exploration known_area_m2=10.170 frontier_groups=37 reachable_candidates=48 goal=(3.100,-2.000) odom_distance_m=2.227 reason=안전한 Frontier 후보 있음 selection_reason=구역 유지: 현재 목표 유지 goal_reached=N/A planning_failures=N/A
t=30.02s frontier_score cell=(80, 131) goal=(3.1, -2.0) gain_m2=5.340 distance_m=3.500 turn_rad=1.051 revisit=0.000 score=1.031 selected=True
t=30.02s frontier_score cell=(81, 130) goal=(3.0, -1.9000000000000001) gain_m2=5.180 distance_m=3.300 turn_rad=1.051 revisit=0.000 score=1.029 selected=False
t=30.02s frontier_score cell=(80, 132) goal=(3.2, -2.0) gain_m2=5.410 distance_m=3.600 turn_rad=1.051 revisit=0.000 score=1.028 selected=False
t=30.02s frontier_score cell=(81, 129) goal=(2.9000000000000004, -1.9000000000000001) gain_m2=5.080 distance_m=3.200 turn_rad=1.051 revisit=0.000 score=1.020 selected=False
t=30.02s frontier_score cell=(79, 133) goal=(3.3000000000000003, -2.1) gain_m2=5.510 distance_m=3.800 turn_rad=1.051 revisit=0.000 score=1.005 selected=False
t=30.02s state=MOVING mission=DISABLED front=0.65m pose=(+0.70, -1.74, -60.2deg) goal=(3.1, -2.0) detections=0 located=0 targets=0 perception=WAIT_CALIBRATION
t=30.02s map_saved=C:\Users\woosu\OneDrive\Desktop\hkton\controllers\tb3_teleop\maps\map.png
t=31.04s exploration known_area_m2=10.190 frontier_groups=38 reachable_candidates=49 goal=(3.100,-2.000) odom_distance_m=2.268 reason=안전한 Frontier 후보 있음 selection_reason=구역 유지: 현재 목표 유지 goal_reached=N/A planning_failures=N/A
t=31.04s frontier_score cell=(80, 131) goal=(3.1, -2.0) gain_m2=5.340 distance_m=3.400 turn_rad=0.882 revisit=0.000 score=1.081 selected=True
t=31.04s frontier_score cell=(81, 130) goal=(3.0, -1.9000000000000001) gain_m2=5.180 distance_m=3.200 turn_rad=0.882 revisit=0.000 score=1.079 selected=False
t=31.04s frontier_score cell=(80, 132) goal=(3.2, -2.0) gain_m2=5.410 distance_m=3.500 turn_rad=0.882 revisit=0.000 score=1.078 selected=False
t=31.04s frontier_score cell=(81, 129) goal=(2.9000000000000004, -1.9000000000000001) gain_m2=5.080 distance_m=3.100 turn_rad=0.882 revisit=0.000 score=1.069 selected=False
t=31.04s frontier_score cell=(79, 133) goal=(3.3000000000000003, -2.1) gain_m2=5.510 distance_m=3.700 turn_rad=0.882 revisit=0.000 score=1.054 selected=False
t=31.04s state=MOVING mission=DISABLED front=0.65m pose=(+0.73, -1.78, -50.5deg) goal=(3.1, -2.0) detections=0 located=0 targets=0 perception=WAIT_CALIBRATION
t=32.00s exploration known_area_m2=10.140 frontier_groups=48 reachable_candidates=54 goal=(3.100,-2.000) odom_distance_m=2.354 reason=안전한 Frontier 후보 있음 selection_reason=구역 유지: 현재 목표 유지 goal_reached=N/A planning_failures=N/A
t=32.00s frontier_score cell=(80, 131) goal=(3.1, -2.0) gain_m2=5.340 distance_m=3.300 turn_rad=0.724 revisit=0.000 score=1.129 selected=True
t=32.00s frontier_score cell=(81, 130) goal=(3.0, -1.9000000000000001) gain_m2=5.180 distance_m=3.100 turn_rad=0.724 revisit=0.000 score=1.127 selected=False
t=32.00s frontier_score cell=(80, 132) goal=(3.2, -2.0) gain_m2=5.410 distance_m=3.400 turn_rad=0.724 revisit=0.000 score=1.126 selected=False
t=32.00s frontier_score cell=(81, 129) goal=(2.9000000000000004, -1.9000000000000001) gain_m2=5.080 distance_m=3.000 turn_rad=0.724 revisit=0.000 score=1.117 selected=False
t=32.00s frontier_score cell=(79, 133) goal=(3.3000000000000003, -2.1) gain_m2=5.510 distance_m=3.600 turn_rad=0.724 revisit=0.000 score=1.102 selected=False
t=32.00s state=MOVING mission=DISABLED front=0.67m pose=(+0.75, -1.80, -41.5deg) goal=(3.1, -2.0) detections=0 located=0 targets=0 perception=WAIT_CALIBRATION
t=33.02s exploration known_area_m2=10.130 frontier_groups=48 reachable_candidates=57 goal=(3.100,-2.000) odom_distance_m=2.448 reason=안전한 Frontier 후보 있음 selection_reason=구역 유지: 현재 목표 유지 goal_reached=N/A planning_failures=N/A
t=33.02s frontier_score cell=(80, 131) goal=(3.1, -2.0) gain_m2=5.340 distance_m=3.300 turn_rad=0.557 revisit=0.000 score=1.145 selected=True
t=33.02s frontier_score cell=(81, 130) goal=(3.0, -1.9000000000000001) gain_m2=5.180 distance_m=3.100 turn_rad=0.557 revisit=0.000 score=1.143 selected=False
t=33.02s frontier_score cell=(80, 132) goal=(3.2, -2.0) gain_m2=5.410 distance_m=3.400 turn_rad=0.557 revisit=0.000 score=1.142 selected=False
t=33.02s frontier_score cell=(81, 129) goal=(2.9000000000000004, -1.9000000000000001) gain_m2=5.080 distance_m=3.000 turn_rad=0.557 revisit=0.000 score=1.133 selected=False
t=33.02s frontier_score cell=(79, 133) goal=(3.3000000000000003, -2.1) gain_m2=5.510 distance_m=3.600 turn_rad=0.557 revisit=0.000 score=1.118 selected=False
t=33.02s state=MOVING mission=DISABLED front=0.59m pose=(+0.79, -1.83, -31.9deg) goal=(3.1, -2.0) detections=0 located=0 targets=0 perception=WAIT_CALIBRATION
t=34.05s exploration known_area_m2=10.120 frontier_groups=48 reachable_candidates=54 goal=(3.100,-2.000) odom_distance_m=2.550 reason=안전한 Frontier 후보 있음 selection_reason=구역 유지: 현재 목표 유지 goal_reached=N/A planning_failures=N/A
t=34.05s frontier_score cell=(78, 107) goal=(0.7000000000000001, -2.2) gain_m2=4.480 distance_m=0.500 turn_rad=1.174 revisit=0.000 score=1.649 selected=False
t=34.05s frontier_score cell=(78, 112) goal=(1.2000000000000002, -2.2) gain_m2=4.350 distance_m=0.800 turn_rad=0.396 revisit=0.000 score=1.568 selected=False
t=34.05s frontier_score cell=(82, 112) goal=(1.2000000000000002, -1.8) gain_m2=3.360 distance_m=0.400 turn_rad=0.396 revisit=0.000 score=1.275 selected=False
t=34.05s frontier_score cell=(80, 131) goal=(3.1, -2.0) gain_m2=5.340 distance_m=3.300 turn_rad=0.396 revisit=0.000 score=1.161 selected=True
t=34.05s frontier_score cell=(81, 130) goal=(3.0, -1.9000000000000001) gain_m2=5.180 distance_m=3.100 turn_rad=0.396 revisit=0.000 score=1.158 selected=False
t=34.05s state=MOVING mission=DISABLED front=0.55m pose=(+0.82, -1.85, -22.7deg) goal=(3.1, -2.0) detections=0 located=0 targets=0 perception=WAIT_CALIBRATION
t=35.01s exploration known_area_m2=10.140 frontier_groups=43 reachable_candidates=53 goal=(3.100,-2.000) odom_distance_m=2.588 reason=안전한 Frontier 후보 있음 selection_reason=구역 유지: 현재 목표 유지 goal_reached=N/A planning_failures=N/A
t=35.01s frontier_score cell=(78, 108) goal=(0.8, -2.2) gain_m2=4.400 distance_m=0.400 turn_rad=1.319 revisit=0.000 score=1.635 selected=False
t=35.01s frontier_score cell=(78, 107) goal=(0.7000000000000001, -2.2) gain_m2=4.450 distance_m=0.500 turn_rad=1.319 revisit=0.000 score=1.623 selected=False
t=35.01s frontier_score cell=(79, 112) goal=(1.2000000000000002, -2.1) gain_m2=4.070 distance_m=0.500 turn_rad=0.252 revisit=0.000 score=1.561 selected=False
t=35.01s frontier_score cell=(80, 112) goal=(1.2000000000000002, -2.0) gain_m2=3.830 distance_m=0.400 turn_rad=0.252 revisit=0.000 score=1.491 selected=False
t=35.01s frontier_score cell=(81, 112) goal=(1.2000000000000002, -1.9000000000000001) gain_m2=3.580 distance_m=0.300 turn_rad=0.252 revisit=0.000 score=1.417 selected=False
t=35.01s frontier_score cell=(80, 131) goal=(3.1, -2.0) gain_m2=5.340 distance_m=3.500 turn_rad=0.252 revisit=0.000 score=1.108 selected=True
t=35.01s state=MOVING mission=DISABLED front=0.51m pose=(+0.86, -1.86, -14.4deg) goal=(3.1, -2.0) detections=0 located=0 targets=0 perception=WAIT_CALIBRATION
t=35.01s map_saved=C:\Users\woosu\OneDrive\Desktop\hkton\controllers\tb3_teleop\maps\map.png
t=36.03s exploration known_area_m2=10.140 frontier_groups=47 reachable_candidates=52 goal=(3.100,-2.000) odom_distance_m=2.685 reason=안전한 Frontier 후보 있음 selection_reason=구역 유지: 현재 목표 유지 goal_reached=N/A planning_failures=N/A
t=36.03s frontier_score cell=(78, 109) goal=(0.9, -2.2) gain_m2=4.330 distance_m=0.300 turn_rad=1.464 revisit=0.000 score=1.624 selected=False
t=36.03s frontier_score cell=(80, 112) goal=(1.2000000000000002, -2.0) gain_m2=3.800 distance_m=0.400 turn_rad=0.106 revisit=0.000 score=1.492 selected=False
t=36.03s frontier_score cell=(80, 131) goal=(3.1, -2.0) gain_m2=5.340 distance_m=3.500 turn_rad=0.106 revisit=0.000 score=1.122 selected=True
t=36.03s frontier_score cell=(81, 130) goal=(3.0, -1.9000000000000001) gain_m2=5.180 distance_m=3.300 turn_rad=0.106 revisit=0.000 score=1.119 selected=False
t=36.03s frontier_score cell=(80, 132) goal=(3.2, -2.0) gain_m2=5.410 distance_m=3.600 turn_rad=0.106 revisit=0.000 score=1.118 selected=False
t=36.03s state=MOVING mission=DISABLED front=0.47m pose=(+0.90, -1.87, -6.1deg) goal=(3.1, -2.0) detections=0 located=0 targets=0 perception=WAIT_CALIBRATION
t=37.06s exploration known_area_m2=10.120 frontier_groups=46 reachable_candidates=53 goal=(3.100,-2.000) odom_distance_m=2.778 reason=안전한 Frontier 후보 있음 selection_reason=구역 유지: 현재 목표 유지 goal_reached=N/A planning_failures=N/A
t=37.06s frontier_score cell=(78, 109) goal=(0.9, -2.2) gain_m2=4.330 distance_m=0.300 turn_rad=1.738 revisit=0.000 score=1.598 selected=False
t=37.06s frontier_score cell=(80, 131) goal=(3.1, -2.0) gain_m2=5.340 distance_m=3.500 turn_rad=0.167 revisit=0.000 score=1.116 selected=True
t=37.06s frontier_score cell=(81, 130) goal=(3.0, -1.9000000000000001) gain_m2=5.180 distance_m=3.300 turn_rad=0.167 revisit=0.000 score=1.114 selected=False
t=37.06s frontier_score cell=(80, 132) goal=(3.2, -2.0) gain_m2=5.410 distance_m=3.600 turn_rad=0.167 revisit=0.000 score=1.113 selected=False
t=37.06s frontier_score cell=(81, 129) goal=(2.9000000000000004, -1.9000000000000001) gain_m2=5.080 distance_m=3.200 turn_rad=0.167 revisit=0.000 score=1.104 selected=False
t=37.06s state=MOVING mission=DISABLED front=0.42m pose=(+0.94, -1.87, +9.6deg) goal=(3.1, -2.0) detections=0 located=0 targets=0 perception=WAIT_CALIBRATION
t=38.02s exploration known_area_m2=10.100 frontier_groups=45 reachable_candidates=59 goal=(3.100,-2.000) odom_distance_m=2.938 reason=안전한 Frontier 후보 있음 selection_reason=구역 유지: 현재 목표 유지 goal_reached=N/A planning_failures=N/A
t=38.02s frontier_score cell=(78, 110) goal=(1.0, -2.2) gain_m2=4.330 distance_m=0.300 turn_rad=2.098 revisit=0.000 score=1.563 selected=False
t=38.02s frontier_score cell=(80, 131) goal=(3.1, -2.0) gain_m2=5.340 distance_m=3.400 turn_rad=0.527 revisit=0.000 score=1.115 selected=True
t=38.02s frontier_score cell=(81, 130) goal=(3.0, -1.9000000000000001) gain_m2=5.180 distance_m=3.200 turn_rad=0.527 revisit=0.000 score=1.113 selected=False
t=38.02s frontier_score cell=(80, 132) goal=(3.2, -2.0) gain_m2=5.410 distance_m=3.500 turn_rad=0.527 revisit=0.000 score=1.112 selected=False
t=38.02s frontier_score cell=(81, 129) goal=(2.9000000000000004, -1.9000000000000001) gain_m2=5.080 distance_m=3.100 turn_rad=0.527 revisit=0.000 score=1.103 selected=False
t=38.02s state=MOVING mission=DISABLED front=0.41m pose=(+0.98, -1.85, +30.2deg) goal=(3.1, -2.0) detections=0 located=0 targets=0 perception=WAIT_CALIBRATION
t=39.04s exploration known_area_m2=10.110 frontier_groups=46 reachable_candidates=59 goal=(3.100,-2.000) odom_distance_m=3.043 reason=안전한 Frontier 후보 있음 selection_reason=구역 유지: 현재 목표 유지 goal_reached=N/A planning_failures=N/A
t=39.04s frontier_score cell=(78, 111) goal=(1.1, -2.2) gain_m2=4.310 distance_m=0.500 turn_rad=0.888 revisit=0.000 score=1.604 selected=False
t=39.04s frontier_score cell=(78, 112) goal=(1.2000000000000002, -2.2) gain_m2=4.300 distance_m=0.600 turn_rad=0.888 revisit=0.000 score=1.566 selected=False
t=39.04s frontier_score cell=(80, 131) goal=(3.1, -2.0) gain_m2=5.340 distance_m=3.300 turn_rad=0.683 revisit=0.000 score=1.133 selected=True
t=39.04s frontier_score cell=(81, 130) goal=(3.0, -1.9000000000000001) gain_m2=5.180 distance_m=3.100 turn_rad=0.683 revisit=0.000 score=1.131 selected=False
t=39.04s frontier_score cell=(80, 132) goal=(3.2, -2.0) gain_m2=5.410 distance_m=3.400 turn_rad=0.683 revisit=0.000 score=1.130 selected=False
t=39.04s state=MOVING mission=DISABLED front=0.47m pose=(+1.01, -1.83, +50.9deg) goal=(3.1, -2.0) detections=0 located=0 targets=0 perception=WAIT_CALIBRATION
t=40.00s exploration known_area_m2=10.160 frontier_groups=47 reachable_candidates=54 goal=(3.100,-2.000) odom_distance_m=3.180 reason=안전한 Frontier 후보 있음 selection_reason=구역 유지: 현재 목표 유지 goal_reached=N/A planning_failures=N/A
t=40.00s frontier_score cell=(78, 112) goal=(1.2000000000000002, -2.2) gain_m2=4.290 distance_m=0.600 turn_rad=1.008 revisit=0.000 score=1.550 selected=False
t=40.00s frontier_score cell=(80, 112) goal=(1.2000000000000002, -2.0) gain_m2=3.790 distance_m=0.400 turn_rad=1.008 revisit=0.000 score=1.402 selected=False
t=40.00s frontier_score cell=(80, 131) goal=(3.1, -2.0) gain_m2=5.340 distance_m=3.300 turn_rad=0.563 revisit=0.000 score=1.145 selected=True
t=40.00s frontier_score cell=(81, 130) goal=(3.0, -1.9000000000000001) gain_m2=5.180 distance_m=3.100 turn_rad=0.563 revisit=0.000 score=1.142 selected=False
t=40.00s frontier_score cell=(80, 132) goal=(3.2, -2.0) gain_m2=5.410 distance_m=3.400 turn_rad=0.563 revisit=0.000 score=1.141 selected=False
t=40.00s state=MOVING mission=DISABLED front=0.75m pose=(+1.04, -1.77, +57.7deg) goal=(3.1, -2.0) detections=0 located=0 targets=0 perception=WAIT_CALIBRATION
t=40.00s map_saved=C:\Users\woosu\OneDrive\Desktop\hkton\controllers\tb3_teleop\maps\map.png
t=41.02s exploration known_area_m2=10.200 frontier_groups=44 reachable_candidates=52 goal=(3.100,-2.000) odom_distance_m=3.262 reason=안전한 Frontier 후보 있음 selection_reason=구역 유지: 현재 목표 유지 goal_reached=N/A planning_failures=N/A
t=41.02s frontier_score cell=(81, 112) goal=(1.2000000000000002, -1.9000000000000001) gain_m2=3.520 distance_m=0.300 turn_rad=1.036 revisit=0.000 score=1.316 selected=False
t=41.02s frontier_score cell=(80, 131) goal=(3.1, -2.0) gain_m2=5.340 distance_m=3.100 turn_rad=0.534 revisit=0.000 score=1.214 selected=True
t=41.02s frontier_score cell=(81, 130) goal=(3.0, -1.9000000000000001) gain_m2=5.180 distance_m=2.900 turn_rad=0.534 revisit=0.000 score=1.212 selected=False
t=41.02s frontier_score cell=(80, 132) goal=(3.2, -2.0) gain_m2=5.410 distance_m=3.200 turn_rad=0.534 revisit=0.000 score=1.211 selected=False
t=41.02s frontier_score cell=(81, 129) goal=(2.9000000000000004, -1.9000000000000001) gain_m2=5.080 distance_m=2.800 turn_rad=0.534 revisit=0.000 score=1.202 selected=False
t=41.02s state=MOVING mission=DISABLED front=0.67m pose=(+1.09, -1.70, +59.4deg) goal=(3.1, -2.0) detections=0 located=0 targets=0 perception=WAIT_CALIBRATION
t=42.05s exploration known_area_m2=10.190 frontier_groups=44 reachable_candidates=53 goal=(3.100,-2.000) odom_distance_m=3.333 reason=안전한 Frontier 후보 있음 selection_reason=구역 유지: 현재 목표 유지 goal_reached=N/A planning_failures=N/A
t=42.05s frontier_score cell=(79, 112) goal=(1.2000000000000002, -2.1) gain_m2=4.020 distance_m=0.600 turn_rad=2.588 revisit=0.000 score=1.283 selected=False
t=42.05s frontier_score cell=(80, 131) goal=(3.1, -2.0) gain_m2=5.340 distance_m=3.000 turn_rad=0.553 revisit=0.000 score=1.246 selected=True
t=42.05s frontier_score cell=(81, 130) goal=(3.0, -1.9000000000000001) gain_m2=5.180 distance_m=2.800 turn_rad=0.553 revisit=0.000 score=1.243 selected=False
t=42.05s frontier_score cell=(80, 132) goal=(3.2, -2.0) gain_m2=5.410 distance_m=3.100 turn_rad=0.553 revisit=0.000 score=1.242 selected=False
t=42.05s frontier_score cell=(81, 129) goal=(2.9000000000000004, -1.9000000000000001) gain_m2=5.080 distance_m=2.700 turn_rad=0.553 revisit=0.000 score=1.234 selected=False
t=42.05s state=MOVING mission=DISABLED front=0.61m pose=(+1.12, -1.64, +58.3deg) goal=(3.1, -2.0) detections=0 located=0 targets=0 perception=WAIT_CALIBRATION
t=43.01s exploration known_area_m2=10.200 frontier_groups=44 reachable_candidates=53 goal=(3.100,-2.000) odom_distance_m=3.422 reason=안전한 Frontier 후보 있음 selection_reason=구역 유지: 현재 목표 유지 goal_reached=N/A planning_failures=N/A
t=43.01s frontier_score cell=(79, 112) goal=(1.2000000000000002, -2.1) gain_m2=4.020 distance_m=0.600 turn_rad=2.545 revisit=0.000 score=1.287 selected=False
t=43.01s frontier_score cell=(80, 131) goal=(3.1, -2.0) gain_m2=5.340 distance_m=3.000 turn_rad=0.597 revisit=0.000 score=1.241 selected=True
t=43.01s frontier_score cell=(81, 130) goal=(3.0, -1.9000000000000001) gain_m2=5.180 distance_m=2.800 turn_rad=0.597 revisit=0.000 score=1.239 selected=False
t=43.01s frontier_score cell=(80, 132) goal=(3.2, -2.0) gain_m2=5.410 distance_m=3.100 turn_rad=0.597 revisit=0.000 score=1.238 selected=False
t=43.01s frontier_score cell=(81, 129) goal=(2.9000000000000004, -1.9000000000000001) gain_m2=5.080 distance_m=2.700 turn_rad=0.597 revisit=0.000 score=1.229 selected=False
t=43.01s state=MOVING mission=DISABLED front=0.58m pose=(+1.15, -1.60, +55.8deg) goal=(3.1, -2.0) detections=0 located=0 targets=0 perception=WAIT_CALIBRATION
t=44.03s exploration known_area_m2=10.220 frontier_groups=43 reachable_candidates=52 goal=(3.100,-2.000) odom_distance_m=3.456 reason=안전한 Frontier 후보 있음 selection_reason=구역 유지: 현재 목표 유지 goal_reached=N/A planning_failures=N/A
t=44.03s frontier_score cell=(79, 112) goal=(1.2000000000000002, -2.1) gain_m2=4.010 distance_m=0.700 turn_rad=2.205 revisit=0.000 score=1.282 selected=False
t=44.03s frontier_score cell=(80, 131) goal=(3.1, -2.0) gain_m2=5.340 distance_m=2.900 turn_rad=0.634 revisit=0.000 score=1.271 selected=True
t=44.03s frontier_score cell=(81, 130) goal=(3.0, -1.9000000000000001) gain_m2=5.180 distance_m=2.700 turn_rad=0.634 revisit=0.000 score=1.269 selected=False
t=44.03s frontier_score cell=(80, 132) goal=(3.2, -2.0) gain_m2=5.410 distance_m=3.000 turn_rad=0.634 revisit=0.000 score=1.268 selected=False
t=44.03s frontier_score cell=(81, 129) goal=(2.9000000000000004, -1.9000000000000001) gain_m2=5.080 distance_m=2.600 turn_rad=0.634 revisit=0.000 score=1.259 selected=False
t=44.03s state=MOVING mission=DISABLED front=0.55m pose=(+1.17, -1.57, +53.6deg) goal=(3.1, -2.0) detections=0 located=0 targets=0 perception=WAIT_CALIBRATION
t=45.06s exploration known_area_m2=10.230 frontier_groups=43 reachable_candidates=51 goal=(3.100,-2.000) odom_distance_m=3.462 reason=안전한 Frontier 후보 있음 selection_reason=구역 유지: 현재 목표 유지 goal_reached=N/A planning_failures=N/A
t=45.06s frontier_score cell=(80, 131) goal=(3.1, -2.0) gain_m2=5.340 distance_m=2.900 turn_rad=0.473 revisit=0.000 score=1.287 selected=True
t=45.06s frontier_score cell=(81, 130) goal=(3.0, -1.9000000000000001) gain_m2=5.180 distance_m=2.700 turn_rad=0.473 revisit=0.000 score=1.284 selected=False
t=45.06s frontier_score cell=(80, 132) goal=(3.2, -2.0) gain_m2=5.410 distance_m=3.000 turn_rad=0.473 revisit=0.000 score=1.283 selected=False
t=45.06s frontier_score cell=(81, 129) goal=(2.9000000000000004, -1.9000000000000001) gain_m2=5.080 distance_m=2.600 turn_rad=0.473 revisit=0.000 score=1.275 selected=False
t=45.06s frontier_score cell=(79, 133) goal=(3.3000000000000003, -2.1) gain_m2=5.510 distance_m=3.200 turn_rad=0.473 revisit=0.000 score=1.260 selected=False
t=45.06s state=MOVING mission=DISABLED front=0.52m pose=(+1.17, -1.57, +62.9deg) goal=(3.1, -2.0) detections=0 located=0 targets=0 perception=WAIT_CALIBRATION
t=45.06s map_saved=C:\Users\woosu\OneDrive\Desktop\hkton\controllers\tb3_teleop\maps\map.png
t=46.02s exploration known_area_m2=10.230 frontier_groups=43 reachable_candidates=51 goal=(3.100,-2.000) odom_distance_m=3.535 reason=안전한 Frontier 후보 있음 selection_reason=구역 유지: 현재 목표 유지 goal_reached=N/A planning_failures=N/A
t=46.02s frontier_score cell=(80, 131) goal=(3.1, -2.0) gain_m2=5.340 distance_m=2.900 turn_rad=0.295 revisit=0.000 score=1.304 selected=True
t=46.02s frontier_score cell=(81, 130) goal=(3.0, -1.9000000000000001) gain_m2=5.180 distance_m=2.700 turn_rad=0.295 revisit=0.000 score=1.301 selected=False
t=46.02s frontier_score cell=(80, 132) goal=(3.2, -2.0) gain_m2=5.410 distance_m=3.000 turn_rad=0.295 revisit=0.000 score=1.300 selected=False
t=46.02s frontier_score cell=(81, 129) goal=(2.9000000000000004, -1.9000000000000001) gain_m2=5.080 distance_m=2.600 turn_rad=0.295 revisit=0.000 score=1.292 selected=False
t=46.02s frontier_score cell=(79, 133) goal=(3.3000000000000003, -2.1) gain_m2=5.510 distance_m=3.200 turn_rad=0.295 revisit=0.000 score=1.277 selected=False
t=46.02s state=MOVING mission=DISABLED front=0.50m pose=(+1.18, -1.55, +73.1deg) goal=(3.1, -2.0) detections=0 located=0 targets=0 perception=WAIT_CALIBRATION
t=47.04s exploration known_area_m2=10.230 frontier_groups=43 reachable_candidates=50 goal=(3.100,-2.000) odom_distance_m=3.576 reason=안전한 Frontier 후보 있음 selection_reason=구역 유지: 현재 목표 유지 goal_reached=N/A planning_failures=N/A
t=47.04s frontier_score cell=(80, 131) goal=(3.1, -2.0) gain_m2=5.340 distance_m=2.800 turn_rad=0.249 revisit=0.000 score=1.341 selected=True
t=47.04s frontier_score cell=(81, 130) goal=(3.0, -1.9000000000000001) gain_m2=5.180 distance_m=2.600 turn_rad=0.249 revisit=0.000 score=1.339 selected=False
t=47.04s frontier_score cell=(80, 132) goal=(3.2, -2.0) gain_m2=5.410 distance_m=2.900 turn_rad=0.249 revisit=0.000 score=1.338 selected=False
t=47.04s frontier_score cell=(81, 129) goal=(2.9000000000000004, -1.9000000000000001) gain_m2=5.080 distance_m=2.500 turn_rad=0.249 revisit=0.000 score=1.329 selected=False
t=47.04s frontier_score cell=(79, 133) goal=(3.3000000000000003, -2.1) gain_m2=5.510 distance_m=3.100 turn_rad=0.249 revisit=0.000 score=1.314 selected=False
t=47.04s state=MOVING mission=DISABLED front=0.46m pose=(+1.19, -1.51, +75.7deg) goal=(3.1, -2.0) detections=0 located=0 targets=0 perception=WAIT_CALIBRATION
t=48.00s exploration known_area_m2=10.200 frontier_groups=48 reachable_candidates=53 goal=(3.100,-2.000) odom_distance_m=3.612 reason=안전한 Frontier 후보 있음 selection_reason=구역 유지: 현재 목표 유지 goal_reached=N/A planning_failures=N/A
t=48.00s frontier_score cell=(80, 131) goal=(3.1, -2.0) gain_m2=5.340 distance_m=2.800 turn_rad=0.383 revisit=0.000 score=1.329 selected=True
t=48.00s frontier_score cell=(81, 130) goal=(3.0, -1.9000000000000001) gain_m2=5.180 distance_m=2.600 turn_rad=0.383 revisit=0.000 score=1.326 selected=False
t=48.00s frontier_score cell=(80, 132) goal=(3.2, -2.0) gain_m2=5.410 distance_m=2.900 turn_rad=0.383 revisit=0.000 score=1.325 selected=False
t=48.00s frontier_score cell=(81, 129) goal=(2.9000000000000004, -1.9000000000000001) gain_m2=5.080 distance_m=2.500 turn_rad=0.383 revisit=0.000 score=1.317 selected=False
t=48.00s frontier_score cell=(79, 133) goal=(3.3000000000000003, -2.1) gain_m2=5.510 distance_m=3.100 turn_rad=0.383 revisit=0.000 score=1.302 selected=False
t=48.00s state=MOVING mission=DISABLED front=0.43m pose=(+1.20, -1.48, +68.0deg) goal=(3.1, -2.0) detections=0 located=0 targets=0 perception=WAIT_CALIBRATION
t=49.02s exploration known_area_m2=10.240 frontier_groups=47 reachable_candidates=52 goal=(3.100,-2.000) odom_distance_m=3.652 reason=안전한 Frontier 후보 있음 selection_reason=구역 유지: 현재 목표 유지 goal_reached=N/A planning_failures=N/A
t=49.02s frontier_score cell=(80, 131) goal=(3.1, -2.0) gain_m2=5.320 distance_m=2.700 turn_rad=0.528 revisit=0.000 score=1.339 selected=True
t=49.02s frontier_score cell=(81, 130) goal=(3.0, -1.9000000000000001) gain_m2=5.160 distance_m=2.500 turn_rad=0.528 revisit=0.000 score=1.337 selected=False
t=49.02s frontier_score cell=(80, 132) goal=(3.2, -2.0) gain_m2=5.390 distance_m=2.800 turn_rad=0.528 revisit=0.000 score=1.336 selected=False
t=49.02s frontier_score cell=(81, 129) goal=(2.9000000000000004, -1.9000000000000001) gain_m2=5.060 distance_m=2.400 turn_rad=0.528 revisit=0.000 score=1.328 selected=False
t=49.02s frontier_score cell=(79, 133) goal=(3.3000000000000003, -2.1) gain_m2=5.490 distance_m=3.000 turn_rad=0.528 revisit=0.000 score=1.313 selected=False
t=49.02s state=MOVING mission=DISABLED front=0.40m pose=(+1.22, -1.44, +59.8deg) goal=(3.1, -2.0) detections=0 located=0 targets=0 perception=WAIT_CALIBRATION
t=50.05s exploration known_area_m2=10.230 frontier_groups=47 reachable_candidates=51 goal=(3.100,-2.000) odom_distance_m=3.790 reason=안전한 Frontier 후보 있음 selection_reason=구역 유지: 현재 목표 유지 goal_reached=N/A planning_failures=N/A
t=50.05s frontier_score cell=(81, 130) goal=(3.0, -1.9000000000000001) gain_m2=5.170 distance_m=2.500 turn_rad=0.771 revisit=0.000 score=1.318 selected=False
t=50.05s frontier_score cell=(80, 131) goal=(3.1, -2.0) gain_m2=5.320 distance_m=2.700 turn_rad=0.771 revisit=0.000 score=1.316 selected=True
t=50.05s frontier_score cell=(80, 132) goal=(3.2, -2.0) gain_m2=5.390 distance_m=2.800 turn_rad=0.771 revisit=0.000 score=1.313 selected=False
t=50.05s frontier_score cell=(81, 129) goal=(2.9000000000000004, -1.9000000000000001) gain_m2=5.070 distance_m=2.400 turn_rad=0.771 revisit=0.000 score=1.309 selected=False
t=50.05s frontier_score cell=(79, 133) goal=(3.3000000000000003, -2.1) gain_m2=5.490 distance_m=3.000 turn_rad=0.771 revisit=0.000 score=1.289 selected=False
t=50.05s state=MOVING mission=DISABLED front=0.40m pose=(+1.24, -1.41, +44.2deg) goal=(3.1, -2.0) detections=0 located=0 targets=0 perception=WAIT_CALIBRATION
t=50.05s map_saved=C:\Users\woosu\OneDrive\Desktop\hkton\controllers\tb3_teleop\maps\map.png
t=51.01s exploration known_area_m2=10.190 frontier_groups=46 reachable_candidates=54 goal=(3.100,-2.000) odom_distance_m=3.909 reason=안전한 Frontier 후보 있음 selection_reason=구역 유지: 현재 목표 유지 goal_reached=N/A planning_failures=N/A
t=51.01s frontier_score cell=(81, 130) goal=(3.0, -1.9000000000000001) gain_m2=5.180 distance_m=2.400 turn_rad=1.148 revisit=0.000 score=1.320 selected=False
t=51.01s frontier_score cell=(80, 131) goal=(3.1, -2.0) gain_m2=5.330 distance_m=2.600 turn_rad=1.148 revisit=0.000 score=1.318 selected=True
t=51.01s frontier_score cell=(81, 129) goal=(2.9000000000000004, -1.9000000000000001) gain_m2=5.090 distance_m=2.300 turn_rad=1.148 revisit=0.000 score=1.314 selected=False
t=51.01s frontier_score cell=(80, 132) goal=(3.2, -2.0) gain_m2=5.390 distance_m=2.700 turn_rad=1.148 revisit=0.000 score=1.310 selected=False
t=51.01s frontier_score cell=(79, 133) goal=(3.3000000000000003, -2.1) gain_m2=5.490 distance_m=2.900 turn_rad=1.148 revisit=0.000 score=1.287 selected=False
t=51.01s state=MOVING mission=DISABLED front=0.49m pose=(+1.26, -1.40, +24.2deg) goal=(3.1, -2.0) detections=0 located=0 targets=0 perception=WAIT_CALIBRATION
t=52.03s exploration known_area_m2=10.250 frontier_groups=46 reachable_candidates=52 goal=(3.100,-2.000) odom_distance_m=3.948 reason=안전한 Frontier 후보 있음 selection_reason=구역 유지: 현재 목표 유지 goal_reached=N/A planning_failures=N/A
t=52.03s frontier_score cell=(80, 131) goal=(3.1, -2.0) gain_m2=5.310 distance_m=2.600 turn_rad=1.307 revisit=0.000 score=1.294 selected=True
t=52.03s frontier_score cell=(81, 130) goal=(3.0, -1.9000000000000001) gain_m2=5.150 distance_m=2.400 turn_rad=1.307 revisit=0.000 score=1.292 selected=False
t=52.03s frontier_score cell=(80, 132) goal=(3.2, -2.0) gain_m2=5.380 distance_m=2.700 turn_rad=1.307 revisit=0.000 score=1.291 selected=False
t=52.03s frontier_score cell=(81, 129) goal=(2.9000000000000004, -1.9000000000000001) gain_m2=5.050 distance_m=2.300 turn_rad=1.307 revisit=0.000 score=1.282 selected=False
t=52.03s frontier_score cell=(79, 133) goal=(3.3000000000000003, -2.1) gain_m2=5.470 distance_m=2.900 turn_rad=1.307 revisit=0.000 score=1.263 selected=False
t=52.03s state=MOVING mission=DISABLED front=0.59m pose=(+1.26, -1.40, +15.1deg) goal=(3.1, -2.0) detections=0 located=0 targets=0 perception=WAIT_CALIBRATION
t=52.93s goal_change=(3.1, -2.0)->(1.2000000000000002, -2.1) reason=호출자가 목표를 변경함
t=53.06s exploration known_area_m2=10.240 frontier_groups=49 reachable_candidates=54 goal=(1.200,-2.100) odom_distance_m=3.949 reason=안전한 Frontier 후보 있음 selection_reason=구역 유지: 현재 목표 유지 goal_reached=N/A planning_failures=N/A
t=53.06s frontier_score cell=(87, 135) goal=(3.5, -1.3) gain_m2=5.380 distance_m=2.300 turn_rad=1.353 revisit=0.000 score=1.420 selected=False
t=53.06s frontier_score cell=(80, 131) goal=(3.1, -2.0) gain_m2=5.310 distance_m=2.600 turn_rad=1.353 revisit=0.000 score=1.290 selected=False
t=53.06s frontier_score cell=(81, 130) goal=(3.0, -1.9000000000000001) gain_m2=5.150 distance_m=2.400 turn_rad=1.353 revisit=0.000 score=1.287 selected=False
t=53.06s frontier_score cell=(80, 132) goal=(3.2, -2.0) gain_m2=5.380 distance_m=2.700 turn_rad=1.353 revisit=0.000 score=1.286 selected=False
t=53.06s frontier_score cell=(81, 129) goal=(2.9000000000000004, -1.9000000000000001) gain_m2=5.050 distance_m=2.300 turn_rad=1.353 revisit=0.000 score=1.278 selected=False
t=53.06s frontier_score cell=(79, 112) goal=(1.2000000000000002, -2.1) gain_m2=4.010 distance_m=1.000 turn_rad=2.924 revisit=0.000 score=1.113 selected=True
t=53.06s state=MOVING mission=DISABLED front=0.65m pose=(+1.26, -1.40, +12.5deg) goal=(1.2000000000000002, -2.1) detections=0 located=0 targets=0 perception=WAIT_CALIBRATION
t=54.02s exploration known_area_m2=10.200 frontier_groups=49 reachable_candidates=57 goal=(1.200,-2.100) odom_distance_m=3.965 reason=안전한 Frontier 후보 있음 selection_reason=구역 유지: 현재 목표 유지 goal_reached=N/A planning_failures=N/A
t=54.02s frontier_score cell=(87, 135) goal=(3.5, -1.3) gain_m2=5.390 distance_m=2.300 turn_rad=1.515 revisit=0.000 score=1.409 selected=False
t=54.02s frontier_score cell=(86, 135) goal=(3.5, -1.4000000000000001) gain_m2=5.400 distance_m=2.400 turn_rad=1.515 revisit=0.000 score=1.380 selected=False
t=54.02s frontier_score cell=(80, 131) goal=(3.1, -2.0) gain_m2=5.320 distance_m=2.600 turn_rad=1.515 revisit=0.000 score=1.278 selected=False
t=54.02s frontier_score cell=(81, 130) goal=(3.0, -1.9000000000000001) gain_m2=5.160 distance_m=2.400 turn_rad=1.515 revisit=0.000 score=1.276 selected=False
t=54.02s frontier_score cell=(80, 132) goal=(3.2, -2.0) gain_m2=5.390 distance_m=2.700 turn_rad=1.515 revisit=0.000 score=1.275 selected=False
t=54.02s frontier_score cell=(79, 112) goal=(1.2000000000000002, -2.1) gain_m2=4.030 distance_m=1.000 turn_rad=3.086 revisit=0.000 score=1.107 selected=True
t=54.02s state=MOVING mission=DISABLED front=0.81m pose=(+1.26, -1.40, +3.2deg) goal=(1.2000000000000002, -2.1) detections=0 located=0 targets=0 perception=WAIT_CALIBRATION
t=54.34s goal_change=(1.2000000000000002, -2.1)->(0.1, -1.5) reason=호출자가 목표를 변경함
t=55.04s exploration known_area_m2=10.230 frontier_groups=46 reachable_candidates=54 goal=(0.100,-1.500) odom_distance_m=3.980 reason=안전한 Frontier 후보 있음 selection_reason=구역 유지: 현재 목표 유지 goal_reached=N/A planning_failures=N/A
t=55.04s frontier_score cell=(87, 132) goal=(3.2, -1.3) gain_m2=5.120 distance_m=2.000 turn_rad=1.601 revisit=0.000 score=1.384 selected=False
t=55.04s frontier_score cell=(86, 135) goal=(3.5, -1.4000000000000001) gain_m2=5.410 distance_m=2.400 turn_rad=1.601 revisit=0.000 score=1.376 selected=False
t=55.04s frontier_score cell=(85, 135) goal=(3.5, -1.5) gain_m2=5.430 distance_m=2.500 turn_rad=1.601 revisit=0.000 score=1.351 selected=False
t=55.04s frontier_score cell=(80, 131) goal=(3.1, -2.0) gain_m2=5.330 distance_m=2.600 turn_rad=1.601 revisit=0.000 score=1.275 selected=False
t=55.04s frontier_score cell=(81, 130) goal=(3.0, -1.9000000000000001) gain_m2=5.170 distance_m=2.400 turn_rad=1.601 revisit=0.000 score=1.272 selected=False
t=55.04s frontier_score cell=(85, 101) goal=(0.1, -1.5) gain_m2=3.540 distance_m=1.300 turn_rad=3.111 revisit=0.000 score=0.793 selected=True
t=55.04s state=MOVING mission=DISABLED front=0.54m pose=(+1.28, -1.40, -1.7deg) goal=(0.1, -1.5) detections=0 located=0 targets=0 perception=WAIT_CALIBRATION
t=55.04s map_saved=C:\Users\woosu\OneDrive\Desktop\hkton\controllers\tb3_teleop\maps\map.png
t=56.00s exploration known_area_m2=10.230 frontier_groups=49 reachable_candidates=54 goal=(0.100,-1.500) odom_distance_m=4.010 reason=안전한 Frontier 후보 있음 selection_reason=구역 유지: 현재 목표 유지 goal_reached=N/A planning_failures=N/A
t=56.00s frontier_score cell=(85, 135) goal=(3.5, -1.5) gain_m2=5.420 distance_m=2.500 turn_rad=1.927 revisit=0.000 score=1.316 selected=False
t=56.00s frontier_score cell=(80, 131) goal=(3.1, -2.0) gain_m2=5.330 distance_m=2.600 turn_rad=1.927 revisit=0.000 score=1.243 selected=False
t=56.00s frontier_score cell=(81, 130) goal=(3.0, -1.9000000000000001) gain_m2=5.170 distance_m=2.400 turn_rad=1.927 revisit=0.000 score=1.241 selected=False
t=56.00s frontier_score cell=(80, 132) goal=(3.2, -2.0) gain_m2=5.400 distance_m=2.700 turn_rad=1.927 revisit=0.000 score=1.240 selected=False
t=56.00s frontier_score cell=(81, 129) goal=(2.9000000000000004, -1.9000000000000001) gain_m2=5.070 distance_m=2.300 turn_rad=1.927 revisit=0.000 score=1.232 selected=False
t=56.00s frontier_score cell=(85, 101) goal=(0.1, -1.5) gain_m2=3.530 distance_m=1.300 turn_rad=2.786 revisit=0.000 score=0.820 selected=True
t=56.00s state=MOVING mission=DISABLED front=0.25m pose=(+1.28, -1.40, -20.4deg) goal=(0.1, -1.5) detections=0 located=0 targets=0 perception=WAIT_CALIBRATION
t=57.02s exploration known_area_m2=10.190 frontier_groups=54 reachable_candidates=59 goal=(0.100,-1.500) odom_distance_m=4.058 reason=안전한 Frontier 후보 있음 selection_reason=구역 유지: 현재 목표 유지 goal_reached=N/A planning_failures=N/A
t=57.02s frontier_score cell=(87, 132) goal=(3.2, -1.3) gain_m2=5.170 distance_m=2.000 turn_rad=2.312 revisit=0.000 score=1.338 selected=False
t=57.02s frontier_score cell=(85, 135) goal=(3.5, -1.5) gain_m2=5.470 distance_m=2.500 turn_rad=2.312 revisit=0.000 score=1.300 selected=False
t=57.02s frontier_score cell=(80, 131) goal=(3.1, -2.0) gain_m2=5.380 distance_m=2.600 turn_rad=2.312 revisit=0.000 score=1.228 selected=False
t=57.02s frontier_score cell=(81, 130) goal=(3.0, -1.9000000000000001) gain_m2=5.220 distance_m=2.400 turn_rad=2.312 revisit=0.000 score=1.226 selected=False
t=57.02s frontier_score cell=(80, 132) goal=(3.2, -2.0) gain_m2=5.450 distance_m=2.700 turn_rad=2.312 revisit=0.000 score=1.225 selected=False
t=57.02s frontier_score cell=(85, 101) goal=(0.1, -1.5) gain_m2=3.520 distance_m=1.300 turn_rad=2.401 revisit=0.000 score=0.852 selected=True
t=57.02s state=MOVING mission=DISABLED front=0.20m pose=(+1.28, -1.40, -42.4deg) goal=(0.1, -1.5) detections=0 located=0 targets=0 perception=WAIT_CALIBRATION
t=57.09s goal_change=(0.1, -1.5)->(2.3000000000000003, -1.3) reason=호출자가 목표를 변경함
t=57.66s goal_change=(2.3000000000000003, -1.3)->(-0.2, 0.1) reason=호출자가 목표를 변경함
t=58.05s exploration known_area_m2=10.170 frontier_groups=49 reachable_candidates=59 goal=(-0.200,0.100) odom_distance_m=4.059 reason=안전한 Frontier 후보 있음 selection_reason=구역 유지: 현재 목표 유지 goal_reached=N/A planning_failures=N/A
t=58.05s frontier_score cell=(85, 135) goal=(3.5, -1.5) gain_m2=5.480 distance_m=2.500 turn_rad=2.150 revisit=0.000 score=1.320 selected=False
t=58.05s frontier_score cell=(87, 133) goal=(3.3000000000000003, -1.3) gain_m2=5.270 distance_m=2.300 turn_rad=2.150 revisit=0.000 score=1.296 selected=False
t=58.05s frontier_score cell=(87, 132) goal=(3.2, -1.3) gain_m2=5.170 distance_m=2.200 turn_rad=2.150 revisit=0.000 score=1.287 selected=False
t=58.05s frontier_score cell=(87, 131) goal=(3.1, -1.3) gain_m2=5.020 distance_m=2.100 turn_rad=2.150 revisit=0.000 score=1.255 selected=False
t=58.05s frontier_score cell=(80, 131) goal=(3.1, -2.0) gain_m2=5.390 distance_m=2.600 turn_rad=2.150 revisit=0.000 score=1.248 selected=False
t=58.05s frontier_score cell=(101, 98) goal=(-0.2, 0.1) gain_m2=3.800 distance_m=3.000 turn_rad=2.150 revisit=0.000 score=0.430 selected=True
t=58.05s state=MOVING mission=DISABLED front=0.20m pose=(+1.28, -1.40, -33.2deg) goal=(-0.2, 0.1) detections=0 located=0 targets=0 perception=WAIT_CALIBRATION
t=59.01s exploration known_area_m2=10.150 frontier_groups=50 reachable_candidates=64 goal=(-0.200,0.100) odom_distance_m=4.062 reason=안전한 Frontier 후보 있음 selection_reason=구역 유지: 현재 목표 유지 goal_reached=N/A planning_failures=N/A
t=59.01s frontier_score cell=(85, 135) goal=(3.5, -1.5) gain_m2=5.500 distance_m=2.500 turn_rad=1.887 revisit=0.000 score=1.354 selected=False
t=59.01s frontier_score cell=(87, 134) goal=(3.4000000000000004, -1.3) gain_m2=5.390 distance_m=2.400 turn_rad=1.887 revisit=0.000 score=1.340 selected=False
t=59.01s frontier_score cell=(87, 133) goal=(3.3000000000000003, -1.3) gain_m2=5.290 distance_m=2.300 turn_rad=1.887 revisit=0.000 score=1.330 selected=False
t=59.01s frontier_score cell=(87, 132) goal=(3.2, -1.3) gain_m2=5.190 distance_m=2.200 turn_rad=1.887 revisit=0.000 score=1.320 selected=False
t=59.01s frontier_score cell=(87, 131) goal=(3.1, -1.3) gain_m2=5.040 distance_m=2.100 turn_rad=1.887 revisit=0.000 score=1.289 selected=False
t=59.01s frontier_score cell=(101, 98) goal=(-0.2, 0.1) gain_m2=3.800 distance_m=3.000 turn_rad=1.887 revisit=0.000 score=0.455 selected=True
t=59.01s state=MOVING mission=DISABLED front=0.27m pose=(+1.28, -1.40, -18.1deg) goal=(-0.2, 0.1) detections=0 located=0 targets=0 perception=WAIT_CALIBRATION
t=59.14s goal_change=(-0.2, 0.1)->(1.1, -2.2) reason=호출자가 목표를 변경함
t=60.03s exploration known_area_m2=10.210 frontier_groups=47 reachable_candidates=58 goal=(1.100,-2.200) odom_distance_m=4.063 reason=안전한 Frontier 후보 있음 selection_reason=구역 유지: 현재 목표 유지 goal_reached=N/A planning_failures=N/A
t=60.03s frontier_score cell=(85, 135) goal=(3.5, -1.5) gain_m2=5.480 distance_m=2.500 turn_rad=2.029 revisit=0.000 score=1.332 selected=False
t=60.03s frontier_score cell=(87, 134) goal=(3.4000000000000004, -1.3) gain_m2=5.370 distance_m=2.400 turn_rad=2.029 revisit=0.000 score=1.318 selected=False
t=60.03s frontier_score cell=(87, 133) goal=(3.3000000000000003, -1.3) gain_m2=5.270 distance_m=2.300 turn_rad=2.029 revisit=0.000 score=1.308 selected=False
t=60.03s frontier_score cell=(87, 131) goal=(3.1, -1.3) gain_m2=5.010 distance_m=2.100 turn_rad=2.029 revisit=0.000 score=1.263 selected=False
t=60.03s frontier_score cell=(81, 130) goal=(3.0, -1.9000000000000001) gain_m2=5.230 distance_m=2.400 turn_rad=2.029 revisit=0.000 score=1.257 selected=False
t=60.03s state=MOVING mission=DISABLED front=0.23m pose=(+1.28, -1.40, -26.3deg) goal=(1.1, -2.2) detections=0 located=0 targets=0 perception=WAIT_CALIBRATION
t=60.03s map_saved=C:\Users\woosu\OneDrive\Desktop\hkton\controllers\tb3_teleop\maps\map.png
t=60.99s goal_change=(1.1, -2.2)->(2.7, 1.9000000000000001) reason=호출자가 목표를 변경함
t=61.06s exploration known_area_m2=10.250 frontier_groups=44 reachable_candidates=54 goal=(2.700,1.900) odom_distance_m=4.071 reason=안전한 Frontier 후보 있음 selection_reason=구역 유지: 현재 목표 유지 goal_reached=N/A planning_failures=N/A
t=61.06s frontier_score cell=(85, 135) goal=(3.5, -1.5) gain_m2=5.450 distance_m=2.500 turn_rad=2.251 revisit=0.000 score=1.297 selected=False
t=61.06s frontier_score cell=(87, 134) goal=(3.4000000000000004, -1.3) gain_m2=5.340 distance_m=2.400 turn_rad=2.251 revisit=0.000 score=1.283 selected=False
t=61.06s frontier_score cell=(87, 133) goal=(3.3000000000000003, -1.3) gain_m2=5.240 distance_m=2.300 turn_rad=2.251 revisit=0.000 score=1.274 selected=False
t=61.06s frontier_score cell=(87, 131) goal=(3.1, -1.3) gain_m2=4.980 distance_m=2.100 turn_rad=2.251 revisit=0.000 score=1.229 selected=False
t=61.06s frontier_score cell=(80, 131) goal=(3.1, -2.0) gain_m2=5.350 distance_m=2.600 turn_rad=2.251 revisit=0.000 score=1.221 selected=False
t=61.06s frontier_score cell=(119, 127) goal=(2.7, 1.9000000000000001) gain_m2=5.500 distance_m=5.500 turn_rad=2.251 revisit=0.000 score=0.319 selected=True
t=61.06s state=MOVING mission=DISABLED front=0.19m pose=(+1.28, -1.40, -39.0deg) goal=(2.7, 1.9000000000000001) detections=0 located=0 targets=0 perception=WAIT_CALIBRATION
t=62.02s exploration known_area_m2=10.260 frontier_groups=41 reachable_candidates=53 goal=(2.700,1.900) odom_distance_m=4.101 reason=안전한 Frontier 후보 있음 selection_reason=구역 유지: 현재 목표 유지 goal_reached=N/A planning_failures=N/A
t=62.02s frontier_score cell=(85, 135) goal=(3.5, -1.5) gain_m2=5.440 distance_m=2.500 turn_rad=2.588 revisit=0.000 score=1.261 selected=False
t=62.02s frontier_score cell=(87, 135) goal=(3.5, -1.3) gain_m2=5.410 distance_m=2.500 turn_rad=2.588 revisit=0.000 score=1.248 selected=False
t=62.02s frontier_score cell=(87, 134) goal=(3.4000000000000004, -1.3) gain_m2=5.330 distance_m=2.400 turn_rad=2.588 revisit=0.000 score=1.247 selected=False
t=62.02s frontier_score cell=(87, 133) goal=(3.3000000000000003, -1.3) gain_m2=5.230 distance_m=2.300 turn_rad=2.588 revisit=0.000 score=1.237 selected=False
t=62.02s frontier_score cell=(80, 131) goal=(3.1, -2.0) gain_m2=5.340 distance_m=2.600 turn_rad=2.588 revisit=0.000 score=1.185 selected=False
t=62.02s frontier_score cell=(119, 127) goal=(2.7, 1.9000000000000001) gain_m2=5.500 distance_m=5.500 turn_rad=2.124 revisit=0.000 score=0.331 selected=True
t=62.02s state=MOVING mission=DISABLED front=0.20m pose=(+1.28, -1.40, -58.3deg) goal=(2.7, 1.9000000000000001) detections=0 located=0 targets=0 perception=WAIT_CALIBRATION
t=63.04s exploration known_area_m2=10.260 frontier_groups=41 reachable_candidates=53 goal=(2.700,1.900) odom_distance_m=4.168 reason=안전한 Frontier 후보 있음 selection_reason=구역 유지: 현재 목표 유지 goal_reached=N/A planning_failures=N/A
t=63.04s frontier_score cell=(78, 110) goal=(1.0, -2.2) gain_m2=4.260 distance_m=1.100 turn_rad=1.778 revisit=0.000 score=1.297 selected=False
t=63.04s frontier_score cell=(87, 135) goal=(3.5, -1.3) gain_m2=5.400 distance_m=2.500 turn_rad=2.935 revisit=0.000 score=1.211 selected=False
t=63.04s frontier_score cell=(87, 134) goal=(3.4000000000000004, -1.3) gain_m2=5.320 distance_m=2.400 turn_rad=2.935 revisit=0.000 score=1.210 selected=False
t=63.04s frontier_score cell=(87, 133) goal=(3.3000000000000003, -1.3) gain_m2=5.220 distance_m=2.300 turn_rad=2.935 revisit=0.000 score=1.200 selected=False
t=63.04s frontier_score cell=(80, 131) goal=(3.1, -2.0) gain_m2=5.330 distance_m=2.600 turn_rad=2.935 revisit=0.000 score=1.147 selected=False
t=63.04s frontier_score cell=(119, 127) goal=(2.7, 1.9000000000000001) gain_m2=5.500 distance_m=5.500 turn_rad=1.778 revisit=0.000 score=0.364 selected=True
t=63.04s state=MOVING mission=DISABLED front=0.21m pose=(+1.28, -1.40, -78.1deg) goal=(2.7, 1.9000000000000001) detections=0 located=0 targets=0 perception=WAIT_CALIBRATION
t=64.00s exploration known_area_m2=10.260 frontier_groups=44 reachable_candidates=54 goal=(2.700,1.900) odom_distance_m=4.216 reason=안전한 Frontier 후보 있음 selection_reason=구역 유지: 현재 목표 유지 goal_reached=N/A planning_failures=N/A
t=64.00s frontier_score cell=(78, 110) goal=(1.0, -2.2) gain_m2=4.270 distance_m=1.100 turn_rad=1.636 revisit=0.000 score=1.315 selected=False
t=64.00s frontier_score cell=(86, 135) goal=(3.5, -1.4000000000000001) gain_m2=5.390 distance_m=2.400 turn_rad=3.076 revisit=0.000 score=1.226 selected=False
t=64.00s frontier_score cell=(87, 135) goal=(3.5, -1.3) gain_m2=5.380 distance_m=2.500 turn_rad=3.076 revisit=0.000 score=1.189 selected=False
t=64.00s frontier_score cell=(80, 131) goal=(3.1, -2.0) gain_m2=5.330 distance_m=2.600 turn_rad=3.076 revisit=0.000 score=1.134 selected=False
t=64.00s frontier_score cell=(81, 130) goal=(3.0, -1.9000000000000001) gain_m2=5.170 distance_m=2.400 turn_rad=3.076 revisit=0.000 score=1.132 selected=False
t=64.00s frontier_score cell=(119, 127) goal=(2.7, 1.9000000000000001) gain_m2=5.500 distance_m=5.500 turn_rad=1.636 revisit=0.000 score=0.378 selected=True
t=64.00s state=MOVING mission=DISABLED front=0.27m pose=(+1.28, -1.40, -86.2deg) goal=(2.7, 1.9000000000000001) detections=0 located=0 targets=0 perception=WAIT_CALIBRATION
t=65.02s exploration known_area_m2=10.230 frontier_groups=48 reachable_candidates=55 goal=(2.700,1.900) odom_distance_m=4.263 reason=안전한 Frontier 후보 있음 selection_reason=구역 유지: 현재 목표 유지 goal_reached=N/A planning_failures=N/A
t=65.02s frontier_score cell=(78, 109) goal=(0.9, -2.2) gain_m2=4.320 distance_m=1.200 turn_rad=1.471 revisit=0.000 score=1.319 selected=False
t=65.02s frontier_score cell=(81, 112) goal=(1.2000000000000002, -1.9000000000000001) gain_m2=3.540 distance_m=0.600 turn_rad=1.471 revisit=0.000 score=1.183 selected=False
t=65.02s frontier_score cell=(81, 130) goal=(3.0, -1.9000000000000001) gain_m2=5.170 distance_m=2.400 turn_rad=3.042 revisit=0.000 score=1.135 selected=False
t=65.02s frontier_score cell=(80, 131) goal=(3.1, -2.0) gain_m2=5.320 distance_m=2.600 turn_rad=3.042 revisit=0.000 score=1.133 selected=False
t=65.02s frontier_score cell=(81, 129) goal=(2.9000000000000004, -1.9000000000000001) gain_m2=5.080 distance_m=2.300 turn_rad=3.042 revisit=0.000 score=1.129 selected=False
t=65.02s frontier_score cell=(119, 127) goal=(2.7, 1.9000000000000001) gain_m2=5.500 distance_m=5.500 turn_rad=1.471 revisit=0.000 score=0.393 selected=True
t=65.02s state=MOVING mission=DISABLED front=0.38m pose=(+1.28, -1.40, -95.7deg) goal=(2.7, 1.9000000000000001) detections=0 located=0 targets=0 perception=WAIT_CALIBRATION
t=65.02s map_saved=C:\Users\woosu\OneDrive\Desktop\hkton\controllers\tb3_teleop\maps\map.png
t=66.05s exploration known_area_m2=10.310 frontier_groups=49 reachable_candidates=59 goal=(2.700,1.900) odom_distance_m=4.314 reason=안전한 Frontier 후보 있음 selection_reason=구역 유지: 현재 목표 유지 goal_reached=N/A planning_failures=N/A
t=66.05s frontier_score cell=(78, 108) goal=(0.8, -2.2) gain_m2=4.350 distance_m=1.300 turn_rad=0.276 revisit=0.000 score=1.413 selected=False
t=66.05s frontier_score cell=(86, 135) goal=(3.5, -1.4000000000000001) gain_m2=5.320 distance_m=2.200 turn_rad=1.847 revisit=0.000 score=1.380 selected=False
t=66.05s frontier_score cell=(87, 135) goal=(3.5, -1.3) gain_m2=5.310 distance_m=2.300 turn_rad=1.847 revisit=0.000 score=1.342 selected=False
t=66.05s frontier_score cell=(80, 131) goal=(3.1, -2.0) gain_m2=5.240 distance_m=2.400 turn_rad=1.847 revisit=0.000 score=1.279 selected=False
t=66.05s frontier_score cell=(81, 130) goal=(3.0, -1.9000000000000001) gain_m2=5.080 distance_m=2.200 turn_rad=1.847 revisit=0.000 score=1.277 selected=False
t=66.05s frontier_score cell=(119, 127) goal=(2.7, 1.9000000000000001) gain_m2=5.500 distance_m=5.500 turn_rad=1.294 revisit=0.000 score=0.410 selected=True
t=66.05s state=MOVING mission=DISABLED front=0.99m pose=(+1.28, -1.40, -105.8deg) goal=(2.7, 1.9000000000000001) detections=1 located=0 targets=0 perception=WAIT_CALIBRATION
t=67.01s exploration known_area_m2=10.420 frontier_groups=51 reachable_candidates=57 goal=(2.700,1.900) odom_distance_m=4.357 reason=안전한 Frontier 후보 있음 selection_reason=구역 유지: 현재 목표 유지 goal_reached=N/A planning_failures=N/A
t=67.01s frontier_score cell=(78, 108) goal=(0.8, -2.2) gain_m2=4.310 distance_m=1.300 turn_rad=0.448 revisit=0.000 score=1.379 selected=False
t=67.01s frontier_score cell=(86, 135) goal=(3.5, -1.4000000000000001) gain_m2=5.240 distance_m=2.200 turn_rad=2.019 revisit=0.000 score=1.329 selected=False
t=67.01s frontier_score cell=(87, 135) goal=(3.5, -1.3) gain_m2=5.230 distance_m=2.300 turn_rad=2.019 revisit=0.000 score=1.292 selected=False
t=67.01s frontier_score cell=(80, 131) goal=(3.1, -2.0) gain_m2=5.160 distance_m=2.400 turn_rad=2.019 revisit=0.000 score=1.228 selected=False
t=67.01s frontier_score cell=(81, 130) goal=(3.0, -1.9000000000000001) gain_m2=5.000 distance_m=2.200 turn_rad=2.019 revisit=0.000 score=1.226 selected=False
t=67.01s frontier_score cell=(119, 127) goal=(2.7, 1.9000000000000001) gain_m2=5.500 distance_m=5.500 turn_rad=1.122 revisit=0.000 score=0.427 selected=True
t=67.01s state=MOVING mission=DISABLED front=1.00m pose=(+1.28, -1.40, -115.7deg) goal=(2.7, 1.9000000000000001) detections=1 located=0 targets=0 perception=WAIT_CALIBRATION
t=68.03s exploration known_area_m2=10.420 frontier_groups=49 reachable_candidates=57 goal=(2.700,1.900) odom_distance_m=4.394 reason=안전한 Frontier 후보 있음 selection_reason=구역 유지: 현재 목표 유지 goal_reached=N/A planning_failures=N/A
t=68.03s frontier_score cell=(78, 108) goal=(0.8, -2.2) gain_m2=4.290 distance_m=1.300 turn_rad=0.633 revisit=0.000 score=1.353 selected=False
t=68.03s frontier_score cell=(86, 136) goal=(3.6, -1.4000000000000001) gain_m2=5.330 distance_m=2.300 turn_rad=2.204 revisit=0.000 score=1.317 selected=False
t=68.03s frontier_score cell=(85, 135) goal=(3.5, -1.5) gain_m2=5.270 distance_m=2.300 turn_rad=2.204 revisit=0.000 score=1.291 selected=False
t=68.03s frontier_score cell=(87, 135) goal=(3.5, -1.3) gain_m2=5.240 distance_m=2.300 turn_rad=2.204 revisit=0.000 score=1.278 selected=False
t=68.03s frontier_score cell=(80, 131) goal=(3.1, -2.0) gain_m2=5.170 distance_m=2.400 turn_rad=2.204 revisit=0.000 score=1.215 selected=False
t=68.03s frontier_score cell=(119, 127) goal=(2.7, 1.9000000000000001) gain_m2=5.500 distance_m=5.500 turn_rad=0.938 revisit=0.000 score=0.444 selected=True
t=68.03s state=MOVING mission=DISABLED front=1.04m pose=(+1.28, -1.40, -126.3deg) goal=(2.7, 1.9000000000000001) detections=1 located=0 targets=0 perception=WAIT_CALIBRATION
t=69.06s exploration known_area_m2=10.400 frontier_groups=49 reachable_candidates=60 goal=(2.700,1.900) odom_distance_m=4.446 reason=안전한 Frontier 후보 있음 selection_reason=구역 유지: 현재 목표 유지 goal_reached=N/A planning_failures=N/A
t=69.06s frontier_score cell=(86, 136) goal=(3.6, -1.4000000000000001) gain_m2=5.380 distance_m=2.300 turn_rad=2.383 revisit=0.000 score=1.321 selected=False
t=69.06s frontier_score cell=(85, 135) goal=(3.5, -1.5) gain_m2=5.320 distance_m=2.300 turn_rad=2.383 revisit=0.000 score=1.296 selected=False
t=69.06s frontier_score cell=(87, 135) goal=(3.5, -1.3) gain_m2=5.290 distance_m=2.300 turn_rad=2.383 revisit=0.000 score=1.283 selected=False
t=69.06s frontier_score cell=(84, 135) goal=(3.5, -1.6) gain_m2=5.330 distance_m=2.400 turn_rad=2.383 revisit=0.000 score=1.267 selected=False
t=69.06s frontier_score cell=(83, 135) goal=(3.5, -1.7000000000000002) gain_m2=5.360 distance_m=2.500 turn_rad=2.383 revisit=0.000 score=1.246 selected=False
t=69.06s frontier_score cell=(119, 127) goal=(2.7, 1.9000000000000001) gain_m2=5.500 distance_m=5.500 turn_rad=0.758 revisit=0.000 score=0.462 selected=True
t=69.06s state=MOVING mission=DISABLED front=0.93m pose=(+1.28, -1.40, -136.5deg) goal=(2.7, 1.9000000000000001) detections=4 located=0 targets=0 perception=WAIT_CALIBRATION
t=70.02s exploration known_area_m2=10.450 frontier_groups=50 reachable_candidates=59 goal=(2.700,1.900) odom_distance_m=4.473 reason=안전한 Frontier 후보 있음 selection_reason=구역 유지: 현재 목표 유지 goal_reached=N/A planning_failures=N/A
t=70.02s frontier_score cell=(79, 106) goal=(0.6000000000000001, -2.1) gain_m2=4.200 distance_m=1.400 turn_rad=0.616 revisit=0.000 score=1.282 selected=False
t=70.02s frontier_score cell=(87, 135) goal=(3.5, -1.3) gain_m2=5.230 distance_m=2.300 turn_rad=2.526 revisit=0.000 score=1.243 selected=False
t=70.02s frontier_score cell=(84, 136) goal=(3.6, -1.6) gain_m2=5.350 distance_m=2.500 turn_rad=2.526 revisit=0.000 score=1.228 selected=False
t=70.02s frontier_score cell=(84, 137) goal=(3.7, -1.6) gain_m2=5.420 distance_m=2.600 turn_rad=2.526 revisit=0.000 score=1.225 selected=False
t=70.02s frontier_score cell=(83, 135) goal=(3.5, -1.7000000000000002) gain_m2=5.300 distance_m=2.500 turn_rad=2.526 revisit=0.000 score=1.207 selected=False
t=70.02s frontier_score cell=(119, 127) goal=(2.7, 1.9000000000000001) gain_m2=5.500 distance_m=5.500 turn_rad=0.616 revisit=0.000 score=0.475 selected=True
t=70.02s state=MOVING mission=DISABLED front=0.85m pose=(+1.27, -1.42, -144.7deg) goal=(2.7, 1.9000000000000001) detections=5 located=0 targets=0 perception=WAIT_CALIBRATION
t=70.02s map_saved=C:\Users\woosu\OneDrive\Desktop\hkton\controllers\tb3_teleop\maps\map.png
t=71.04s exploration known_area_m2=10.510 frontier_groups=48 reachable_candidates=53 goal=(2.700,1.900) odom_distance_m=4.523 reason=안전한 Frontier 후보 있음 selection_reason=구역 유지: 현재 목표 유지 goal_reached=N/A planning_failures=N/A
t=71.04s frontier_score cell=(79, 106) goal=(0.6000000000000001, -2.1) gain_m2=4.210 distance_m=1.300 turn_rad=0.435 revisit=0.000 score=1.337 selected=False
t=71.04s frontier_score cell=(80, 106) goal=(0.6000000000000001, -2.0) gain_m2=4.010 distance_m=1.200 turn_rad=0.435 revisit=0.000 score=1.284 selected=False
t=71.04s frontier_score cell=(87, 135) goal=(3.5, -1.3) gain_m2=5.170 distance_m=2.400 turn_rad=2.707 revisit=0.000 score=1.167 selected=False
t=71.04s frontier_score cell=(80, 131) goal=(3.1, -2.0) gain_m2=5.100 distance_m=2.500 turn_rad=2.707 revisit=0.000 score=1.103 selected=False
t=71.04s frontier_score cell=(81, 130) goal=(3.0, -1.9000000000000001) gain_m2=4.940 distance_m=2.300 turn_rad=2.707 revisit=0.000 score=1.101 selected=False
t=71.04s frontier_score cell=(119, 127) goal=(2.7, 1.9000000000000001) gain_m2=5.500 distance_m=5.400 turn_rad=0.435 revisit=0.000 score=0.526 selected=True
t=71.04s state=MOVING mission=DISABLED front=0.82m pose=(+1.23, -1.43, -155.1deg) goal=(2.7, 1.9000000000000001) detections=5 located=0 targets=0 perception=WAIT_CALIBRATION
t=72.00s exploration known_area_m2=10.510 frontier_groups=51 reachable_candidates=56 goal=(2.700,1.900) odom_distance_m=4.580 reason=안전한 Frontier 후보 있음 selection_reason=구역 유지: 현재 목표 유지 goal_reached=N/A planning_failures=N/A
t=72.00s frontier_score cell=(78, 109) goal=(0.9, -2.2) gain_m2=4.250 distance_m=1.100 turn_rad=0.284 revisit=0.000 score=1.436 selected=False
t=72.00s frontier_score cell=(80, 106) goal=(0.6000000000000001, -2.0) gain_m2=4.010 distance_m=1.200 turn_rad=0.284 revisit=0.000 score=1.299 selected=False
t=72.00s frontier_score cell=(86, 137) goal=(3.7, -1.4000000000000001) gain_m2=5.370 distance_m=2.700 turn_rad=1.855 revisit=0.000 score=1.234 selected=False
t=72.00s frontier_score cell=(87, 135) goal=(3.5, -1.3) gain_m2=5.180 distance_m=2.600 turn_rad=1.855 revisit=0.000 score=1.186 selected=False
t=72.00s frontier_score cell=(80, 131) goal=(3.1, -2.0) gain_m2=5.110 distance_m=2.700 turn_rad=1.855 revisit=0.000 score=1.122 selected=False
t=72.00s frontier_score cell=(119, 127) goal=(2.7, 1.9000000000000001) gain_m2=5.500 distance_m=5.400 turn_rad=0.284 revisit=0.000 score=0.540 selected=True
t=72.00s state=MOVING mission=DISABLED front=0.79m pose=(+1.19, -1.44, -163.7deg) goal=(2.7, 1.9000000000000001) detections=4 located=0 targets=0 perception=WAIT_CALIBRATION
t=73.02s exploration known_area_m2=10.510 frontier_groups=47 reachable_candidates=55 goal=(2.700,1.900) odom_distance_m=4.651 reason=안전한 Frontier 후보 있음 selection_reason=구역 유지: 현재 목표 유지 goal_reached=N/A planning_failures=N/A
t=73.02s frontier_score cell=(86, 137) goal=(3.7, -1.4000000000000001) gain_m2=5.380 distance_m=2.700 turn_rad=1.692 revisit=0.000 score=1.254 selected=False
t=73.02s frontier_score cell=(81, 106) goal=(0.6000000000000001, -1.9000000000000001) gain_m2=3.780 distance_m=1.100 turn_rad=0.121 revisit=0.000 score=1.249 selected=False
t=73.02s frontier_score cell=(85, 137) goal=(3.7, -1.5) gain_m2=5.380 distance_m=2.800 turn_rad=1.692 revisit=0.000 score=1.221 selected=False
t=73.02s frontier_score cell=(87, 135) goal=(3.5, -1.3) gain_m2=5.190 distance_m=2.600 turn_rad=1.692 revisit=0.000 score=1.206 selected=False
t=73.02s frontier_score cell=(80, 131) goal=(3.1, -2.0) gain_m2=5.120 distance_m=2.700 turn_rad=1.692 revisit=0.000 score=1.142 selected=False
t=73.02s frontier_score cell=(119, 127) goal=(2.7, 1.9000000000000001) gain_m2=5.500 distance_m=5.600 turn_rad=0.121 revisit=0.000 score=0.489 selected=True
t=73.02s state=MOVING mission=DISABLED front=0.73m pose=(+1.15, -1.45, -173.1deg) goal=(2.7, 1.9000000000000001) detections=5 located=0 targets=0 perception=WAIT_CALIBRATION
t=74.05s exploration known_area_m2=10.500 frontier_groups=51 reachable_candidates=56 goal=(2.700,1.900) odom_distance_m=4.727 reason=안전한 Frontier 후보 있음 selection_reason=구역 유지: 현재 목표 유지 goal_reached=N/A planning_failures=N/A
t=74.05s frontier_score cell=(78, 110) goal=(1.0, -2.2) gain_m2=4.240 distance_m=0.800 turn_rad=0.028 revisit=0.000 score=1.556 selected=False
t=74.05s frontier_score cell=(78, 112) goal=(1.2000000000000002, -2.2) gain_m2=4.220 distance_m=0.800 turn_rad=1.599 revisit=0.000 score=1.397 selected=False
t=74.05s frontier_score cell=(81, 106) goal=(0.6000000000000001, -1.9000000000000001) gain_m2=3.800 distance_m=0.900 turn_rad=0.028 revisit=0.000 score=1.333 selected=False
t=74.05s frontier_score cell=(86, 137) goal=(3.7, -1.4000000000000001) gain_m2=5.380 distance_m=2.900 turn_rad=1.542 revisit=0.000 score=1.202 selected=False
t=74.05s frontier_score cell=(85, 137) goal=(3.7, -1.5) gain_m2=5.380 distance_m=3.000 turn_rad=1.542 revisit=0.000 score=1.168 selected=False
t=74.05s frontier_score cell=(119, 127) goal=(2.7, 1.9000000000000001) gain_m2=5.500 distance_m=5.600 turn_rad=0.028 revisit=0.000 score=0.498 selected=True
t=74.05s state=MOVING mission=DISABLED front=0.87m pose=(+1.11, -1.45, +178.4deg) goal=(2.7, 1.9000000000000001) detections=4 located=0 targets=0 perception=WAIT_CALIBRATION
t=75.01s exploration known_area_m2=10.500 frontier_groups=50 reachable_candidates=57 goal=(2.700,1.900) odom_distance_m=4.765 reason=안전한 Frontier 후보 있음 selection_reason=구역 유지: 현재 목표 유지 goal_reached=N/A planning_failures=N/A
t=75.01s frontier_score cell=(86, 137) goal=(3.7, -1.4000000000000001) gain_m2=5.390 distance_m=2.800 turn_rad=1.434 revisit=0.000 score=1.250 selected=False
t=75.01s frontier_score cell=(82, 106) goal=(0.6000000000000001, -1.8) gain_m2=3.580 distance_m=0.900 turn_rad=0.137 revisit=0.000 score=1.228 selected=False
t=75.01s frontier_score cell=(85, 137) goal=(3.7, -1.5) gain_m2=5.390 distance_m=2.900 turn_rad=1.434 revisit=0.000 score=1.216 selected=False
t=75.01s frontier_score cell=(87, 135) goal=(3.5, -1.3) gain_m2=5.200 distance_m=2.700 turn_rad=1.434 revisit=0.000 score=1.201 selected=False
t=75.01s frontier_score cell=(81, 130) goal=(3.0, -1.9000000000000001) gain_m2=4.980 distance_m=2.600 turn_rad=1.434 revisit=0.000 score=1.140 selected=False
t=75.01s frontier_score cell=(119, 127) goal=(2.7, 1.9000000000000001) gain_m2=5.500 distance_m=5.500 turn_rad=0.137 revisit=0.000 score=0.521 selected=True
t=75.01s state=MOVING mission=DISABLED front=1.21m pose=(+1.07, -1.45, +172.2deg) goal=(2.7, 1.9000000000000001) detections=2 located=0 targets=0 perception=WAIT_CALIBRATION
t=75.01s map_saved=C:\Users\woosu\OneDrive\Desktop\hkton\controllers\tb3_teleop\maps\map.png
t=76.03s exploration known_area_m2=10.490 frontier_groups=50 reachable_candidates=57 goal=(2.700,1.900) odom_distance_m=4.845 reason=안전한 Frontier 후보 있음 selection_reason=구역 유지: 현재 목표 유지 goal_reached=N/A planning_failures=N/A
t=76.03s frontier_score cell=(78, 111) goal=(1.1, -2.2) gain_m2=4.240 distance_m=0.900 turn_rad=1.831 revisit=0.000 score=1.350 selected=False
t=76.03s frontier_score cell=(82, 106) goal=(0.6000000000000001, -1.8) gain_m2=3.600 distance_m=0.800 turn_rad=0.260 revisit=0.000 score=1.258 selected=False
t=76.03s frontier_score cell=(86, 137) goal=(3.7, -1.4000000000000001) gain_m2=5.370 distance_m=2.900 turn_rad=1.311 revisit=0.000 score=1.220 selected=False
t=76.03s frontier_score cell=(85, 100) goal=(0.0, -1.5) gain_m2=3.680 distance_m=1.100 turn_rad=0.260 revisit=0.000 score=1.192 selected=False
t=76.03s frontier_score cell=(85, 101) goal=(0.1, -1.5) gain_m2=3.510 distance_m=1.000 turn_rad=0.260 revisit=0.000 score=1.153 selected=False
t=76.03s frontier_score cell=(119, 127) goal=(2.7, 1.9000000000000001) gain_m2=5.500 distance_m=5.400 turn_rad=0.260 revisit=0.000 score=0.542 selected=True
t=76.03s state=MOVING mission=DISABLED front=1.00m pose=(+1.03, -1.44, +165.1deg) goal=(2.7, 1.9000000000000001) detections=1 located=0 targets=0 perception=WAIT_CALIBRATION
t=77.06s exploration known_area_m2=10.530 frontier_groups=47 reachable_candidates=51 goal=(2.700,1.900) odom_distance_m=4.925 reason=안전한 Frontier 후보 있음 selection_reason=구역 유지: 현재 목표 유지 goal_reached=N/A planning_failures=N/A
t=77.06s frontier_score cell=(86, 137) goal=(3.7, -1.4000000000000001) gain_m2=5.370 distance_m=2.900 turn_rad=1.182 revisit=0.000 score=1.232 selected=False
t=77.06s frontier_score cell=(82, 106) goal=(0.6000000000000001, -1.8) gain_m2=3.550 distance_m=0.800 turn_rad=0.389 revisit=0.000 score=1.224 selected=False
t=77.06s frontier_score cell=(85, 100) goal=(0.0, -1.5) gain_m2=3.630 distance_m=1.100 turn_rad=0.389 revisit=0.000 score=1.159 selected=False
t=77.06s frontier_score cell=(80, 131) goal=(3.1, -2.0) gain_m2=5.120 distance_m=2.900 turn_rad=1.182 revisit=0.000 score=1.124 selected=False
t=77.06s frontier_score cell=(81, 130) goal=(3.0, -1.9000000000000001) gain_m2=4.960 distance_m=2.700 turn_rad=1.182 revisit=0.000 score=1.122 selected=False
t=77.06s frontier_score cell=(119, 127) goal=(2.7, 1.9000000000000001) gain_m2=5.500 distance_m=5.400 turn_rad=0.389 revisit=0.000 score=0.530 selected=True
t=77.06s state=MOVING mission=DISABLED front=0.96m pose=(+1.00, -1.43, +157.7deg) goal=(2.7, 1.9000000000000001) detections=0 located=0 targets=0 perception=WAIT_CALIBRATION
t=78.02s exploration known_area_m2=10.530 frontier_groups=49 reachable_candidates=53 goal=(2.700,1.900) odom_distance_m=4.963 reason=안전한 Frontier 후보 있음 selection_reason=구역 유지: 현재 목표 유지 goal_reached=N/A planning_failures=N/A
t=78.02s frontier_score cell=(80, 131) goal=(3.1, -2.0) gain_m2=5.100 distance_m=2.900 turn_rad=1.059 revisit=0.000 score=1.127 selected=False
t=78.02s frontier_score cell=(81, 130) goal=(3.0, -1.9000000000000001) gain_m2=4.940 distance_m=2.700 turn_rad=1.059 revisit=0.000 score=1.125 selected=False
t=78.02s frontier_score cell=(80, 132) goal=(3.2, -2.0) gain_m2=5.170 distance_m=3.000 turn_rad=1.059 revisit=0.000 score=1.124 selected=False
t=78.02s frontier_score cell=(81, 129) goal=(2.9000000000000004, -1.9000000000000001) gain_m2=4.840 distance_m=2.600 turn_rad=1.059 revisit=0.000 score=1.115 selected=False
t=78.02s frontier_score cell=(79, 133) goal=(3.3000000000000003, -2.1) gain_m2=5.270 distance_m=3.200 turn_rad=1.059 revisit=0.000 score=1.100 selected=False
t=78.02s frontier_score cell=(119, 127) goal=(2.7, 1.9000000000000001) gain_m2=5.500 distance_m=5.400 turn_rad=0.511 revisit=0.000 score=0.518 selected=True
t=78.02s state=MOVING mission=DISABLED front=0.94m pose=(+0.96, -1.41, +150.7deg) goal=(2.7, 1.9000000000000001) detections=0 located=0 targets=0 perception=WAIT_CALIBRATION
t=79.04s exploration known_area_m2=10.610 frontier_groups=44 reachable_candidates=48 goal=(2.700,1.900) odom_distance_m=5.048 reason=안전한 Frontier 후보 있음 selection_reason=구역 유지: 현재 목표 유지 goal_reached=N/A planning_failures=N/A
t=79.04s frontier_score cell=(81, 130) goal=(3.0, -1.9000000000000001) gain_m2=4.940 distance_m=2.800 turn_rad=0.929 revisit=0.000 score=1.104 selected=False
t=79.04s frontier_score cell=(80, 131) goal=(3.1, -2.0) gain_m2=5.090 distance_m=3.000 turn_rad=0.929 revisit=0.000 score=1.102 selected=False
t=79.04s frontier_score cell=(80, 132) goal=(3.2, -2.0) gain_m2=5.160 distance_m=3.100 turn_rad=0.929 revisit=0.000 score=1.099 selected=False
t=79.04s frontier_score cell=(81, 129) goal=(2.9000000000000004, -1.9000000000000001) gain_m2=4.840 distance_m=2.700 turn_rad=0.929 revisit=0.000 score=1.094 selected=False
t=79.04s frontier_score cell=(79, 133) goal=(3.3000000000000003, -2.1) gain_m2=5.260 distance_m=3.300 turn_rad=0.929 revisit=0.000 score=1.075 selected=False
t=79.04s frontier_score cell=(119, 127) goal=(2.7, 1.9000000000000001) gain_m2=5.500 distance_m=5.300 turn_rad=0.642 revisit=0.000 score=0.539 selected=True
t=79.04s state=MOVING mission=DISABLED front=0.89m pose=(+0.93, -1.39, +143.2deg) goal=(2.7, 1.9000000000000001) detections=0 located=0 targets=0 perception=WAIT_CALIBRATION
t=80.00s exploration known_area_m2=10.620 frontier_groups=41 reachable_candidates=47 goal=(2.700,1.900) odom_distance_m=5.118 reason=안전한 Frontier 후보 있음 selection_reason=구역 유지: 현재 목표 유지 goal_reached=N/A planning_failures=N/A
t=80.00s frontier_score cell=(81, 130) goal=(3.0, -1.9000000000000001) gain_m2=4.950 distance_m=2.800 turn_rad=0.810 revisit=0.000 score=1.120 selected=False
t=80.00s frontier_score cell=(80, 131) goal=(3.1, -2.0) gain_m2=5.100 distance_m=3.000 turn_rad=0.810 revisit=0.000 score=1.118 selected=False
t=80.00s frontier_score cell=(80, 132) goal=(3.2, -2.0) gain_m2=5.170 distance_m=3.100 turn_rad=0.810 revisit=0.000 score=1.115 selected=False
t=80.00s frontier_score cell=(81, 129) goal=(2.9000000000000004, -1.9000000000000001) gain_m2=4.850 distance_m=2.700 turn_rad=0.810 revisit=0.000 score=1.110 selected=False
t=80.00s frontier_score cell=(79, 133) goal=(3.3000000000000003, -2.1) gain_m2=5.260 distance_m=3.300 turn_rad=0.810 revisit=0.000 score=1.087 selected=False
t=80.00s frontier_score cell=(119, 127) goal=(2.7, 1.9000000000000001) gain_m2=5.500 distance_m=5.300 turn_rad=0.761 revisit=0.000 score=0.528 selected=True
t=80.00s state=MOVING mission=DISABLED front=0.85m pose=(+0.90, -1.36, +136.4deg) goal=(2.7, 1.9000000000000001) detections=0 located=0 targets=0 perception=WAIT_CALIBRATION
t=80.00s map_saved=C:\Users\woosu\OneDrive\Desktop\hkton\controllers\tb3_teleop\maps\map.png
t=81.02s exploration known_area_m2=10.600 frontier_groups=43 reachable_candidates=52 goal=(2.700,1.900) odom_distance_m=5.159 reason=안전한 Frontier 후보 있음 selection_reason=구역 유지: 현재 목표 유지 goal_reached=N/A planning_failures=N/A
t=81.02s frontier_score cell=(80, 131) goal=(3.1, -2.0) gain_m2=5.120 distance_m=2.900 turn_rad=2.257 revisit=0.000 score=1.022 selected=False
t=81.02s frontier_score cell=(81, 130) goal=(3.0, -1.9000000000000001) gain_m2=4.960 distance_m=2.700 turn_rad=2.257 revisit=0.000 score=1.019 selected=False
t=81.02s frontier_score cell=(80, 132) goal=(3.2, -2.0) gain_m2=5.190 distance_m=3.000 turn_rad=2.257 revisit=0.000 score=1.018 selected=False
t=81.02s frontier_score cell=(81, 129) goal=(2.9000000000000004, -1.9000000000000001) gain_m2=4.860 distance_m=2.600 turn_rad=2.257 revisit=0.000 score=1.010 selected=False
t=81.02s frontier_score cell=(79, 133) goal=(3.3000000000000003, -2.1) gain_m2=5.270 distance_m=3.200 turn_rad=2.257 revisit=0.000 score=0.986 selected=False
t=81.02s frontier_score cell=(119, 127) goal=(2.7, 1.9000000000000001) gain_m2=5.500 distance_m=5.200 turn_rad=0.686 revisit=0.000 score=0.568 selected=True
t=81.02s state=MOVING mission=DISABLED front=0.87m pose=(+0.87, -1.33, +129.3deg) goal=(2.7, 1.9000000000000001) detections=0 located=0 targets=0 perception=WAIT_CALIBRATION
t=82.05s exploration known_area_m2=10.610 frontier_groups=47 reachable_candidates=52 goal=(2.700,1.900) odom_distance_m=5.229 reason=안전한 Frontier 후보 있음 selection_reason=구역 유지: 현재 목표 유지 goal_reached=N/A planning_failures=N/A
t=82.05s frontier_score cell=(84, 106) goal=(0.6000000000000001, -1.6) gain_m2=3.080 distance_m=0.500 turn_rad=1.004 revisit=0.000 score=1.063 selected=False
t=82.05s frontier_score cell=(80, 131) goal=(3.1, -2.0) gain_m2=5.120 distance_m=3.000 turn_rad=2.138 revisit=0.000 score=1.000 selected=False
t=82.05s frontier_score cell=(81, 130) goal=(3.0, -1.9000000000000001) gain_m2=4.960 distance_m=2.800 turn_rad=2.138 revisit=0.000 score=0.997 selected=False
t=82.05s frontier_score cell=(85, 105) goal=(0.5, -1.5) gain_m2=2.920 distance_m=0.500 turn_rad=1.004 revisit=0.000 score=0.994 selected=False
t=82.05s frontier_score cell=(80, 132) goal=(3.2, -2.0) gain_m2=5.180 distance_m=3.100 turn_rad=2.138 revisit=0.000 score=0.992 selected=False
t=82.05s frontier_score cell=(119, 127) goal=(2.7, 1.9000000000000001) gain_m2=5.500 distance_m=5.100 turn_rad=0.567 revisit=0.000 score=0.613 selected=True
t=82.05s state=MOVING mission=DISABLED front=0.90m pose=(+0.85, -1.30, +122.5deg) goal=(2.7, 1.9000000000000001) detections=0 located=0 targets=0 perception=WAIT_CALIBRATION
t=83.01s exploration known_area_m2=10.630 frontier_groups=43 reachable_candidates=51 goal=(2.700,1.900) odom_distance_m=5.284 reason=안전한 Frontier 후보 있음 selection_reason=구역 유지: 현재 목표 유지 goal_reached=N/A planning_failures=N/A
t=83.01s frontier_score cell=(80, 131) goal=(3.1, -2.0) gain_m2=5.110 distance_m=3.000 turn_rad=2.033 revisit=0.000 score=1.005 selected=False
t=83.01s frontier_score cell=(81, 130) goal=(3.0, -1.9000000000000001) gain_m2=4.950 distance_m=2.800 turn_rad=2.033 revisit=0.000 score=1.003 selected=False
t=83.01s frontier_score cell=(80, 132) goal=(3.2, -2.0) gain_m2=5.170 distance_m=3.100 turn_rad=2.033 revisit=0.000 score=0.998 selected=False
t=83.01s frontier_score cell=(81, 129) goal=(2.9000000000000004, -1.9000000000000001) gain_m2=4.850 distance_m=2.700 turn_rad=2.033 revisit=0.000 score=0.993 selected=False
t=83.01s frontier_score cell=(79, 133) goal=(3.3000000000000003, -2.1) gain_m2=5.270 distance_m=3.300 turn_rad=2.033 revisit=0.000 score=0.974 selected=False
t=83.01s frontier_score cell=(119, 127) goal=(2.7, 1.9000000000000001) gain_m2=5.500 distance_m=5.100 turn_rad=0.462 revisit=0.000 score=0.623 selected=True
t=83.01s state=MOVING mission=DISABLED front=1.78m pose=(+0.83, -1.27, +116.5deg) goal=(2.7, 1.9000000000000001) detections=0 located=0 targets=0 perception=WAIT_CALIBRATION
t=84.03s exploration known_area_m2=10.630 frontier_groups=44 reachable_candidates=50 goal=(2.700,1.900) odom_distance_m=5.325 reason=안전한 Frontier 후보 있음 selection_reason=구역 유지: 현재 목표 유지 goal_reached=N/A planning_failures=N/A
t=84.03s frontier_score cell=(82, 106) goal=(0.6000000000000001, -1.8) gain_m2=3.510 distance_m=0.800 turn_rad=1.213 revisit=0.000 score=1.128 selected=False
t=84.03s frontier_score cell=(80, 131) goal=(3.1, -2.0) gain_m2=5.090 distance_m=3.100 turn_rad=1.928 revisit=0.000 score=0.973 selected=False
t=84.03s frontier_score cell=(81, 130) goal=(3.0, -1.9000000000000001) gain_m2=4.930 distance_m=2.900 turn_rad=1.928 revisit=0.000 score=0.971 selected=False
t=84.03s frontier_score cell=(80, 132) goal=(3.2, -2.0) gain_m2=5.160 distance_m=3.200 turn_rad=1.928 revisit=0.000 score=0.970 selected=False
t=84.03s frontier_score cell=(81, 129) goal=(2.9000000000000004, -1.9000000000000001) gain_m2=4.830 distance_m=2.800 turn_rad=1.928 revisit=0.000 score=0.961 selected=False
t=84.03s frontier_score cell=(119, 127) goal=(2.7, 1.9000000000000001) gain_m2=5.500 distance_m=5.000 turn_rad=0.358 revisit=0.000 score=0.666 selected=True
t=84.03s state=MOVING mission=DISABLED front=1.95m pose=(+0.81, -1.23, +110.5deg) goal=(2.7, 1.9000000000000001) detections=0 located=0 targets=0 perception=WAIT_CALIBRATION
t=85.06s exploration known_area_m2=10.640 frontier_groups=45 reachable_candidates=51 goal=(2.700,1.900) odom_distance_m=5.381 reason=안전한 Frontier 후보 있음 selection_reason=구역 유지: 현재 목표 유지 goal_reached=N/A planning_failures=N/A
t=85.06s frontier_score cell=(85, 137) goal=(3.7, -1.5) gain_m2=5.360 distance_m=3.200 turn_rad=1.830 revisit=0.000 score=1.066 selected=False
t=85.06s frontier_score cell=(80, 131) goal=(3.1, -2.0) gain_m2=5.100 distance_m=3.100 turn_rad=1.830 revisit=0.000 score=0.987 selected=False
t=85.06s frontier_score cell=(81, 130) goal=(3.0, -1.9000000000000001) gain_m2=4.940 distance_m=2.900 turn_rad=1.830 revisit=0.000 score=0.985 selected=False
t=85.06s frontier_score cell=(80, 132) goal=(3.2, -2.0) gain_m2=5.170 distance_m=3.200 turn_rad=1.830 revisit=0.000 score=0.984 selected=False
t=85.06s frontier_score cell=(81, 129) goal=(2.9000000000000004, -1.9000000000000001) gain_m2=4.840 distance_m=2.800 turn_rad=1.830 revisit=0.000 score=0.975 selected=False
t=85.06s frontier_score cell=(119, 127) goal=(2.7, 1.9000000000000001) gain_m2=5.500 distance_m=5.000 turn_rad=0.259 revisit=0.000 score=0.676 selected=True
t=85.06s state=MOVING mission=DISABLED front=1.91m pose=(+0.80, -1.19, +104.8deg) goal=(2.7, 1.9000000000000001) detections=0 located=0 targets=0 perception=WAIT_CALIBRATION
t=85.06s map_saved=C:\Users\woosu\OneDrive\Desktop\hkton\controllers\tb3_teleop\maps\map.png
t=86.02s goal_change=(2.7, 1.9000000000000001)->(0.0, 0.4) reason=호출자가 목표를 변경함
t=86.02s exploration known_area_m2=10.610 frontier_groups=51 reachable_candidates=52 goal=(0.000,0.400) odom_distance_m=5.422 reason=안전한 Frontier 후보 있음 selection_reason=진척 없음 25s: 구역 (2.7,1.9) 120s 제외 goal_reached=N/A planning_failures=N/A
t=86.02s frontier_score cell=(85, 137) goal=(3.7, -1.5) gain_m2=5.360 distance_m=3.300 turn_rad=1.740 revisit=0.000 score=1.041 selected=False
t=86.02s frontier_score cell=(80, 131) goal=(3.1, -2.0) gain_m2=5.110 distance_m=3.200 turn_rad=1.740 revisit=0.000 score=0.967 selected=False
t=86.02s frontier_score cell=(81, 130) goal=(3.0, -1.9000000000000001) gain_m2=4.950 distance_m=3.000 turn_rad=1.740 revisit=0.000 score=0.964 selected=False
t=86.02s frontier_score cell=(80, 132) goal=(3.2, -2.0) gain_m2=5.180 distance_m=3.300 turn_rad=1.740 revisit=0.000 score=0.963 selected=False
t=86.02s frontier_score cell=(81, 129) goal=(2.9000000000000004, -1.9000000000000001) gain_m2=4.850 distance_m=2.900 turn_rad=1.740 revisit=0.000 score=0.955 selected=False
t=86.02s frontier_score cell=(104, 100) goal=(0.0, 0.4) gain_m2=3.760 distance_m=2.300 turn_rad=0.169 revisit=0.000 score=0.836 selected=True
t=86.02s state=MOVING mission=DISABLED front=1.87m pose=(+0.79, -1.15, +99.7deg) goal=(0.0, 0.4) detections=0 located=0 targets=0 perception=WAIT_CALIBRATION
t=87.04s exploration known_area_m2=10.590 frontier_groups=52 reachable_candidates=56 goal=(0.000,0.400) odom_distance_m=5.478 reason=안전한 Frontier 후보 있음 selection_reason=구역 유지: 현재 목표 유지 goal_reached=N/A planning_failures=N/A
t=87.04s frontier_score cell=(84, 137) goal=(3.7, -1.6) gain_m2=5.360 distance_m=3.400 turn_rad=1.739 revisit=0.000 score=1.008 selected=False
t=87.04s frontier_score cell=(80, 131) goal=(3.1, -2.0) gain_m2=5.110 distance_m=3.200 turn_rad=1.739 revisit=0.000 score=0.967 selected=False
t=87.04s frontier_score cell=(81, 130) goal=(3.0, -1.9000000000000001) gain_m2=4.950 distance_m=3.000 turn_rad=1.739 revisit=0.000 score=0.965 selected=False
t=87.04s frontier_score cell=(80, 132) goal=(3.2, -2.0) gain_m2=5.180 distance_m=3.300 turn_rad=1.739 revisit=0.000 score=0.964 selected=False
t=87.04s frontier_score cell=(81, 129) goal=(2.9000000000000004, -1.9000000000000001) gain_m2=4.850 distance_m=2.900 turn_rad=1.739 revisit=0.000 score=0.955 selected=False
t=87.04s state=MOVING mission=DISABLED front=1.81m pose=(+0.78, -1.09, +99.6deg) goal=(0.0, 0.4) detections=0 located=0 targets=0 perception=WAIT_CALIBRATION
t=88.00s exploration known_area_m2=10.680 frontier_groups=46 reachable_candidates=52 goal=(0.000,0.400) odom_distance_m=5.527 reason=안전한 Frontier 후보 있음 selection_reason=구역 유지: 현재 목표 유지 goal_reached=N/A planning_failures=N/A
t=88.00s frontier_score cell=(84, 137) goal=(3.7, -1.6) gain_m2=5.330 distance_m=3.500 turn_rad=1.738 revisit=0.000 score=0.962 selected=False
t=88.00s frontier_score cell=(80, 130) goal=(3.0, -2.0) gain_m2=5.010 distance_m=3.200 turn_rad=1.738 revisit=0.000 score=0.924 selected=False
t=88.00s frontier_score cell=(80, 131) goal=(3.1, -2.0) gain_m2=5.070 distance_m=3.300 turn_rad=1.738 revisit=0.000 score=0.916 selected=False
t=88.00s frontier_score cell=(80, 132) goal=(3.2, -2.0) gain_m2=5.140 distance_m=3.400 turn_rad=1.738 revisit=0.000 score=0.913 selected=False
t=88.00s frontier_score cell=(81, 129) goal=(2.9000000000000004, -1.9000000000000001) gain_m2=4.810 distance_m=3.000 turn_rad=1.738 revisit=0.000 score=0.904 selected=False
t=88.00s state=MOVING mission=DISABLED front=1.76m pose=(+0.77, -1.04, +99.6deg) goal=(0.0, 0.4) detections=0 located=0 targets=0 perception=WAIT_CALIBRATION
t=88.58s goal_change=(0.0, 0.4)->(0.0, -1.1) reason=호출자가 목표를 변경함
t=89.02s exploration known_area_m2=10.710 frontier_groups=45 reachable_candidates=49 goal=(0.000,-1.100) odom_distance_m=5.574 reason=안전한 Frontier 후보 있음 selection_reason=구역 유지: 현재 목표 유지 goal_reached=N/A planning_failures=N/A
t=89.02s frontier_score cell=(80, 130) goal=(3.0, -2.0) gain_m2=4.990 distance_m=3.200 turn_rad=1.817 revisit=0.000 score=0.908 selected=False
t=89.02s frontier_score cell=(80, 131) goal=(3.1, -2.0) gain_m2=5.050 distance_m=3.300 turn_rad=1.817 revisit=0.000 score=0.900 selected=False
t=89.02s frontier_score cell=(81, 129) goal=(2.9000000000000004, -1.9000000000000001) gain_m2=4.790 distance_m=3.000 turn_rad=1.817 revisit=0.000 score=0.888 selected=False
t=89.02s frontier_score cell=(79, 132) goal=(3.2, -2.1) gain_m2=5.160 distance_m=3.500 turn_rad=1.817 revisit=0.000 score=0.881 selected=False
t=89.02s frontier_score cell=(79, 133) goal=(3.3000000000000003, -2.1) gain_m2=5.220 distance_m=3.600 turn_rad=1.817 revisit=0.000 score=0.873 selected=False
t=89.02s frontier_score cell=(89, 100) goal=(0.0, -1.1) gain_m2=3.010 distance_m=0.900 turn_rad=1.325 revisit=0.000 score=0.869 selected=True
t=89.02s state=MOVING mission=DISABLED front=1.72m pose=(+0.76, -1.00, +104.1deg) goal=(0.0, -1.1) detections=0 located=0 targets=0 perception=WAIT_CALIBRATION
t=89.41s goal_change=(0.0, -1.1)->(3.3000000000000003, 0.5) reason=호출자가 목표를 변경함
t=90.05s exploration known_area_m2=10.750 frontier_groups=44 reachable_candidates=53 goal=(3.300,0.500) odom_distance_m=5.620 reason=안전한 Frontier 후보 있음 selection_reason=구역 유지: 현재 목표 유지 goal_reached=N/A planning_failures=N/A
t=90.05s frontier_score cell=(80, 130) goal=(3.0, -2.0) gain_m2=4.940 distance_m=3.200 turn_rad=1.814 revisit=0.000 score=0.886 selected=False
t=90.05s frontier_score cell=(80, 129) goal=(2.9000000000000004, -2.0) gain_m2=4.850 distance_m=3.100 turn_rad=1.814 revisit=0.000 score=0.881 selected=False
t=90.05s frontier_score cell=(79, 131) goal=(3.1, -2.1) gain_m2=5.050 distance_m=3.400 turn_rad=1.814 revisit=0.000 score=0.867 selected=False
t=90.05s frontier_score cell=(79, 132) goal=(3.2, -2.1) gain_m2=5.110 distance_m=3.500 turn_rad=1.814 revisit=0.000 score=0.860 selected=False
t=90.05s frontier_score cell=(78, 133) goal=(3.3000000000000003, -2.2) gain_m2=5.210 distance_m=3.700 turn_rad=1.814 revisit=0.000 score=0.836 selected=False
t=90.05s frontier_score cell=(105, 133) goal=(3.3000000000000003, 0.5) gain_m2=4.900 distance_m=4.000 turn_rad=0.243 revisit=0.000 score=0.753 selected=True
t=90.05s state=MOVING mission=DISABLED front=1.68m pose=(+0.75, -0.96, +103.9deg) goal=(3.3000000000000003, 0.5) detections=1 located=0 targets=0 perception=WAIT_CALIBRATION
t=90.05s map_saved=C:\Users\woosu\OneDrive\Desktop\hkton\controllers\tb3_teleop\maps\map.png
t=91.01s exploration known_area_m2=10.770 frontier_groups=46 reachable_candidates=55 goal=(3.300,0.500) odom_distance_m=5.658 reason=안전한 Frontier 후보 있음 selection_reason=구역 유지: 현재 목표 유지 goal_reached=N/A planning_failures=N/A
t=91.01s frontier_score cell=(80, 130) goal=(3.0, -2.0) gain_m2=4.890 distance_m=3.400 turn_rad=1.706 revisit=0.000 score=0.808 selected=False
t=91.01s frontier_score cell=(80, 129) goal=(2.9000000000000004, -2.0) gain_m2=4.800 distance_m=3.300 turn_rad=1.706 revisit=0.000 score=0.803 selected=False
t=91.01s frontier_score cell=(79, 131) goal=(3.1, -2.1) gain_m2=5.000 distance_m=3.600 turn_rad=1.706 revisit=0.000 score=0.789 selected=False
t=91.01s frontier_score cell=(80, 128) goal=(2.8000000000000003, -2.0) gain_m2=4.650 distance_m=3.200 turn_rad=1.706 revisit=0.000 score=0.772 selected=False
t=91.01s frontier_score cell=(119, 127) goal=(2.7, 1.9000000000000001) gain_m2=5.540 distance_m=4.800 turn_rad=0.135 revisit=0.000 score=0.772 selected=False
t=91.01s frontier_score cell=(105, 133) goal=(3.3000000000000003, 0.5) gain_m2=4.910 distance_m=4.000 turn_rad=0.135 revisit=0.000 score=0.767 selected=True
t=91.01s state=MOVING mission=DISABLED front=1.63m pose=(+0.74, -0.92, +97.8deg) goal=(3.3000000000000003, 0.5) detections=1 located=0 targets=0 perception=WAIT_CALIBRATION
t=92.03s exploration known_area_m2=11.040 frontier_groups=41 reachable_candidates=50 goal=(3.300,0.500) odom_distance_m=5.710 reason=안전한 Frontier 후보 있음 selection_reason=구역 유지: 현재 목표 유지 goal_reached=N/A planning_failures=N/A
t=92.03s frontier_score cell=(104, 134) goal=(3.4000000000000004, 0.4) gain_m2=4.990 distance_m=4.000 turn_rad=0.020 revisit=0.000 score=0.813 selected=False
t=92.03s frontier_score cell=(80, 129) goal=(2.9000000000000004, -2.0) gain_m2=4.750 distance_m=3.300 turn_rad=1.591 revisit=0.000 score=0.793 selected=False
t=92.03s frontier_score cell=(79, 130) goal=(3.0, -2.1) gain_m2=4.890 distance_m=3.500 turn_rad=1.591 revisit=0.000 score=0.786 selected=False
t=92.03s frontier_score cell=(79, 131) goal=(3.1, -2.1) gain_m2=4.950 distance_m=3.600 turn_rad=1.591 revisit=0.000 score=0.779 selected=False
t=92.03s frontier_score cell=(119, 127) goal=(2.7, 1.9000000000000001) gain_m2=5.530 distance_m=4.800 turn_rad=0.020 revisit=0.000 score=0.778 selected=False
t=92.03s frontier_score cell=(105, 133) goal=(3.3000000000000003, 0.5) gain_m2=4.690 distance_m=4.000 turn_rad=0.020 revisit=0.000 score=0.683 selected=True
t=92.03s state=MOVING mission=DISABLED front=1.59m pose=(+0.74, -0.88, +91.2deg) goal=(3.3000000000000003, 0.5) detections=1 located=0 targets=0 perception=WAIT_CALIBRATION
t=92.74s goal_change=(3.3000000000000003, 0.5)->(3.6, 0.4) reason=호출자가 목표를 변경함
t=93.06s exploration known_area_m2=11.230 frontier_groups=42 reachable_candidates=53 goal=(3.600,0.400) odom_distance_m=5.751 reason=안전한 Frontier 후보 있음 selection_reason=구역 유지: 현재 목표 유지 goal_reached=N/A planning_failures=N/A
t=93.06s frontier_score cell=(104, 136) goal=(3.6, 0.4) gain_m2=5.280 distance_m=4.100 turn_rad=0.091 revisit=0.000 score=0.897 selected=True
t=93.06s frontier_score cell=(103, 135) goal=(3.5, 0.30000000000000004) gain_m2=5.060 distance_m=3.900 turn_rad=0.091 revisit=0.000 score=0.869 selected=False
t=93.06s frontier_score cell=(104, 135) goal=(3.5, 0.4) gain_m2=5.040 distance_m=4.000 turn_rad=0.091 revisit=0.000 score=0.827 selected=False
t=93.06s frontier_score cell=(103, 134) goal=(3.4000000000000004, 0.30000000000000004) gain_m2=4.820 distance_m=3.800 turn_rad=0.091 revisit=0.000 score=0.799 selected=False
t=93.06s frontier_score cell=(119, 127) goal=(2.7, 1.9000000000000001) gain_m2=5.500 distance_m=4.700 turn_rad=0.091 revisit=0.000 score=0.792 selected=False
t=93.06s state=MOVING mission=DISABLED front=1.65m pose=(+0.74, -0.84, +84.8deg) goal=(3.6, 0.4) detections=0 located=0 targets=0 perception=WAIT_CALIBRATION
t=93.50s goal_change=(3.6, 0.4)->(3.6, 0.30000000000000004) reason=호출자가 목표를 변경함
t=94.02s exploration known_area_m2=11.250 frontier_groups=46 reachable_candidates=61 goal=(3.600,0.300) odom_distance_m=5.806 reason=안전한 Frontier 후보 있음 selection_reason=구역 유지: 현재 목표 유지 goal_reached=N/A planning_failures=N/A
t=94.02s frontier_score cell=(99, 98) goal=(-0.2, -0.1) gain_m2=3.440 distance_m=1.600 turn_rad=0.193 revisit=0.000 score=0.929 selected=False
t=94.02s frontier_score cell=(103, 136) goal=(3.6, 0.30000000000000004) gain_m2=5.270 distance_m=4.000 turn_rad=0.193 revisit=0.000 score=0.916 selected=True
t=94.02s frontier_score cell=(103, 135) goal=(3.5, 0.30000000000000004) gain_m2=5.030 distance_m=3.900 turn_rad=0.193 revisit=0.000 score=0.847 selected=False
t=94.02s frontier_score cell=(102, 134) goal=(3.4000000000000004, 0.2) gain_m2=4.760 distance_m=3.700 turn_rad=0.193 revisit=0.000 score=0.797 selected=False
t=94.02s frontier_score cell=(119, 127) goal=(2.7, 1.9000000000000001) gain_m2=5.510 distance_m=4.700 turn_rad=0.193 revisit=0.000 score=0.786 selected=False
t=94.02s state=MOVING mission=DISABLED front=1.63m pose=(+0.75, -0.80, +78.9deg) goal=(3.6, 0.30000000000000004) detections=0 located=0 targets=0 perception=WAIT_CALIBRATION
t=95.04s exploration known_area_m2=11.340 frontier_groups=45 reachable_candidates=59 goal=(3.600,0.300) odom_distance_m=5.862 reason=안전한 Frontier 후보 있음 selection_reason=구역 유지: 현재 목표 유지 goal_reached=N/A planning_failures=N/A
t=95.04s frontier_score cell=(103, 136) goal=(3.6, 0.30000000000000004) gain_m2=5.190 distance_m=4.000 turn_rad=0.281 revisit=0.000 score=0.874 selected=True
t=95.04s frontier_score cell=(103, 135) goal=(3.5, 0.30000000000000004) gain_m2=4.950 distance_m=3.900 turn_rad=0.281 revisit=0.000 score=0.804 selected=False
t=95.04s frontier_score cell=(80, 129) goal=(2.9000000000000004, -2.0) gain_m2=4.750 distance_m=3.400 turn_rad=1.290 revisit=0.000 score=0.788 selected=False
t=95.04s frontier_score cell=(79, 130) goal=(3.0, -2.1) gain_m2=4.890 distance_m=3.600 turn_rad=1.290 revisit=0.000 score=0.782 selected=False
t=95.04s frontier_score cell=(79, 131) goal=(3.1, -2.1) gain_m2=4.950 distance_m=3.700 turn_rad=1.290 revisit=0.000 score=0.774 selected=False
t=95.04s state=MOVING mission=DISABLED front=1.58m pose=(+0.74, -0.76, +73.9deg) goal=(3.6, 0.30000000000000004) detections=0 located=0 targets=0 perception=WAIT_CALIBRATION
t=95.04s map_saved=C:\Users\woosu\OneDrive\Desktop\hkton\controllers\tb3_teleop\maps\map.png
t=96.00s exploration known_area_m2=11.360 frontier_groups=53 reachable_candidates=66 goal=(3.600,0.300) odom_distance_m=5.921 reason=안전한 Frontier 후보 있음 selection_reason=구역 유지: 현재 목표 유지 goal_reached=N/A planning_failures=N/A
t=96.00s frontier_score cell=(103, 137) goal=(3.7, 0.30000000000000004) gain_m2=5.350 distance_m=3.900 turn_rad=0.387 revisit=0.000 score=0.966 selected=False
t=96.00s frontier_score cell=(103, 136) goal=(3.6, 0.30000000000000004) gain_m2=5.140 distance_m=3.800 turn_rad=0.387 revisit=0.000 score=0.909 selected=True
t=96.00s frontier_score cell=(103, 135) goal=(3.5, 0.30000000000000004) gain_m2=4.900 distance_m=3.700 turn_rad=0.387 revisit=0.000 score=0.839 selected=False
t=96.00s frontier_score cell=(80, 129) goal=(2.9000000000000004, -2.0) gain_m2=4.750 distance_m=3.400 turn_rad=1.184 revisit=0.000 score=0.798 selected=False
t=96.00s frontier_score cell=(102, 134) goal=(3.4000000000000004, 0.2) gain_m2=4.650 distance_m=3.500 turn_rad=0.387 revisit=0.000 score=0.798 selected=False
t=96.00s state=MOVING mission=DISABLED front=1.54m pose=(+0.77, -0.72, +67.8deg) goal=(3.6, 0.30000000000000004) detections=0 located=0 targets=0 perception=WAIT_CALIBRATION
t=97.02s exploration known_area_m2=11.380 frontier_groups=54 reachable_candidates=64 goal=(3.600,0.300) odom_distance_m=5.972 reason=안전한 Frontier 후보 있음 selection_reason=구역 유지: 현재 목표 유지 goal_reached=N/A planning_failures=N/A
t=97.02s frontier_score cell=(103, 137) goal=(3.7, 0.30000000000000004) gain_m2=5.330 distance_m=3.900 turn_rad=0.475 revisit=0.000 score=0.949 selected=False
t=97.02s frontier_score cell=(103, 136) goal=(3.6, 0.30000000000000004) gain_m2=5.120 distance_m=3.800 turn_rad=0.475 revisit=0.000 score=0.892 selected=True
t=97.02s frontier_score cell=(103, 135) goal=(3.5, 0.30000000000000004) gain_m2=4.880 distance_m=3.700 turn_rad=0.475 revisit=0.000 score=0.822 selected=False
t=97.02s frontier_score cell=(80, 129) goal=(2.9000000000000004, -2.0) gain_m2=4.750 distance_m=3.400 turn_rad=1.096 revisit=0.000 score=0.806 selected=False
t=97.02s frontier_score cell=(79, 130) goal=(3.0, -2.1) gain_m2=4.890 distance_m=3.600 turn_rad=1.096 revisit=0.000 score=0.800 selected=False
t=97.02s state=MOVING mission=DISABLED front=1.50m pose=(+0.79, -0.67, +62.8deg) goal=(3.6, 0.30000000000000004) detections=0 located=0 targets=0 perception=WAIT_CALIBRATION
t=98.05s exploration known_area_m2=11.520 frontier_groups=45 reachable_candidates=57 goal=(3.600,0.300) odom_distance_m=6.058 reason=안전한 Frontier 후보 있음 selection_reason=구역 유지: 현재 목표 유지 goal_reached=N/A planning_failures=N/A
t=98.05s frontier_score cell=(103, 137) goal=(3.7, 0.30000000000000004) gain_m2=5.270 distance_m=3.800 turn_rad=0.560 revisit=0.000 score=0.948 selected=False
t=98.05s frontier_score cell=(103, 136) goal=(3.6, 0.30000000000000004) gain_m2=5.060 distance_m=3.700 turn_rad=0.560 revisit=0.000 score=0.891 selected=True
t=98.05s frontier_score cell=(103, 135) goal=(3.5, 0.30000000000000004) gain_m2=4.820 distance_m=3.600 turn_rad=0.560 revisit=0.000 score=0.821 selected=False
t=98.05s frontier_score cell=(119, 127) goal=(2.7, 1.9000000000000001) gain_m2=5.350 distance_m=4.400 turn_rad=0.560 revisit=0.000 score=0.783 selected=False
t=98.05s frontier_score cell=(102, 134) goal=(3.4000000000000004, 0.2) gain_m2=4.560 distance_m=3.400 turn_rad=0.560 revisit=0.000 score=0.776 selected=False
t=98.05s state=MOVING mission=DISABLED front=1.47m pose=(+0.82, -0.63, +57.9deg) goal=(3.6, 0.30000000000000004) detections=0 located=0 targets=0 perception=WAIT_CALIBRATION
t=99.01s exploration known_area_m2=11.550 frontier_groups=46 reachable_candidates=66 goal=(3.600,0.300) odom_distance_m=6.107 reason=안전한 Frontier 후보 있음 selection_reason=구역 유지: 현재 목표 유지 goal_reached=N/A planning_failures=N/A
t=99.01s frontier_score cell=(103, 138) goal=(3.8000000000000003, 0.30000000000000004) gain_m2=5.460 distance_m=3.900 turn_rad=0.641 revisit=0.000 score=0.989 selected=False
t=99.01s frontier_score cell=(103, 137) goal=(3.7, 0.30000000000000004) gain_m2=5.250 distance_m=3.800 turn_rad=0.641 revisit=0.000 score=0.932 selected=False
t=99.01s frontier_score cell=(105, 101) goal=(0.1, 0.5) gain_m2=3.700 distance_m=1.800 turn_rad=0.641 revisit=0.000 score=0.931 selected=False
t=99.01s frontier_score cell=(103, 136) goal=(3.6, 0.30000000000000004) gain_m2=5.030 distance_m=3.700 turn_rad=0.641 revisit=0.000 score=0.870 selected=True
t=99.01s frontier_score cell=(102, 135) goal=(3.5, 0.2) gain_m2=4.790 distance_m=3.500 turn_rad=0.641 revisit=0.000 score=0.834 selected=False
t=99.01s state=MOVING mission=DISABLED front=1.45m pose=(+0.85, -0.59, +53.3deg) goal=(3.6, 0.30000000000000004) detections=0 located=0 targets=0 perception=WAIT_CALIBRATION
t=100.03s exploration known_area_m2=11.590 frontier_groups=57 reachable_candidates=65 goal=(3.600,0.300) odom_distance_m=6.193 reason=안전한 Frontier 후보 있음 selection_reason=구역 유지: 현재 목표 유지 goal_reached=N/A planning_failures=N/A
t=100.03s frontier_score cell=(103, 138) goal=(3.8000000000000003, 0.30000000000000004) gain_m2=5.420 distance_m=3.700 turn_rad=0.726 revisit=0.000 score=1.030 selected=False
t=100.03s frontier_score cell=(103, 137) goal=(3.7, 0.30000000000000004) gain_m2=5.200 distance_m=3.600 turn_rad=0.726 revisit=0.000 score=0.969 selected=False
t=100.03s frontier_score cell=(103, 136) goal=(3.6, 0.30000000000000004) gain_m2=4.990 distance_m=3.500 turn_rad=0.726 revisit=0.000 score=0.912 selected=True
t=100.03s frontier_score cell=(102, 135) goal=(3.5, 0.2) gain_m2=4.750 distance_m=3.300 turn_rad=0.726 revisit=0.000 score=0.875 selected=False
t=100.03s frontier_score cell=(119, 127) goal=(2.7, 1.9000000000000001) gain_m2=5.310 distance_m=4.200 turn_rad=0.726 revisit=0.000 score=0.816 selected=False
t=100.03s state=MOVING mission=DISABLED front=1.45m pose=(+0.88, -0.55, +48.4deg) goal=(3.6, 0.30000000000000004) detections=0 located=0 targets=0 perception=WAIT_CALIBRATION
t=100.03s map_saved=C:\Users\woosu\OneDrive\Desktop\hkton\controllers\tb3_teleop\maps\map.png
t=101.06s exploration known_area_m2=11.610 frontier_groups=54 reachable_candidates=66 goal=(3.600,0.300) odom_distance_m=6.247 reason=안전한 Frontier 후보 있음 selection_reason=구역 유지: 현재 목표 유지 goal_reached=N/A planning_failures=N/A
t=101.06s frontier_score cell=(103, 138) goal=(3.8000000000000003, 0.30000000000000004) gain_m2=5.420 distance_m=3.700 turn_rad=0.760 revisit=0.000 score=1.027 selected=False
t=101.06s frontier_score cell=(103, 137) goal=(3.7, 0.30000000000000004) gain_m2=5.200 distance_m=3.600 turn_rad=0.760 revisit=0.000 score=0.966 selected=False
t=101.06s frontier_score cell=(103, 136) goal=(3.6, 0.30000000000000004) gain_m2=4.990 distance_m=3.500 turn_rad=0.760 revisit=0.000 score=0.909 selected=True
t=101.06s frontier_score cell=(102, 135) goal=(3.5, 0.2) gain_m2=4.750 distance_m=3.300 turn_rad=0.760 revisit=0.000 score=0.872 selected=False
t=101.06s frontier_score cell=(119, 127) goal=(2.7, 1.9000000000000001) gain_m2=5.290 distance_m=4.200 turn_rad=0.760 revisit=0.000 score=0.804 selected=False
t=101.06s state=MOVING mission=DISABLED front=1.97m pose=(+0.92, -0.51, +43.6deg) goal=(3.6, 0.30000000000000004) detections=0 located=0 targets=0 perception=WAIT_CALIBRATION
t=102.02s exploration known_area_m2=11.700 frontier_groups=53 reachable_candidates=65 goal=(3.600,0.300) odom_distance_m=6.324 reason=안전한 Frontier 후보 있음 selection_reason=구역 유지: 현재 목표 유지 goal_reached=N/A planning_failures=N/A
t=102.02s frontier_score cell=(103, 140) goal=(4.0, 0.30000000000000004) gain_m2=5.810 distance_m=3.900 turn_rad=0.688 revisit=0.000 score=1.135 selected=False
t=102.02s frontier_score cell=(103, 139) goal=(3.9000000000000004, 0.30000000000000004) gain_m2=5.610 distance_m=3.800 turn_rad=0.688 revisit=0.000 score=1.082 selected=False
t=102.02s frontier_score cell=(103, 138) goal=(3.8000000000000003, 0.30000000000000004) gain_m2=5.390 distance_m=3.700 turn_rad=0.688 revisit=0.000 score=1.021 selected=False
t=102.02s frontier_score cell=(103, 137) goal=(3.7, 0.30000000000000004) gain_m2=5.150 distance_m=3.600 turn_rad=0.688 revisit=0.000 score=0.951 selected=False
t=102.02s frontier_score cell=(102, 136) goal=(3.6, 0.2) gain_m2=4.940 distance_m=3.400 turn_rad=0.688 revisit=0.000 score=0.927 selected=False
t=102.02s state=MOVING mission=DISABLED front=1.92m pose=(+0.93, -0.47, +39.4deg) goal=(3.6, 0.30000000000000004) detections=0 located=0 targets=0 perception=WAIT_CALIBRATION
t=103.04s exploration known_area_m2=11.750 frontier_groups=58 reachable_candidates=69 goal=(3.600,0.300) odom_distance_m=6.412 reason=안전한 Frontier 후보 있음 selection_reason=구역 유지: 현재 목표 유지 goal_reached=N/A planning_failures=N/A
t=103.04s frontier_score cell=(103, 140) goal=(4.0, 0.30000000000000004) gain_m2=5.760 distance_m=3.700 turn_rad=0.604 revisit=0.000 score=1.188 selected=False
t=103.04s frontier_score cell=(103, 139) goal=(3.9000000000000004, 0.30000000000000004) gain_m2=5.560 distance_m=3.600 turn_rad=0.604 revisit=0.000 score=1.135 selected=False
t=103.04s frontier_score cell=(103, 138) goal=(3.8000000000000003, 0.30000000000000004) gain_m2=5.340 distance_m=3.500 turn_rad=0.604 revisit=0.000 score=1.074 selected=False
t=103.04s frontier_score cell=(102, 136) goal=(3.6, 0.2) gain_m2=4.890 distance_m=3.200 turn_rad=0.604 revisit=0.000 score=0.980 selected=False
t=103.04s frontier_score cell=(102, 135) goal=(3.5, 0.2) gain_m2=4.650 distance_m=3.100 turn_rad=0.604 revisit=0.000 score=0.910 selected=False
t=103.04s state=MOVING mission=DISABLED front=1.88m pose=(+1.00, -0.44, +34.6deg) goal=(3.6, 0.30000000000000004) detections=0 located=0 targets=0 perception=WAIT_CALIBRATION
t=104.00s exploration known_area_m2=11.830 frontier_groups=60 reachable_candidates=75 goal=(3.600,0.300) odom_distance_m=6.469 reason=안전한 Frontier 후보 있음 selection_reason=구역 유지: 현재 목표 유지 goal_reached=N/A planning_failures=N/A
t=104.00s frontier_score cell=(103, 140) goal=(4.0, 0.30000000000000004) gain_m2=5.700 distance_m=3.600 turn_rad=0.534 revisit=0.000 score=1.202 selected=False
t=104.00s frontier_score cell=(103, 139) goal=(3.9000000000000004, 0.30000000000000004) gain_m2=5.510 distance_m=3.500 turn_rad=0.534 revisit=0.000 score=1.154 selected=False
t=104.00s frontier_score cell=(102, 138) goal=(3.8000000000000003, 0.2) gain_m2=5.280 distance_m=3.300 turn_rad=0.534 revisit=0.000 score=1.122 selected=False
t=104.00s frontier_score cell=(102, 137) goal=(3.7, 0.2) gain_m2=5.070 distance_m=3.200 turn_rad=0.534 revisit=0.000 score=1.065 selected=False
t=104.00s frontier_score cell=(102, 136) goal=(3.6, 0.2) gain_m2=4.830 distance_m=3.100 turn_rad=0.534 revisit=0.000 score=0.995 selected=False
t=104.00s state=MOVING mission=DISABLED front=1.82m pose=(+1.05, -0.41, +30.6deg) goal=(3.6, 0.30000000000000004) detections=0 located=0 targets=0 perception=WAIT_CALIBRATION
t=105.02s exploration known_area_m2=11.890 frontier_groups=57 reachable_candidates=72 goal=(3.600,0.300) odom_distance_m=6.566 reason=안전한 Frontier 후보 있음 selection_reason=구역 유지: 현재 목표 유지 goal_reached=N/A planning_failures=N/A
t=105.02s frontier_score cell=(103, 140) goal=(4.0, 0.30000000000000004) gain_m2=5.690 distance_m=3.600 turn_rad=0.463 revisit=0.000 score=1.205 selected=False
t=105.02s frontier_score cell=(103, 139) goal=(3.9000000000000004, 0.30000000000000004) gain_m2=5.500 distance_m=3.500 turn_rad=0.463 revisit=0.000 score=1.156 selected=False
t=105.02s frontier_score cell=(102, 138) goal=(3.8000000000000003, 0.2) gain_m2=5.280 distance_m=3.300 turn_rad=0.463 revisit=0.000 score=1.128 selected=False
t=105.02s frontier_score cell=(102, 137) goal=(3.7, 0.2) gain_m2=5.060 distance_m=3.200 turn_rad=0.463 revisit=0.000 score=1.067 selected=False
t=105.02s frontier_score cell=(102, 136) goal=(3.6, 0.2) gain_m2=4.810 distance_m=3.100 turn_rad=0.463 revisit=0.000 score=0.993 selected=False
t=105.02s state=MOVING mission=DISABLED front=1.75m pose=(+1.11, -0.38, +26.5deg) goal=(3.6, 0.30000000000000004) detections=0 located=0 targets=0 perception=WAIT_CALIBRATION
t=105.02s map_saved=C:\Users\woosu\OneDrive\Desktop\hkton\controllers\tb3_teleop\maps\map.png
t=106.05s exploration known_area_m2=11.910 frontier_groups=58 reachable_candidates=77 goal=(3.600,0.300) odom_distance_m=6.635 reason=안전한 Frontier 후보 있음 selection_reason=구역 유지: 현재 목표 유지 goal_reached=N/A planning_failures=N/A
t=106.05s frontier_score cell=(103, 140) goal=(4.0, 0.30000000000000004) gain_m2=5.680 distance_m=3.400 turn_rad=0.397 revisit=0.000 score=1.273 selected=False
t=106.05s frontier_score cell=(103, 139) goal=(3.9000000000000004, 0.30000000000000004) gain_m2=5.490 distance_m=3.300 turn_rad=0.397 revisit=0.000 score=1.225 selected=False
t=106.05s frontier_score cell=(102, 138) goal=(3.8000000000000003, 0.2) gain_m2=5.270 distance_m=3.100 turn_rad=0.397 revisit=0.000 score=1.197 selected=False
t=106.05s frontier_score cell=(102, 137) goal=(3.7, 0.2) gain_m2=5.050 distance_m=3.000 turn_rad=0.397 revisit=0.000 score=1.136 selected=False
t=106.05s frontier_score cell=(102, 136) goal=(3.6, 0.2) gain_m2=4.820 distance_m=2.900 turn_rad=0.397 revisit=0.000 score=1.070 selected=False
t=106.05s state=MOVING mission=DISABLED front=1.68m pose=(+1.17, -0.35, +22.8deg) goal=(3.6, 0.30000000000000004) detections=0 located=0 targets=0 perception=WAIT_CALIBRATION
t=107.01s exploration known_area_m2=11.960 frontier_groups=59 reachable_candidates=73 goal=(3.600,0.300) odom_distance_m=6.706 reason=안전한 Frontier 후보 있음 selection_reason=구역 유지: 현재 목표 유지 goal_reached=N/A planning_failures=N/A
t=107.01s frontier_score cell=(103, 140) goal=(4.0, 0.30000000000000004) gain_m2=5.670 distance_m=3.400 turn_rad=0.343 revisit=0.000 score=1.274 selected=False
t=107.01s frontier_score cell=(103, 139) goal=(3.9000000000000004, 0.30000000000000004) gain_m2=5.480 distance_m=3.300 turn_rad=0.343 revisit=0.000 score=1.226 selected=False
t=107.01s frontier_score cell=(102, 138) goal=(3.8000000000000003, 0.2) gain_m2=5.260 distance_m=3.100 turn_rad=0.343 revisit=0.000 score=1.198 selected=False
t=107.01s frontier_score cell=(102, 137) goal=(3.7, 0.2) gain_m2=5.040 distance_m=3.000 turn_rad=0.343 revisit=0.000 score=1.137 selected=False
t=107.01s frontier_score cell=(102, 136) goal=(3.6, 0.2) gain_m2=4.810 distance_m=2.900 turn_rad=0.343 revisit=0.000 score=1.071 selected=False
t=107.01s state=MOVING mission=DISABLED front=1.62m pose=(+1.24, -0.32, +19.7deg) goal=(3.6, 0.30000000000000004) detections=2 located=0 targets=0 perception=WAIT_CALIBRATION
t=108.03s exploration known_area_m2=12.060 frontier_groups=50 reachable_candidates=71 goal=(3.600,0.300) odom_distance_m=6.808 reason=안전한 Frontier 후보 있음 selection_reason=구역 유지: 현재 목표 유지 goal_reached=N/A planning_failures=N/A
t=108.03s frontier_score cell=(103, 140) goal=(4.0, 0.30000000000000004) gain_m2=5.680 distance_m=3.300 turn_rad=0.294 revisit=0.000 score=1.317 selected=False
t=108.03s frontier_score cell=(103, 139) goal=(3.9000000000000004, 0.30000000000000004) gain_m2=5.490 distance_m=3.200 turn_rad=0.294 revisit=0.000 score=1.268 selected=False
t=108.03s frontier_score cell=(102, 138) goal=(3.8000000000000003, 0.2) gain_m2=5.280 distance_m=3.000 turn_rad=0.294 revisit=0.000 score=1.244 selected=False
t=108.03s frontier_score cell=(102, 137) goal=(3.7, 0.2) gain_m2=5.040 distance_m=2.900 turn_rad=0.294 revisit=0.000 score=1.175 selected=False
t=108.03s frontier_score cell=(102, 136) goal=(3.6, 0.2) gain_m2=4.800 distance_m=2.800 turn_rad=0.294 revisit=0.000 score=1.105 selected=False
t=108.03s state=MOVING mission=DISABLED front=1.67m pose=(+1.32, -0.30, +16.9deg) goal=(3.6, 0.30000000000000004) detections=0 located=0 targets=0 perception=WAIT_CALIBRATION
t=109.06s exploration known_area_m2=12.130 frontier_groups=57 reachable_candidates=74 goal=(3.600,0.300) odom_distance_m=6.901 reason=안전한 Frontier 후보 있음 selection_reason=구역 유지: 현재 목표 유지 goal_reached=N/A planning_failures=N/A
t=109.06s frontier_score cell=(103, 140) goal=(4.0, 0.30000000000000004) gain_m2=5.650 distance_m=3.200 turn_rad=0.257 revisit=0.000 score=1.341 selected=False
t=109.06s frontier_score cell=(103, 139) goal=(3.9000000000000004, 0.30000000000000004) gain_m2=5.450 distance_m=3.100 turn_rad=0.257 revisit=0.000 score=1.288 selected=False
t=109.06s frontier_score cell=(102, 138) goal=(3.8000000000000003, 0.2) gain_m2=5.240 distance_m=2.900 turn_rad=0.257 revisit=0.000 score=1.264 selected=False
t=109.06s frontier_score cell=(102, 137) goal=(3.7, 0.2) gain_m2=5.000 distance_m=2.800 turn_rad=0.257 revisit=0.000 score=1.194 selected=False
t=109.06s frontier_score cell=(102, 136) goal=(3.6, 0.2) gain_m2=4.760 distance_m=2.700 turn_rad=0.257 revisit=0.000 score=1.124 selected=False
t=109.06s state=MOVING mission=DISABLED front=1.70m pose=(+1.41, -0.27, +14.7deg) goal=(3.6, 0.30000000000000004) detections=1 located=0 targets=0 perception=WAIT_CALIBRATION
t=110.02s exploration known_area_m2=12.270 frontier_groups=49 reachable_candidates=65 goal=(3.600,0.300) odom_distance_m=6.998 reason=안전한 Frontier 후보 있음 selection_reason=구역 유지: 현재 목표 유지 goal_reached=N/A planning_failures=N/A
t=110.02s frontier_score cell=(103, 140) goal=(4.0, 0.30000000000000004) gain_m2=5.640 distance_m=3.000 turn_rad=0.235 revisit=0.000 score=1.405 selected=False
t=110.02s frontier_score cell=(103, 139) goal=(3.9000000000000004, 0.30000000000000004) gain_m2=5.420 distance_m=2.900 turn_rad=0.235 revisit=0.000 score=1.344 selected=False
t=110.02s frontier_score cell=(102, 138) goal=(3.8000000000000003, 0.2) gain_m2=5.180 distance_m=2.700 turn_rad=0.235 revisit=0.000 score=1.307 selected=False
t=110.02s frontier_score cell=(102, 137) goal=(3.7, 0.2) gain_m2=4.940 distance_m=2.600 turn_rad=0.235 revisit=0.000 score=1.237 selected=False
t=110.02s frontier_score cell=(102, 136) goal=(3.6, 0.2) gain_m2=4.680 distance_m=2.500 turn_rad=0.235 revisit=0.000 score=1.159 selected=False
t=110.02s state=MOVING mission=DISABLED front=1.67m pose=(+1.50, -0.25, +13.4deg) goal=(3.6, 0.30000000000000004) detections=0 located=0 targets=0 perception=WAIT_CALIBRATION
t=110.02s map_saved=C:\Users\woosu\OneDrive\Desktop\hkton\controllers\tb3_teleop\maps\map.png
t=111.04s exploration known_area_m2=12.440 frontier_groups=57 reachable_candidates=69 goal=(3.600,0.300) odom_distance_m=7.127 reason=안전한 Frontier 후보 있음 selection_reason=구역 유지: 현재 목표 유지 goal_reached=N/A planning_failures=N/A
t=111.04s frontier_score cell=(103, 140) goal=(4.0, 0.30000000000000004) gain_m2=5.570 distance_m=2.900 turn_rad=0.223 revisit=0.000 score=1.409 selected=False
t=111.04s frontier_score cell=(103, 139) goal=(3.9000000000000004, 0.30000000000000004) gain_m2=5.350 distance_m=2.800 turn_rad=0.223 revisit=0.000 score=1.348 selected=False
t=111.04s frontier_score cell=(102, 138) goal=(3.8000000000000003, 0.2) gain_m2=5.120 distance_m=2.600 turn_rad=0.223 revisit=0.000 score=1.316 selected=False
t=111.04s frontier_score cell=(102, 137) goal=(3.7, 0.2) gain_m2=4.870 distance_m=2.500 turn_rad=0.223 revisit=0.000 score=1.242 selected=False
t=111.04s frontier_score cell=(102, 136) goal=(3.6, 0.2) gain_m2=4.610 distance_m=2.400 turn_rad=0.223 revisit=0.000 score=1.163 selected=False
t=111.04s frontier_score cell=(103, 136) goal=(3.6, 0.30000000000000004) gain_m2=4.610 distance_m=2.500 turn_rad=0.223 revisit=0.000 score=1.130 selected=True
t=111.04s state=MOVING mission=DISABLED front=1.62m pose=(+1.61, -0.22, +12.8deg) goal=(3.6, 0.30000000000000004) detections=0 located=0 targets=0 perception=WAIT_CALIBRATION
t=112.00s exploration known_area_m2=13.630 frontier_groups=67 reachable_candidates=104 goal=(3.600,0.300) odom_distance_m=7.239 reason=안전한 Frontier 후보 있음 selection_reason=구역 유지: 현재 목표 유지 goal_reached=N/A planning_failures=N/A
t=112.00s frontier_score cell=(103, 140) goal=(4.0, 0.30000000000000004) gain_m2=5.600 distance_m=2.800 turn_rad=0.223 revisit=0.000 score=1.456 selected=False
t=112.00s frontier_score cell=(103, 139) goal=(3.9000000000000004, 0.30000000000000004) gain_m2=5.380 distance_m=2.700 turn_rad=0.223 revisit=0.000 score=1.394 selected=False
t=112.00s frontier_score cell=(131, 118) goal=(1.8, 3.1) gain_m2=5.900 distance_m=3.400 turn_rad=0.223 revisit=0.000 score=1.385 selected=False
t=112.00s frontier_score cell=(130, 118) goal=(1.8, 3.0) gain_m2=5.800 distance_m=3.300 turn_rad=0.223 revisit=0.000 score=1.375 selected=False
t=112.00s frontier_score cell=(102, 138) goal=(3.8000000000000003, 0.2) gain_m2=5.130 distance_m=2.500 turn_rad=0.223 revisit=0.000 score=1.353 selected=False
t=112.00s frontier_score cell=(103, 136) goal=(3.6, 0.30000000000000004) gain_m2=4.620 distance_m=2.400 turn_rad=0.223 revisit=0.000 score=1.167 selected=True
t=112.00s state=MOVING mission=DISABLED front=1.55m pose=(+1.72, -0.20, +12.8deg) goal=(3.6, 0.30000000000000004) detections=0 located=0 targets=0 perception=WAIT_CALIBRATION
t=113.02s exploration known_area_m2=14.430 frontier_groups=62 reachable_candidates=99 goal=(3.600,0.300) odom_distance_m=7.359 reason=안전한 Frontier 후보 있음 selection_reason=구역 유지: 현재 목표 유지 goal_reached=N/A planning_failures=N/A
t=113.02s frontier_score cell=(102, 138) goal=(3.8000000000000003, 0.2) gain_m2=5.030 distance_m=2.400 turn_rad=0.229 revisit=0.000 score=1.343 selected=False
t=113.02s frontier_score cell=(102, 137) goal=(3.7, 0.2) gain_m2=4.780 distance_m=2.300 turn_rad=0.229 revisit=0.000 score=1.269 selected=False
t=113.02s frontier_score cell=(103, 137) goal=(3.7, 0.30000000000000004) gain_m2=4.780 distance_m=2.400 turn_rad=0.229 revisit=0.000 score=1.236 selected=False
t=113.02s frontier_score cell=(102, 136) goal=(3.6, 0.2) gain_m2=4.530 distance_m=2.200 turn_rad=0.229 revisit=0.000 score=1.195 selected=False
t=113.02s frontier_score cell=(103, 136) goal=(3.6, 0.30000000000000004) gain_m2=4.530 distance_m=2.300 turn_rad=0.229 revisit=0.000 score=1.161 selected=True
t=113.02s state=MOVING mission=DISABLED front=1.47m pose=(+1.83, -0.17, +13.1deg) goal=(3.6, 0.30000000000000004) detections=0 located=0 targets=0 perception=WAIT_CALIBRATION
t=113.47s goal_change=(3.6, 0.30000000000000004)->(3.8000000000000003, 0.2) reason=호출자가 목표를 변경함
t=114.05s exploration known_area_m2=15.040 frontier_groups=65 reachable_candidates=115 goal=(3.800,0.200) odom_distance_m=7.474 reason=안전한 Frontier 후보 있음 selection_reason=구역 유지: 현재 목표 유지 goal_reached=N/A planning_failures=N/A
t=114.05s frontier_score cell=(102, 150) goal=(5.0, 0.2) gain_m2=6.400 distance_m=3.400 turn_rad=0.218 revisit=0.000 score=1.600 selected=False
t=114.05s frontier_score cell=(102, 151) goal=(5.1000000000000005, 0.2) gain_m2=6.470 distance_m=3.500 turn_rad=0.218 revisit=0.000 score=1.597 selected=False
t=114.05s frontier_score cell=(102, 149) goal=(4.9, 0.2) gain_m2=6.310 distance_m=3.300 turn_rad=0.218 revisit=0.000 score=1.595 selected=False
t=114.05s frontier_score cell=(102, 148) goal=(4.800000000000001, 0.2) gain_m2=6.220 distance_m=3.200 turn_rad=0.218 revisit=0.000 score=1.590 selected=False
t=114.05s frontier_score cell=(102, 147) goal=(4.7, 0.2) gain_m2=6.100 distance_m=3.100 turn_rad=0.218 revisit=0.000 score=1.571 selected=False
t=114.05s state=MOVING mission=DISABLED front=1.43m pose=(+1.95, -0.15, +12.5deg) goal=(3.8000000000000003, 0.2) detections=1 located=0 targets=0 perception=WAIT_CALIBRATION
t=115.01s exploration known_area_m2=15.360 frontier_groups=64 reachable_candidates=115 goal=(3.800,0.200) odom_distance_m=7.586 reason=안전한 Frontier 후보 있음 selection_reason=구역 유지: 현재 목표 유지 goal_reached=N/A planning_failures=N/A
t=115.01s frontier_score cell=(102, 150) goal=(5.0, 0.2) gain_m2=6.240 distance_m=3.200 turn_rad=0.211 revisit=0.000 score=1.599 selected=False
t=115.01s frontier_score cell=(102, 151) goal=(5.1000000000000005, 0.2) gain_m2=6.310 distance_m=3.300 turn_rad=0.211 revisit=0.000 score=1.596 selected=False
t=115.01s frontier_score cell=(102, 149) goal=(4.9, 0.2) gain_m2=6.150 distance_m=3.100 turn_rad=0.211 revisit=0.000 score=1.594 selected=False
t=115.01s frontier_score cell=(102, 148) goal=(4.800000000000001, 0.2) gain_m2=6.060 distance_m=3.000 turn_rad=0.211 revisit=0.000 score=1.588 selected=False
t=115.01s frontier_score cell=(102, 152) goal=(5.2, 0.2) gain_m2=6.360 distance_m=3.400 turn_rad=0.211 revisit=0.000 score=1.584 selected=False
t=115.01s state=MOVING mission=DISABLED front=1.38m pose=(+2.05, -0.12, +12.1deg) goal=(3.8000000000000003, 0.2) detections=1 located=0 targets=0 perception=WAIT_CALIBRATION
t=115.01s map_saved=C:\Users\woosu\OneDrive\Desktop\hkton\controllers\tb3_teleop\maps\map.png
t=116.03s exploration known_area_m2=15.570 frontier_groups=62 reachable_candidates=111 goal=(3.800,0.200) odom_distance_m=7.705 reason=안전한 Frontier 후보 있음 selection_reason=구역 유지: 현재 목표 유지 goal_reached=N/A planning_failures=N/A
t=116.03s frontier_score cell=(102, 150) goal=(5.0, 0.2) gain_m2=6.220 distance_m=3.100 turn_rad=0.206 revisit=0.000 score=1.624 selected=False
t=116.03s frontier_score cell=(102, 151) goal=(5.1000000000000005, 0.2) gain_m2=6.290 distance_m=3.200 turn_rad=0.206 revisit=0.000 score=1.621 selected=False
t=116.03s frontier_score cell=(102, 149) goal=(4.9, 0.2) gain_m2=6.130 distance_m=3.000 turn_rad=0.206 revisit=0.000 score=1.619 selected=False
t=116.03s frontier_score cell=(102, 148) goal=(4.800000000000001, 0.2) gain_m2=6.040 distance_m=2.900 turn_rad=0.206 revisit=0.000 score=1.613 selected=False
t=116.03s frontier_score cell=(102, 147) goal=(4.7, 0.2) gain_m2=5.910 distance_m=2.800 turn_rad=0.206 revisit=0.000 score=1.591 selected=False
t=116.03s state=MOVING mission=DISABLED front=1.30m pose=(+2.17, -0.10, +11.8deg) goal=(3.8000000000000003, 0.2) detections=3 located=0 targets=0 perception=WAIT_CALIBRATION
t=117.06s exploration known_area_m2=15.770 frontier_groups=58 reachable_candidates=106 goal=(3.800,0.200) odom_distance_m=7.833 reason=안전한 Frontier 후보 있음 selection_reason=구역 유지: 현재 목표 유지 goal_reached=N/A planning_failures=N/A
t=117.06s frontier_score cell=(102, 151) goal=(5.1000000000000005, 0.2) gain_m2=6.200 distance_m=3.100 turn_rad=0.203 revisit=0.000 score=1.616 selected=False
t=117.06s frontier_score cell=(101, 148) goal=(4.800000000000001, 0.1) gain_m2=5.890 distance_m=2.700 turn_rad=0.203 revisit=0.000 score=1.616 selected=False
t=117.06s frontier_score cell=(102, 150) goal=(5.0, 0.2) gain_m2=6.120 distance_m=3.000 turn_rad=0.203 revisit=0.000 score=1.615 selected=False
t=117.06s frontier_score cell=(102, 149) goal=(4.9, 0.2) gain_m2=6.030 distance_m=2.900 turn_rad=0.203 revisit=0.000 score=1.609 selected=False
t=117.06s frontier_score cell=(101, 147) goal=(4.7, 0.1) gain_m2=5.750 distance_m=2.600 turn_rad=0.203 revisit=0.000 score=1.589 selected=False
t=117.06s state=MOVING mission=DISABLED front=1.25m pose=(+2.29, -0.07, +11.6deg) goal=(3.8000000000000003, 0.2) detections=1 located=0 targets=0 perception=WAIT_CALIBRATION
t=118.02s exploration known_area_m2=15.890 frontier_groups=60 reachable_candidates=104 goal=(3.800,0.200) odom_distance_m=7.947 reason=안전한 Frontier 후보 있음 selection_reason=구역 유지: 현재 목표 유지 goal_reached=N/A planning_failures=N/A
t=118.02s frontier_score cell=(102, 151) goal=(5.1000000000000005, 0.2) gain_m2=6.210 distance_m=3.000 turn_rad=0.201 revisit=0.000 score=1.654 selected=False
t=118.02s frontier_score cell=(102, 150) goal=(5.0, 0.2) gain_m2=6.130 distance_m=2.900 turn_rad=0.201 revisit=0.000 score=1.653 selected=False
t=118.02s frontier_score cell=(101, 148) goal=(4.800000000000001, 0.1) gain_m2=5.890 distance_m=2.600 turn_rad=0.201 revisit=0.000 score=1.649 selected=False
t=118.02s frontier_score cell=(102, 149) goal=(4.9, 0.2) gain_m2=6.040 distance_m=2.800 turn_rad=0.201 revisit=0.000 score=1.647 selected=False
t=118.02s frontier_score cell=(101, 147) goal=(4.7, 0.1) gain_m2=5.750 distance_m=2.500 turn_rad=0.201 revisit=0.000 score=1.622 selected=False
t=118.02s state=MOVING mission=DISABLED front=1.17m pose=(+2.40, -0.05, +11.5deg) goal=(3.8000000000000003, 0.2) detections=1 located=0 targets=0 perception=WAIT_CALIBRATION
t=119.04s exploration known_area_m2=16.160 frontier_groups=61 reachable_candidates=106 goal=(3.800,0.200) odom_distance_m=8.072 reason=안전한 Frontier 후보 있음 selection_reason=구역 유지: 현재 목표 유지 goal_reached=N/A planning_failures=N/A
t=119.04s frontier_score cell=(101, 151) goal=(5.1000000000000005, 0.1) gain_m2=6.170 distance_m=2.700 turn_rad=0.199 revisit=0.000 score=1.737 selected=False
t=119.04s frontier_score cell=(101, 150) goal=(5.0, 0.1) gain_m2=6.080 distance_m=2.600 turn_rad=0.199 revisit=0.000 score=1.731 selected=False
t=119.04s frontier_score cell=(101, 149) goal=(4.9, 0.1) gain_m2=5.950 distance_m=2.500 turn_rad=0.199 revisit=0.000 score=1.709 selected=False
t=119.04s frontier_score cell=(102, 152) goal=(5.2, 0.2) gain_m2=6.230 distance_m=2.900 turn_rad=0.199 revisit=0.000 score=1.696 selected=False
t=119.04s frontier_score cell=(101, 148) goal=(4.800000000000001, 0.1) gain_m2=5.810 distance_m=2.400 turn_rad=0.199 revisit=0.000 score=1.682 selected=False
t=119.04s state=MOVING mission=DISABLED front=1.11m pose=(+2.52, -0.02, +11.4deg) goal=(3.8000000000000003, 0.2) detections=1 located=0 targets=0 perception=WAIT_CALIBRATION
t=120.00s exploration known_area_m2=16.720 frontier_groups=70 reachable_candidates=125 goal=(3.800,0.200) odom_distance_m=8.184 reason=안전한 Frontier 후보 있음 selection_reason=구역 유지: 현재 목표 유지 goal_reached=N/A planning_failures=N/A
t=120.00s frontier_score cell=(101, 151) goal=(5.1000000000000005, 0.1) gain_m2=5.940 distance_m=2.600 turn_rad=0.202 revisit=0.000 score=1.671 selected=False
t=120.00s frontier_score cell=(101, 150) goal=(5.0, 0.1) gain_m2=5.840 distance_m=2.500 turn_rad=0.202 revisit=0.000 score=1.661 selected=False
t=120.00s frontier_score cell=(102, 152) goal=(5.2, 0.2) gain_m2=6.010 distance_m=2.800 turn_rad=0.202 revisit=0.000 score=1.634 selected=False
t=120.00s frontier_score cell=(101, 149) goal=(4.9, 0.1) gain_m2=5.700 distance_m=2.400 turn_rad=0.202 revisit=0.000 score=1.634 selected=False
t=120.00s frontier_score cell=(101, 148) goal=(4.800000000000001, 0.1) gain_m2=5.540 distance_m=2.300 turn_rad=0.202 revisit=0.000 score=1.599 selected=False
t=120.00s state=MOVING mission=DISABLED front=1.03m pose=(+2.63, -0.00, +11.5deg) goal=(3.8000000000000003, 0.2) detections=0 located=0 targets=0 perception=WAIT_CALIBRATION
t=120.00s map_saved=C:\Users\woosu\OneDrive\Desktop\hkton\controllers\tb3_teleop\maps\map.png
t=121.02s exploration known_area_m2=17.100 frontier_groups=74 reachable_candidates=152 goal=(3.800,0.200) odom_distance_m=8.305 reason=안전한 Frontier 후보 있음 selection_reason=구역 유지: 현재 목표 유지 goal_reached=N/A planning_failures=N/A
t=121.02s frontier_score cell=(101, 151) goal=(5.1000000000000005, 0.1) gain_m2=5.810 distance_m=2.500 turn_rad=0.202 revisit=0.000 score=1.648 selected=False
t=121.02s frontier_score cell=(101, 150) goal=(5.0, 0.1) gain_m2=5.710 distance_m=2.400 turn_rad=0.202 revisit=0.000 score=1.638 selected=False
t=121.02s frontier_score cell=(101, 149) goal=(4.9, 0.1) gain_m2=5.560 distance_m=2.300 turn_rad=0.202 revisit=0.000 score=1.607 selected=False
t=121.02s frontier_score cell=(101, 148) goal=(4.800000000000001, 0.1) gain_m2=5.380 distance_m=2.200 turn_rad=0.202 revisit=0.000 score=1.563 selected=False
t=121.02s frontier_score cell=(96, 154) goal=(5.4, -0.4) gain_m2=6.050 distance_m=3.100 turn_rad=0.202 revisit=0.000 score=1.551 selected=False
t=121.02s state=MOVING mission=DISABLED front=0.95m pose=(+2.75, +0.02, +11.6deg) goal=(3.8000000000000003, 0.2) detections=0 located=0 targets=0 perception=WAIT_CALIBRATION
t=122.05s exploration known_area_m2=17.350 frontier_groups=79 reachable_candidates=159 goal=(3.800,0.200) odom_distance_m=8.439 reason=안전한 Frontier 후보 있음 selection_reason=구역 유지: 현재 목표 유지 goal_reached=N/A planning_failures=N/A
t=122.05s frontier_score cell=(101, 151) goal=(5.1000000000000005, 0.1) gain_m2=5.660 distance_m=2.300 turn_rad=0.202 revisit=0.000 score=1.650 selected=False
t=122.05s frontier_score cell=(101, 150) goal=(5.0, 0.1) gain_m2=5.550 distance_m=2.200 turn_rad=0.202 revisit=0.000 score=1.636 selected=False
t=122.05s frontier_score cell=(101, 149) goal=(4.9, 0.1) gain_m2=5.390 distance_m=2.100 turn_rad=0.202 revisit=0.000 score=1.601 selected=False
t=122.05s frontier_score cell=(96, 154) goal=(5.4, -0.4) gain_m2=5.910 distance_m=2.900 turn_rad=0.202 revisit=0.000 score=1.558 selected=False
t=122.05s frontier_score cell=(101, 148) goal=(4.800000000000001, 0.1) gain_m2=5.210 distance_m=2.000 turn_rad=0.202 revisit=0.000 score=1.556 selected=False
t=122.05s state=MOVING mission=DISABLED front=0.89m pose=(+2.86, +0.05, +11.6deg) goal=(3.8000000000000003, 0.2) detections=1 located=0 targets=0 perception=WAIT_CALIBRATION
t=123.01s exploration known_area_m2=18.060 frontier_groups=74 reachable_candidates=188 goal=(3.800,0.200) odom_distance_m=8.553 reason=안전한 Frontier 후보 있음 selection_reason=구역 유지: 현재 목표 유지 goal_reached=N/A planning_failures=N/A
t=123.01s frontier_score cell=(101, 151) goal=(5.1000000000000005, 0.1) gain_m2=5.210 distance_m=2.100 turn_rad=0.203 revisit=0.000 score=1.523 selected=False
t=123.01s frontier_score cell=(101, 150) goal=(5.0, 0.1) gain_m2=5.080 distance_m=2.000 turn_rad=0.203 revisit=0.000 score=1.500 selected=False
t=123.01s frontier_score cell=(105, 151) goal=(5.1000000000000005, 0.5) gain_m2=5.460 distance_m=2.500 turn_rad=0.203 revisit=0.000 score=1.497 selected=False
t=123.01s frontier_score cell=(105, 150) goal=(5.0, 0.5) gain_m2=5.300 distance_m=2.400 turn_rad=0.203 revisit=0.000 score=1.462 selected=False
t=123.01s frontier_score cell=(101, 149) goal=(4.9, 0.1) gain_m2=4.900 distance_m=1.900 turn_rad=0.203 revisit=0.000 score=1.456 selected=False
t=123.01s state=MOVING mission=DISABLED front=0.80m pose=(+2.98, +0.07, +11.6deg) goal=(3.8000000000000003, 0.2) detections=0 located=0 targets=0 perception=WAIT_CALIBRATION
t=124.03s exploration known_area_m2=18.320 frontier_groups=88 reachable_candidates=175 goal=(3.800,0.200) odom_distance_m=8.670 reason=안전한 Frontier 후보 있음 selection_reason=구역 유지: 현재 목표 유지 goal_reached=N/A planning_failures=N/A
t=124.03s frontier_score cell=(105, 151) goal=(5.1000000000000005, 0.5) gain_m2=5.360 distance_m=2.400 turn_rad=0.204 revisit=0.000 score=1.488 selected=False
t=124.03s frontier_score cell=(101, 151) goal=(5.1000000000000005, 0.1) gain_m2=5.040 distance_m=2.000 turn_rad=0.204 revisit=0.000 score=1.483 selected=False
t=124.03s frontier_score cell=(101, 150) goal=(5.0, 0.1) gain_m2=4.900 distance_m=1.900 turn_rad=0.204 revisit=0.000 score=1.456 selected=False
t=124.03s frontier_score cell=(105, 150) goal=(5.0, 0.5) gain_m2=5.180 distance_m=2.300 turn_rad=0.204 revisit=0.000 score=1.443 selected=False
t=124.03s frontier_score cell=(105, 149) goal=(4.9, 0.5) gain_m2=5.060 distance_m=2.200 turn_rad=0.204 revisit=0.000 score=1.425 selected=False
t=124.03s state=MOVING mission=DISABLED front=0.74m pose=(+3.09, +0.09, +11.7deg) goal=(3.8000000000000003, 0.2) detections=0 located=0 targets=0 perception=WAIT_CALIBRATION
t=125.06s exploration known_area_m2=18.520 frontier_groups=94 reachable_candidates=176 goal=(3.800,0.200) odom_distance_m=8.770 reason=안전한 Frontier 후보 있음 selection_reason=구역 유지: 현재 목표 유지 goal_reached=N/A planning_failures=N/A
t=125.06s frontier_score cell=(101, 152) goal=(5.2, 0.1) gain_m2=4.980 distance_m=2.000 turn_rad=0.204 revisit=0.000 score=1.457 selected=False
t=125.06s frontier_score cell=(105, 151) goal=(5.1000000000000005, 0.5) gain_m2=5.200 distance_m=2.300 turn_rad=0.204 revisit=0.000 score=1.452 selected=False
t=125.06s frontier_score cell=(101, 151) goal=(5.1000000000000005, 0.1) gain_m2=4.870 distance_m=1.900 turn_rad=0.204 revisit=0.000 score=1.443 selected=False
t=125.06s frontier_score cell=(105, 150) goal=(5.0, 0.5) gain_m2=5.030 distance_m=2.200 turn_rad=0.204 revisit=0.000 score=1.412 selected=False
t=125.06s frontier_score cell=(101, 150) goal=(5.0, 0.1) gain_m2=4.720 distance_m=1.800 turn_rad=0.204 revisit=0.000 score=1.412 selected=False
t=125.06s state=MOVING mission=DISABLED front=0.69m pose=(+3.19, +0.11, +11.7deg) goal=(3.8000000000000003, 0.2) detections=0 located=0 targets=0 perception=WAIT_CALIBRATION
t=125.06s map_saved=C:\Users\woosu\OneDrive\Desktop\hkton\controllers\tb3_teleop\maps\map.png
t=126.02s exploration known_area_m2=19.450 frontier_groups=107 reachable_candidates=175 goal=(3.800,0.200) odom_distance_m=8.853 reason=안전한 Frontier 후보 있음 selection_reason=구역 유지: 현재 목표 유지 goal_reached=N/A planning_failures=N/A
t=126.02s frontier_score cell=(105, 151) goal=(5.1000000000000005, 0.5) gain_m2=4.510 distance_m=2.200 turn_rad=0.199 revisit=0.000 score=1.189 selected=False
t=126.02s frontier_score cell=(105, 149) goal=(4.9, 0.5) gain_m2=4.310 distance_m=2.000 turn_rad=0.199 revisit=0.000 score=1.169 selected=False
t=126.02s frontier_score cell=(105, 150) goal=(5.0, 0.5) gain_m2=4.380 distance_m=2.100 turn_rad=0.199 revisit=0.000 score=1.166 selected=False
t=126.02s frontier_score cell=(101, 152) goal=(5.2, 0.1) gain_m2=4.180 distance_m=1.900 turn_rad=0.199 revisit=0.000 score=1.147 selected=False
t=126.02s frontier_score cell=(99, 158) goal=(5.800000000000001, -0.1) gain_m2=4.790 distance_m=2.700 turn_rad=0.199 revisit=0.000 score=1.143 selected=False
t=126.02s state=MOVING mission=DISABLED front=0.63m pose=(+3.26, +0.13, +11.4deg) goal=(3.8000000000000003, 0.2) detections=0 located=0 targets=0 perception=WAIT_CALIBRATION
t=127.04s exploration known_area_m2=20.230 frontier_groups=113 reachable_candidates=170 goal=(3.800,0.200) odom_distance_m=8.923 reason=안전한 Frontier 후보 있음 selection_reason=구역 유지: 현재 목표 유지 goal_reached=N/A planning_failures=N/A
t=127.04s frontier_score cell=(100, 165) goal=(6.5, 0.0) gain_m2=5.540 distance_m=3.300 turn_rad=0.182 revisit=0.000 score=1.267 selected=False
t=127.04s frontier_score cell=(101, 164) goal=(6.4, 0.1) gain_m2=5.450 distance_m=3.300 turn_rad=0.182 revisit=0.000 score=1.228 selected=False
t=127.04s frontier_score cell=(101, 163) goal=(6.300000000000001, 0.1) gain_m2=5.340 distance_m=3.200 turn_rad=0.182 revisit=0.000 score=1.214 selected=False
t=127.04s frontier_score cell=(101, 162) goal=(6.2, 0.1) gain_m2=5.240 distance_m=3.100 turn_rad=0.182 revisit=0.000 score=1.205 selected=False
t=127.04s frontier_score cell=(101, 161) goal=(6.1000000000000005, 0.1) gain_m2=5.100 distance_m=3.000 turn_rad=0.182 revisit=0.000 score=1.178 selected=False
t=127.04s state=MOVING mission=DISABLED front=0.61m pose=(+3.33, +0.14, +10.5deg) goal=(3.8000000000000003, 0.2) detections=0 located=0 targets=0 perception=WAIT_CALIBRATION
t=128.00s exploration known_area_m2=20.460 frontier_groups=108 reachable_candidates=173 goal=(3.800,0.200) odom_distance_m=8.983 reason=안전한 Frontier 후보 있음 selection_reason=구역 유지: 현재 목표 유지 goal_reached=N/A planning_failures=N/A
t=128.00s frontier_score cell=(100, 165) goal=(6.5, 0.0) gain_m2=5.520 distance_m=3.300 turn_rad=0.162 revisit=0.000 score=1.260 selected=False
t=128.00s frontier_score cell=(101, 164) goal=(6.4, 0.1) gain_m2=5.430 distance_m=3.300 turn_rad=0.162 revisit=0.000 score=1.222 selected=False
t=128.00s frontier_score cell=(101, 163) goal=(6.300000000000001, 0.1) gain_m2=5.320 distance_m=3.200 turn_rad=0.162 revisit=0.000 score=1.208 selected=False
t=128.00s frontier_score cell=(101, 162) goal=(6.2, 0.1) gain_m2=5.220 distance_m=3.100 turn_rad=0.162 revisit=0.000 score=1.198 selected=False
t=128.00s frontier_score cell=(80, 153) goal=(5.300000000000001, -2.0) gain_m2=5.940 distance_m=4.100 turn_rad=0.162 revisit=0.000 score=1.175 selected=False
t=128.00s state=MOVING mission=DISABLED front=0.59m pose=(+3.39, +0.15, +9.3deg) goal=(3.8000000000000003, 0.2) detections=0 located=0 targets=0 perception=WAIT_CALIBRATION
t=129.02s exploration known_area_m2=20.730 frontier_groups=111 reachable_candidates=168 goal=(3.800,0.200) odom_distance_m=9.042 reason=안전한 Frontier 후보 있음 selection_reason=구역 유지: 현재 목표 유지 goal_reached=N/A planning_failures=N/A
t=129.02s frontier_score cell=(101, 164) goal=(6.4, 0.1) gain_m2=5.350 distance_m=3.200 turn_rad=0.140 revisit=0.000 score=1.223 selected=False
t=129.02s frontier_score cell=(101, 163) goal=(6.300000000000001, 0.1) gain_m2=5.220 distance_m=3.100 turn_rad=0.140 revisit=0.000 score=1.200 selected=False
t=129.02s frontier_score cell=(101, 162) goal=(6.2, 0.1) gain_m2=5.100 distance_m=3.000 turn_rad=0.140 revisit=0.000 score=1.182 selected=False
t=129.02s frontier_score cell=(101, 161) goal=(6.1000000000000005, 0.1) gain_m2=4.950 distance_m=2.900 turn_rad=0.140 revisit=0.000 score=1.151 selected=False
t=129.02s frontier_score cell=(101, 160) goal=(6.0, 0.1) gain_m2=4.800 distance_m=2.800 turn_rad=0.140 revisit=0.000 score=1.119 selected=False
t=129.02s state=MOVING mission=DISABLED front=0.57m pose=(+3.45, +0.16, +8.0deg) goal=(3.8000000000000003, 0.2) detections=0 located=0 targets=0 perception=WAIT_CALIBRATION
t=129.09s goal_change=(3.8000000000000003, 0.2)->(4.7, 0.4) reason=호출자가 목표를 변경함
t=130.05s exploration known_area_m2=21.040 frontier_groups=107 reachable_candidates=185 goal=(4.700,0.400) odom_distance_m=9.086 reason=안전한 Frontier 후보 있음 selection_reason=구역 유지: 현재 목표 유지 goal_reached=N/A planning_failures=N/A
t=130.05s frontier_score cell=(101, 164) goal=(6.4, 0.1) gain_m2=5.230 distance_m=3.200 turn_rad=0.081 revisit=0.000 score=1.177 selected=False
t=130.05s frontier_score cell=(101, 163) goal=(6.300000000000001, 0.1) gain_m2=5.080 distance_m=3.100 turn_rad=0.081 revisit=0.000 score=1.145 selected=False
t=130.05s frontier_score cell=(101, 162) goal=(6.2, 0.1) gain_m2=4.950 distance_m=3.000 turn_rad=0.081 revisit=0.000 score=1.123 selected=False
t=130.05s frontier_score cell=(101, 161) goal=(6.1000000000000005, 0.1) gain_m2=4.780 distance_m=2.900 turn_rad=0.081 revisit=0.000 score=1.083 selected=False
t=130.05s frontier_score cell=(101, 160) goal=(6.0, 0.1) gain_m2=4.620 distance_m=2.800 turn_rad=0.081 revisit=0.000 score=1.047 selected=False
t=130.05s frontier_score cell=(104, 147) goal=(4.7, 0.4) gain_m2=3.450 distance_m=1.600 turn_rad=0.081 revisit=0.000 score=0.944 selected=True
t=130.05s state=MOVING mission=DISABLED front=0.61m pose=(+3.49, +0.17, +4.6deg) goal=(4.7, 0.4) detections=0 located=0 targets=0 perception=WAIT_CALIBRATION
t=130.05s map_saved=C:\Users\woosu\OneDrive\Desktop\hkton\controllers\tb3_teleop\maps\map.png
t=131.01s exploration known_area_m2=21.200 frontier_groups=117 reachable_candidates=188 goal=(4.700,0.400) odom_distance_m=9.144 reason=안전한 Frontier 후보 있음 selection_reason=구역 유지: 현재 목표 유지 goal_reached=N/A planning_failures=N/A
t=131.01s frontier_score cell=(101, 164) goal=(6.4, 0.1) gain_m2=5.180 distance_m=3.200 turn_rad=0.033 revisit=0.000 score=1.160 selected=False
t=131.01s frontier_score cell=(101, 163) goal=(6.300000000000001, 0.1) gain_m2=5.010 distance_m=3.100 turn_rad=0.033 revisit=0.000 score=1.120 selected=False
t=131.01s frontier_score cell=(101, 162) goal=(6.2, 0.1) gain_m2=4.880 distance_m=3.000 turn_rad=0.033 revisit=0.000 score=1.097 selected=False
t=131.01s frontier_score cell=(101, 161) goal=(6.1000000000000005, 0.1) gain_m2=4.710 distance_m=2.900 turn_rad=0.033 revisit=0.000 score=1.057 selected=False
t=131.01s frontier_score cell=(105, 151) goal=(5.1000000000000005, 0.5) gain_m2=4.060 distance_m=2.100 turn_rad=0.033 revisit=0.000 score=1.044 selected=False
t=131.01s frontier_score cell=(104, 147) goal=(4.7, 0.4) gain_m2=3.440 distance_m=1.600 turn_rad=0.033 revisit=0.000 score=0.944 selected=True
t=131.01s state=MOVING mission=DISABLED front=0.64m pose=(+3.54, +0.17, +1.9deg) goal=(4.7, 0.4) detections=0 located=0 targets=0 perception=WAIT_CALIBRATION
t=132.03s exploration known_area_m2=21.470 frontier_groups=124 reachable_candidates=175 goal=(4.700,0.400) odom_distance_m=9.208 reason=안전한 Frontier 후보 있음 selection_reason=구역 유지: 현재 목표 유지 goal_reached=N/A planning_failures=N/A
t=132.03s frontier_score cell=(101, 164) goal=(6.4, 0.1) gain_m2=5.140 distance_m=3.100 turn_rad=0.008 revisit=0.000 score=1.178 selected=False
t=132.03s frontier_score cell=(101, 163) goal=(6.300000000000001, 0.1) gain_m2=4.950 distance_m=3.000 turn_rad=0.008 revisit=0.000 score=1.130 selected=False
t=132.03s frontier_score cell=(101, 162) goal=(6.2, 0.1) gain_m2=4.790 distance_m=2.900 turn_rad=0.008 revisit=0.000 score=1.094 selected=False
t=132.03s frontier_score cell=(101, 161) goal=(6.1000000000000005, 0.1) gain_m2=4.620 distance_m=2.800 turn_rad=0.008 revisit=0.000 score=1.054 selected=False
t=132.03s frontier_score cell=(105, 151) goal=(5.1000000000000005, 0.5) gain_m2=4.000 distance_m=2.000 turn_rad=0.008 revisit=0.000 score=1.054 selected=False
t=132.03s frontier_score cell=(104, 147) goal=(4.7, 0.4) gain_m2=3.380 distance_m=1.500 turn_rad=0.008 revisit=0.000 score=0.954 selected=True
t=132.03s state=MOVING mission=DISABLED front=0.67m pose=(+3.61, +0.17, -0.5deg) goal=(4.7, 0.4) detections=0 located=0 targets=0 perception=WAIT_CALIBRATION
t=133.06s exploration known_area_m2=21.800 frontier_groups=127 reachable_candidates=177 goal=(4.700,0.400) odom_distance_m=9.283 reason=안전한 Frontier 후보 있음 selection_reason=구역 유지: 현재 목표 유지 goal_reached=N/A planning_failures=N/A
t=133.06s frontier_score cell=(101, 164) goal=(6.4, 0.1) gain_m2=5.120 distance_m=3.000 turn_rad=0.041 revisit=0.000 score=1.200 selected=False
t=133.06s frontier_score cell=(101, 163) goal=(6.300000000000001, 0.1) gain_m2=4.930 distance_m=2.900 turn_rad=0.041 revisit=0.000 score=1.151 selected=False
t=133.06s frontier_score cell=(101, 162) goal=(6.2, 0.1) gain_m2=4.760 distance_m=2.800 turn_rad=0.041 revisit=0.000 score=1.112 selected=False
t=133.06s frontier_score cell=(105, 151) goal=(5.1000000000000005, 0.5) gain_m2=3.990 distance_m=1.900 turn_rad=0.041 revisit=0.000 score=1.080 selected=False
t=133.06s frontier_score cell=(105, 150) goal=(5.0, 0.5) gain_m2=3.890 distance_m=1.800 turn_rad=0.041 revisit=0.000 score=1.070 selected=False
t=133.06s frontier_score cell=(104, 147) goal=(4.7, 0.4) gain_m2=3.370 distance_m=1.400 turn_rad=0.041 revisit=0.000 score=0.980 selected=True
t=133.06s state=MOVING mission=DISABLED front=0.71m pose=(+3.68, +0.17, -2.3deg) goal=(4.7, 0.4) detections=0 located=0 targets=0 perception=WAIT_CALIBRATION
t=134.02s exploration known_area_m2=22.270 frontier_groups=117 reachable_candidates=190 goal=(4.700,0.400) odom_distance_m=9.382 reason=안전한 Frontier 후보 있음 selection_reason=구역 유지: 현재 목표 유지 goal_reached=N/A planning_failures=N/A
t=134.02s frontier_score cell=(101, 164) goal=(6.4, 0.1) gain_m2=5.060 distance_m=2.900 turn_rad=0.065 revisit=0.000 score=1.205 selected=False
t=134.02s frontier_score cell=(101, 163) goal=(6.300000000000001, 0.1) gain_m2=4.870 distance_m=2.800 turn_rad=0.065 revisit=0.000 score=1.157 selected=False
t=134.02s frontier_score cell=(101, 162) goal=(6.2, 0.1) gain_m2=4.690 distance_m=2.700 turn_rad=0.065 revisit=0.000 score=1.112 selected=False
t=134.02s frontier_score cell=(105, 151) goal=(5.1000000000000005, 0.5) gain_m2=3.950 distance_m=1.800 turn_rad=0.065 revisit=0.000 score=1.094 selected=False
t=134.02s frontier_score cell=(105, 150) goal=(5.0, 0.5) gain_m2=3.850 distance_m=1.700 turn_rad=0.065 revisit=0.000 score=1.084 selected=False
t=134.02s frontier_score cell=(104, 147) goal=(4.7, 0.4) gain_m2=3.330 distance_m=1.300 turn_rad=0.065 revisit=0.000 score=0.994 selected=True
t=134.02s state=MOVING mission=DISABLED front=1.54m pose=(+3.77, +0.17, -3.7deg) goal=(4.7, 0.4) detections=0 located=0 targets=0 perception=WAIT_CALIBRATION
t=135.04s exploration known_area_m2=22.520 frontier_groups=122 reachable_candidates=187 goal=(4.700,0.400) odom_distance_m=9.487 reason=안전한 Frontier 후보 있음 selection_reason=구역 유지: 현재 목표 유지 goal_reached=N/A planning_failures=N/A
t=135.04s frontier_score cell=(101, 164) goal=(6.4, 0.1) gain_m2=5.040 distance_m=2.800 turn_rad=0.086 revisit=0.000 score=1.228 selected=False
t=135.04s frontier_score cell=(101, 163) goal=(6.300000000000001, 0.1) gain_m2=4.850 distance_m=2.700 turn_rad=0.086 revisit=0.000 score=1.179 selected=False
t=135.04s frontier_score cell=(101, 162) goal=(6.2, 0.1) gain_m2=4.670 distance_m=2.600 turn_rad=0.086 revisit=0.000 score=1.135 selected=False
t=135.04s frontier_score cell=(71, 147) goal=(4.7, -2.9000000000000004) gain_m2=5.660 distance_m=3.900 turn_rad=0.086 revisit=0.000 score=1.128 selected=False
t=135.04s frontier_score cell=(105, 151) goal=(5.1000000000000005, 0.5) gain_m2=3.930 distance_m=1.700 turn_rad=0.086 revisit=0.000 score=1.117 selected=False
t=135.04s frontier_score cell=(104, 147) goal=(4.7, 0.4) gain_m2=3.310 distance_m=1.200 turn_rad=0.086 revisit=0.000 score=1.016 selected=True
t=135.04s state=MOVING mission=DISABLED front=1.44m pose=(+3.87, +0.16, -4.9deg) goal=(4.7, 0.4) detections=0 located=0 targets=0 perception=WAIT_CALIBRATION
t=135.04s map_saved=C:\Users\woosu\OneDrive\Desktop\hkton\controllers\tb3_teleop\maps\map.png
t=136.00s exploration known_area_m2=22.740 frontier_groups=120 reachable_candidates=190 goal=(4.700,0.400) odom_distance_m=9.587 reason=안전한 Frontier 후보 있음 selection_reason=구역 유지: 현재 목표 유지 goal_reached=N/A planning_failures=N/A
t=136.00s frontier_score cell=(101, 164) goal=(6.4, 0.1) gain_m2=5.040 distance_m=2.600 turn_rad=0.104 revisit=0.000 score=1.293 selected=False
t=136.00s frontier_score cell=(101, 163) goal=(6.300000000000001, 0.1) gain_m2=4.850 distance_m=2.500 turn_rad=0.104 revisit=0.000 score=1.244 selected=False
t=136.00s frontier_score cell=(101, 162) goal=(6.2, 0.1) gain_m2=4.670 distance_m=2.400 turn_rad=0.104 revisit=0.000 score=1.200 selected=False
t=136.00s frontier_score cell=(105, 151) goal=(5.1000000000000005, 0.5) gain_m2=3.920 distance_m=1.500 turn_rad=0.104 revisit=0.000 score=1.177 selected=False
t=136.00s frontier_score cell=(105, 152) goal=(5.2, 0.5) gain_m2=3.980 distance_m=1.600 turn_rad=0.104 revisit=0.000 score=1.170 selected=False
t=136.00s frontier_score cell=(104, 147) goal=(4.7, 0.4) gain_m2=3.300 distance_m=1.000 turn_rad=0.104 revisit=0.000 score=1.077 selected=True
t=136.00s state=MOVING mission=DISABLED front=1.34m pose=(+3.97, +0.15, -6.0deg) goal=(4.7, 0.4) detections=0 located=0 targets=0 perception=WAIT_CALIBRATION
t=137.02s exploration known_area_m2=23.050 frontier_groups=124 reachable_candidates=193 goal=(4.700,0.400) odom_distance_m=9.723 reason=안전한 Frontier 후보 있음 selection_reason=구역 유지: 현재 목표 유지 goal_reached=N/A planning_failures=N/A
t=137.02s frontier_score cell=(101, 164) goal=(6.4, 0.1) gain_m2=4.920 distance_m=2.500 turn_rad=0.107 revisit=0.000 score=1.274 selected=False
t=137.02s frontier_score cell=(106, 151) goal=(5.1000000000000005, 0.6000000000000001) gain_m2=4.100 distance_m=1.500 turn_rad=0.107 revisit=0.000 score=1.254 selected=False
t=137.02s frontier_score cell=(106, 152) goal=(5.2, 0.6000000000000001) gain_m2=4.150 distance_m=1.600 turn_rad=0.107 revisit=0.000 score=1.243 selected=False
t=137.02s frontier_score cell=(101, 163) goal=(6.300000000000001, 0.1) gain_m2=4.730 distance_m=2.400 turn_rad=0.107 revisit=0.000 score=1.226 selected=False
t=137.02s frontier_score cell=(101, 162) goal=(6.2, 0.1) gain_m2=4.540 distance_m=2.300 turn_rad=0.107 revisit=0.000 score=1.177 selected=False
t=137.02s frontier_score cell=(104, 147) goal=(4.7, 0.4) gain_m2=3.240 distance_m=0.900 turn_rad=0.107 revisit=0.000 score=1.084 selected=True
t=137.02s state=MOVING mission=DISABLED front=1.23m pose=(+4.09, +0.14, -6.1deg) goal=(4.7, 0.4) detections=0 located=0 targets=0 perception=WAIT_CALIBRATION
t=138.05s exploration known_area_m2=23.400 frontier_groups=122 reachable_candidates=183 goal=(4.700,0.400) odom_distance_m=9.816 reason=안전한 Frontier 후보 있음 selection_reason=구역 유지: 현재 목표 유지 goal_reached=N/A planning_failures=N/A
t=138.05s frontier_score cell=(108, 152) goal=(5.2, 0.8) gain_m2=4.550 distance_m=1.700 turn_rad=0.072 revisit=0.000 score=1.385 selected=False
t=138.05s frontier_score cell=(108, 153) goal=(5.300000000000001, 0.8) gain_m2=4.590 distance_m=1.800 turn_rad=0.072 revisit=0.000 score=1.369 selected=False
t=138.05s frontier_score cell=(107, 150) goal=(5.0, 0.7000000000000001) gain_m2=4.160 distance_m=1.400 turn_rad=0.072 revisit=0.000 score=1.317 selected=False
t=138.05s frontier_score cell=(107, 151) goal=(5.1000000000000005, 0.7000000000000001) gain_m2=4.230 distance_m=1.500 turn_rad=0.072 revisit=0.000 score=1.314 selected=False
t=138.05s frontier_score cell=(106, 149) goal=(4.9, 0.6000000000000001) gain_m2=3.800 distance_m=1.200 turn_rad=0.072 revisit=0.000 score=1.229 selected=False
t=138.05s state=MOVING mission=DISABLED front=1.14m pose=(+4.18, +0.13, -4.1deg) goal=(4.7, 0.4) detections=0 located=0 targets=0 perception=WAIT_CALIBRATION
t=139.01s exploration known_area_m2=23.760 frontier_groups=121 reachable_candidates=178 goal=(4.700,0.400) odom_distance_m=9.874 reason=안전한 Frontier 후보 있음 selection_reason=구역 유지: 현재 목표 유지 goal_reached=N/A planning_failures=N/A
t=139.01s frontier_score cell=(108, 150) goal=(5.0, 0.8) gain_m2=4.250 distance_m=1.500 turn_rad=0.035 revisit=0.000 score=1.326 selected=False
t=139.01s frontier_score cell=(107, 149) goal=(4.9, 0.7000000000000001) gain_m2=3.900 distance_m=1.300 turn_rad=0.035 revisit=0.000 score=1.242 selected=False
t=139.01s frontier_score cell=(101, 164) goal=(6.4, 0.1) gain_m2=4.590 distance_m=2.600 turn_rad=0.035 revisit=0.000 score=1.106 selected=False
t=139.01s frontier_score cell=(71, 147) goal=(4.7, -2.9000000000000004) gain_m2=5.260 distance_m=3.500 turn_rad=0.035 revisit=0.000 score=1.094 selected=False
t=139.01s frontier_score cell=(105, 146) goal=(4.6000000000000005, 0.5) gain_m2=3.110 distance_m=0.800 turn_rad=0.035 revisit=0.000 score=1.069 selected=False
t=139.01s state=MOVING mission=DISABLED front=1.08m pose=(+4.24, +0.13, -2.0deg) goal=(4.7, 0.4) detections=0 located=0 targets=0 perception=WAIT_CALIBRATION
t=140.03s exploration known_area_m2=24.210 frontier_groups=123 reachable_candidates=184 goal=(4.700,0.400) odom_distance_m=9.950 reason=안전한 Frontier 후보 있음 selection_reason=구역 유지: 현재 목표 유지 goal_reached=N/A planning_failures=N/A
t=140.03s frontier_score cell=(113, 153) goal=(5.300000000000001, 1.3) gain_m2=5.480 distance_m=2.200 turn_rad=0.036 revisit=0.000 score=1.622 selected=False
t=140.03s frontier_score cell=(112, 152) goal=(5.2, 1.2000000000000002) gain_m2=5.200 distance_m=2.000 turn_rad=0.036 revisit=0.000 score=1.568 selected=False
t=140.03s frontier_score cell=(101, 164) goal=(6.4, 0.1) gain_m2=4.550 distance_m=2.500 turn_rad=0.036 revisit=0.000 score=1.122 selected=False
t=140.03s frontier_score cell=(106, 147) goal=(4.7, 0.6000000000000001) gain_m2=3.260 distance_m=0.900 turn_rad=0.036 revisit=0.000 score=1.100 selected=False
t=140.03s frontier_score cell=(71, 147) goal=(4.7, -2.9000000000000004) gain_m2=5.090 distance_m=3.400 turn_rad=0.036 revisit=0.000 score=1.054 selected=False
t=140.03s state=MOVING mission=DISABLED front=1.02m pose=(+4.29, +0.12, -2.1deg) goal=(4.7, 0.4) detections=0 located=0 targets=0 perception=WAIT_CALIBRATION
t=140.03s map_saved=C:\Users\woosu\OneDrive\Desktop\hkton\controllers\tb3_teleop\maps\map.png
t=141.06s exploration known_area_m2=24.500 frontier_groups=114 reachable_candidates=181 goal=(4.700,0.400) odom_distance_m=9.991 reason=안전한 Frontier 후보 있음 selection_reason=구역 유지: 현재 목표 유지 goal_reached=N/A planning_failures=N/A
t=141.06s frontier_score cell=(112, 150) goal=(5.0, 1.2000000000000002) gain_m2=4.890 distance_m=1.800 turn_rad=0.017 revisit=0.000 score=1.503 selected=False
t=141.06s frontier_score cell=(111, 149) goal=(4.9, 1.1) gain_m2=4.560 distance_m=1.600 turn_rad=0.017 revisit=0.000 score=1.428 selected=False
t=141.06s frontier_score cell=(110, 149) goal=(4.9, 1.0) gain_m2=4.300 distance_m=1.500 turn_rad=0.017 revisit=0.000 score=1.349 selected=False
t=141.06s frontier_score cell=(109, 148) goal=(4.800000000000001, 0.9) gain_m2=3.960 distance_m=1.300 turn_rad=0.017 revisit=0.000 score=1.270 selected=False
t=141.06s frontier_score cell=(108, 147) goal=(4.7, 0.8) gain_m2=3.610 distance_m=1.100 turn_rad=0.017 revisit=0.000 score=1.186 selected=False
t=141.06s state=MOVING mission=DISABLED front=0.98m pose=(+4.33, +0.12, -1.0deg) goal=(4.7, 0.4) detections=0 located=0 targets=0 perception=WAIT_CALIBRATION
t=142.02s exploration known_area_m2=25.130 frontier_groups=117 reachable_candidates=187 goal=(4.700,0.400) odom_distance_m=10.029 reason=안전한 Frontier 후보 있음 selection_reason=구역 유지: 현재 목표 유지 goal_reached=N/A planning_failures=N/A
t=142.02s frontier_score cell=(117, 150) goal=(5.0, 1.7000000000000002) gain_m2=5.450 distance_m=2.200 turn_rad=0.085 revisit=0.000 score=1.604 selected=False
t=142.02s frontier_score cell=(119, 151) goal=(5.1000000000000005, 1.9000000000000001) gain_m2=5.650 distance_m=2.500 turn_rad=0.085 revisit=0.000 score=1.590 selected=False
t=142.02s frontier_score cell=(118, 151) goal=(5.1000000000000005, 1.8) gain_m2=5.550 distance_m=2.400 turn_rad=0.085 revisit=0.000 score=1.581 selected=False
t=142.02s frontier_score cell=(116, 150) goal=(5.0, 1.6) gain_m2=5.300 distance_m=2.100 turn_rad=0.085 revisit=0.000 score=1.573 selected=False
t=142.02s frontier_score cell=(114, 149) goal=(4.9, 1.4000000000000001) gain_m2=4.900 distance_m=1.800 turn_rad=0.085 revisit=0.000 score=1.501 selected=False
t=142.02s state=MOVING mission=DISABLED front=0.94m pose=(+4.37, +0.12, +4.9deg) goal=(4.7, 0.4) detections=0 located=0 targets=0 perception=WAIT_CALIBRATION
t=143.04s exploration known_area_m2=26.090 frontier_groups=120 reachable_candidates=205 goal=(4.700,0.400) odom_distance_m=10.094 reason=안전한 Frontier 후보 있음 selection_reason=구역 유지: 현재 목표 유지 goal_reached=N/A planning_failures=N/A
t=143.04s frontier_score cell=(128, 150) goal=(5.0, 2.8000000000000003) gain_m2=5.670 distance_m=3.300 turn_rad=0.192 revisit=0.000 score=1.322 selected=False
t=143.04s frontier_score cell=(127, 150) goal=(5.0, 2.7) gain_m2=5.570 distance_m=3.200 turn_rad=0.192 revisit=0.000 score=1.312 selected=False
t=143.04s frontier_score cell=(124, 149) goal=(4.9, 2.4000000000000004) gain_m2=5.240 distance_m=2.800 turn_rad=0.192 revisit=0.000 score=1.304 selected=False
t=143.04s frontier_score cell=(126, 150) goal=(5.0, 2.6) gain_m2=5.460 distance_m=3.100 turn_rad=0.192 revisit=0.000 score=1.298 selected=False
t=143.04s frontier_score cell=(123, 149) goal=(4.9, 2.3000000000000003) gain_m2=5.150 distance_m=2.700 turn_rad=0.192 revisit=0.000 score=1.298 selected=False
t=143.04s state=MOVING mission=DISABLED front=0.90m pose=(+4.41, +0.13, +11.0deg) goal=(4.7, 0.4) detections=0 located=0 targets=0 perception=WAIT_CALIBRATION
t=144.00s exploration known_area_m2=26.170 frontier_groups=128 reachable_candidates=216 goal=(4.700,0.400) odom_distance_m=10.124 reason=안전한 Frontier 후보 있음 selection_reason=구역 유지: 현재 목표 유지 goal_reached=N/A planning_failures=N/A
t=144.00s frontier_score cell=(130, 150) goal=(5.0, 3.0) gain_m2=5.810 distance_m=3.500 turn_rad=0.288 revisit=0.000 score=1.307 selected=False
t=144.00s frontier_score cell=(127, 149) goal=(4.9, 2.7) gain_m2=5.500 distance_m=3.100 turn_rad=0.288 revisit=0.000 score=1.306 selected=False
t=144.00s frontier_score cell=(131, 150) goal=(5.0, 3.1) gain_m2=5.880 distance_m=3.600 turn_rad=0.288 revisit=0.000 score=1.303 selected=False
t=144.00s frontier_score cell=(129, 150) goal=(5.0, 2.9000000000000004) gain_m2=5.720 distance_m=3.400 turn_rad=0.288 revisit=0.000 score=1.301 selected=False
t=144.00s frontier_score cell=(128, 150) goal=(5.0, 2.8000000000000003) gain_m2=5.630 distance_m=3.300 turn_rad=0.288 revisit=0.000 score=1.296 selected=False
t=144.00s state=MOVING mission=DISABLED front=0.87m pose=(+4.44, +0.14, +16.5deg) goal=(4.7, 0.4) detections=0 located=0 targets=0 perception=WAIT_CALIBRATION
t=144.64s goal_change=(4.7, 0.4)->(4.7, 1.4000000000000001) reason=호출자가 목표를 변경함
t=145.02s exploration known_area_m2=26.300 frontier_groups=129 reachable_candidates=209 goal=(4.700,1.400) odom_distance_m=10.193 reason=안전한 Frontier 후보 있음 selection_reason=구역 유지: 현재 목표 유지 goal_reached=N/A planning_failures=N/A
t=145.02s frontier_score cell=(130, 150) goal=(5.0, 3.0) gain_m2=5.790 distance_m=3.300 turn_rad=0.386 revisit=0.000 score=1.355 selected=False
t=145.02s frontier_score cell=(131, 150) goal=(5.0, 3.1) gain_m2=5.860 distance_m=3.400 turn_rad=0.386 revisit=0.000 score=1.352 selected=False
t=145.02s frontier_score cell=(127, 149) goal=(4.9, 2.7) gain_m2=5.470 distance_m=2.900 turn_rad=0.386 revisit=0.000 score=1.351 selected=False
t=145.02s frontier_score cell=(129, 150) goal=(5.0, 2.9000000000000004) gain_m2=5.700 distance_m=3.200 turn_rad=0.386 revisit=0.000 score=1.350 selected=False
t=145.02s frontier_score cell=(128, 150) goal=(5.0, 2.8000000000000003) gain_m2=5.600 distance_m=3.100 turn_rad=0.386 revisit=0.000 score=1.340 selected=False
t=145.02s frontier_score cell=(114, 147) goal=(4.7, 1.4000000000000001) gain_m2=4.030 distance_m=1.400 turn_rad=0.386 revisit=0.000 score=1.231 selected=True
t=145.02s state=MOVING mission=DISABLED front=0.85m pose=(+4.48, +0.15, +22.1deg) goal=(4.7, 1.4000000000000001) detections=0 located=0 targets=0 perception=WAIT_CALIBRATION
t=145.02s map_saved=C:\Users\woosu\OneDrive\Desktop\hkton\controllers\tb3_teleop\maps\map.png
t=146.05s exploration known_area_m2=26.420 frontier_groups=129 reachable_candidates=206 goal=(4.700,1.400) odom_distance_m=10.234 reason=안전한 Frontier 후보 있음 selection_reason=구역 유지: 현재 목표 유지 goal_reached=N/A planning_failures=N/A
t=146.05s frontier_score cell=(130, 150) goal=(5.0, 3.0) gain_m2=5.780 distance_m=3.300 turn_rad=0.490 revisit=0.000 score=1.341 selected=False
t=146.05s frontier_score cell=(131, 150) goal=(5.0, 3.1) gain_m2=5.850 distance_m=3.400 turn_rad=0.490 revisit=0.000 score=1.338 selected=False
t=146.05s frontier_score cell=(127, 149) goal=(4.9, 2.7) gain_m2=5.460 distance_m=2.900 turn_rad=0.490 revisit=0.000 score=1.337 selected=False
t=146.05s frontier_score cell=(129, 150) goal=(5.0, 2.9000000000000004) gain_m2=5.690 distance_m=3.200 turn_rad=0.490 revisit=0.000 score=1.336 selected=False
t=146.05s frontier_score cell=(128, 150) goal=(5.0, 2.8000000000000003) gain_m2=5.590 distance_m=3.100 turn_rad=0.490 revisit=0.000 score=1.326 selected=False
t=146.05s frontier_score cell=(114, 147) goal=(4.7, 1.4000000000000001) gain_m2=4.020 distance_m=1.400 turn_rad=0.490 revisit=0.000 score=1.217 selected=True
t=146.05s state=MOVING mission=DISABLED front=0.84m pose=(+4.51, +0.17, +28.0deg) goal=(4.7, 1.4000000000000001) detections=0 located=0 targets=0 perception=WAIT_CALIBRATION
t=147.01s exploration known_area_m2=26.770 frontier_groups=127 reachable_candidates=237 goal=(4.700,1.400) odom_distance_m=10.284 reason=안전한 Frontier 후보 있음 selection_reason=구역 유지: 현재 목표 유지 goal_reached=N/A planning_failures=N/A
t=147.01s frontier_score cell=(131, 150) goal=(5.0, 3.1) gain_m2=5.660 distance_m=3.400 turn_rad=0.589 revisit=0.000 score=1.247 selected=False
t=147.01s frontier_score cell=(130, 150) goal=(5.0, 3.0) gain_m2=5.570 distance_m=3.300 turn_rad=0.589 revisit=0.000 score=1.241 selected=False
t=147.01s frontier_score cell=(129, 150) goal=(5.0, 2.9000000000000004) gain_m2=5.460 distance_m=3.200 turn_rad=0.589 revisit=0.000 score=1.227 selected=False
t=147.01s frontier_score cell=(127, 149) goal=(4.9, 2.7) gain_m2=5.200 distance_m=2.900 turn_rad=0.589 revisit=0.000 score=1.215 selected=False
t=147.01s frontier_score cell=(128, 150) goal=(5.0, 2.8000000000000003) gain_m2=5.350 distance_m=3.100 turn_rad=0.589 revisit=0.000 score=1.213 selected=False
t=147.01s frontier_score cell=(114, 147) goal=(4.7, 1.4000000000000001) gain_m2=3.680 distance_m=1.400 turn_rad=0.589 revisit=0.000 score=1.061 selected=True
t=147.01s state=MOVING mission=DISABLED front=0.84m pose=(+4.54, +0.17, +33.7deg) goal=(4.7, 1.4000000000000001) detections=0 located=0 targets=0 perception=WAIT_CALIBRATION
t=148.03s exploration known_area_m2=27.150 frontier_groups=130 reachable_candidates=244 goal=(4.700,1.400) odom_distance_m=10.339 reason=안전한 Frontier 후보 있음 selection_reason=구역 유지: 현재 목표 유지 goal_reached=N/A planning_failures=N/A
t=148.03s frontier_score cell=(131, 150) goal=(5.0, 3.1) gain_m2=5.450 distance_m=3.300 turn_rad=0.693 revisit=0.000 score=1.180 selected=False
t=148.03s frontier_score cell=(130, 150) goal=(5.0, 3.0) gain_m2=5.350 distance_m=3.200 turn_rad=0.693 revisit=0.000 score=1.170 selected=False
t=148.03s frontier_score cell=(129, 150) goal=(5.0, 2.9000000000000004) gain_m2=5.230 distance_m=3.100 turn_rad=0.693 revisit=0.000 score=1.152 selected=False
t=148.03s frontier_score cell=(128, 150) goal=(5.0, 2.8000000000000003) gain_m2=5.110 distance_m=3.000 turn_rad=0.693 revisit=0.000 score=1.133 selected=False
t=148.03s frontier_score cell=(127, 149) goal=(4.9, 2.7) gain_m2=4.950 distance_m=2.800 turn_rad=0.693 revisit=0.000 score=1.131 selected=False
t=148.03s frontier_score cell=(114, 147) goal=(4.7, 1.4000000000000001) gain_m2=3.500 distance_m=1.300 turn_rad=0.693 revisit=0.000 score=1.007 selected=True
t=148.03s state=MOVING mission=DISABLED front=0.92m pose=(+4.58, +0.21, +39.7deg) goal=(4.7, 1.4000000000000001) detections=0 located=0 targets=0 perception=WAIT_CALIBRATION
t=149.06s exploration known_area_m2=27.340 frontier_groups=133 reachable_candidates=241 goal=(4.700,1.400) odom_distance_m=10.395 reason=안전한 Frontier 후보 있음 selection_reason=구역 유지: 현재 목표 유지 goal_reached=N/A planning_failures=N/A
t=149.06s frontier_score cell=(131, 150) goal=(5.0, 3.1) gain_m2=5.380 distance_m=3.300 turn_rad=0.775 revisit=0.000 score=1.142 selected=False
t=149.06s frontier_score cell=(130, 150) goal=(5.0, 3.0) gain_m2=5.270 distance_m=3.200 turn_rad=0.775 revisit=0.000 score=1.128 selected=False
t=149.06s frontier_score cell=(129, 150) goal=(5.0, 2.9000000000000004) gain_m2=5.140 distance_m=3.100 turn_rad=0.775 revisit=0.000 score=1.105 selected=False
t=149.06s frontier_score cell=(129, 157) goal=(5.7, 2.9000000000000004) gain_m2=5.670 distance_m=3.800 turn_rad=0.775 revisit=0.000 score=1.100 selected=False
t=149.06s frontier_score cell=(128, 150) goal=(5.0, 2.8000000000000003) gain_m2=5.000 distance_m=3.000 turn_rad=0.775 revisit=0.000 score=1.078 selected=False
t=149.06s frontier_score cell=(114, 147) goal=(4.7, 1.4000000000000001) gain_m2=3.330 distance_m=1.300 turn_rad=0.775 revisit=0.000 score=0.926 selected=True
t=149.06s state=MOVING mission=DISABLED front=0.95m pose=(+4.61, +0.24, +45.6deg) goal=(4.7, 1.4000000000000001) detections=0 located=0 targets=0 perception=WAIT_CALIBRATION
t=150.02s exploration known_area_m2=27.530 frontier_groups=136 reachable_candidates=233 goal=(4.700,1.400) odom_distance_m=10.434 reason=안전한 Frontier 후보 있음 selection_reason=구역 유지: 현재 목표 유지 goal_reached=N/A planning_failures=N/A
t=150.02s frontier_score cell=(131, 150) goal=(5.0, 3.1) gain_m2=5.330 distance_m=3.200 turn_rad=0.682 revisit=0.000 score=1.162 selected=False
t=150.02s frontier_score cell=(130, 150) goal=(5.0, 3.0) gain_m2=5.210 distance_m=3.100 turn_rad=0.682 revisit=0.000 score=1.144 selected=False
t=150.02s frontier_score cell=(129, 157) goal=(5.7, 2.9000000000000004) gain_m2=5.670 distance_m=3.700 turn_rad=0.682 revisit=0.000 score=1.142 selected=False
t=150.02s frontier_score cell=(129, 150) goal=(5.0, 2.9000000000000004) gain_m2=5.060 distance_m=3.000 turn_rad=0.682 revisit=0.000 score=1.113 selected=False
t=150.02s frontier_score cell=(128, 156) goal=(5.6000000000000005, 2.8000000000000003) gain_m2=5.410 distance_m=3.500 turn_rad=0.682 revisit=0.000 score=1.097 selected=False
t=150.02s frontier_score cell=(114, 147) goal=(4.7, 1.4000000000000001) gain_m2=3.200 distance_m=1.200 turn_rad=0.682 revisit=0.000 score=0.912 selected=True
t=150.02s state=MOVING mission=DISABLED front=1.01m pose=(+4.64, +0.27, +50.9deg) goal=(4.7, 1.4000000000000001) detections=0 located=0 targets=0 perception=WAIT_CALIBRATION
t=150.02s map_saved=C:\Users\woosu\OneDrive\Desktop\hkton\controllers\tb3_teleop\maps\map.png
t=151.04s exploration known_area_m2=27.700 frontier_groups=146 reachable_candidates=236 goal=(4.700,1.400) odom_distance_m=10.476 reason=안전한 Frontier 후보 있음 selection_reason=구역 유지: 현재 목표 유지 goal_reached=N/A planning_failures=N/A
t=151.04s frontier_score cell=(131, 150) goal=(5.0, 3.1) gain_m2=5.300 distance_m=3.100 turn_rad=0.586 revisit=0.000 score=1.192 selected=False
t=151.04s frontier_score cell=(129, 157) goal=(5.7, 2.9000000000000004) gain_m2=5.660 distance_m=3.600 turn_rad=0.586 revisit=0.000 score=1.180 selected=False
t=151.04s frontier_score cell=(130, 150) goal=(5.0, 3.0) gain_m2=5.160 distance_m=3.000 turn_rad=0.586 revisit=0.000 score=1.165 selected=False
t=151.04s frontier_score cell=(128, 156) goal=(5.6000000000000005, 2.8000000000000003) gain_m2=5.400 distance_m=3.400 turn_rad=0.586 revisit=0.000 score=1.135 selected=False
t=151.04s frontier_score cell=(129, 150) goal=(5.0, 2.9000000000000004) gain_m2=4.990 distance_m=2.900 turn_rad=0.586 revisit=0.000 score=1.125 selected=False
t=151.04s frontier_score cell=(114, 147) goal=(4.7, 1.4000000000000001) gain_m2=3.020 distance_m=1.100 turn_rad=0.586 revisit=0.000 score=0.877 selected=True
t=151.04s state=MOVING mission=DISABLED front=1.09m pose=(+4.66, +0.30, +56.4deg) goal=(4.7, 1.4000000000000001) detections=0 located=0 targets=0 perception=WAIT_CALIBRATION
t=152.00s exploration known_area_m2=27.890 frontier_groups=137 reachable_candidates=230 goal=(4.700,1.400) odom_distance_m=10.529 reason=안전한 Frontier 후보 있음 selection_reason=구역 유지: 현재 목표 유지 goal_reached=N/A planning_failures=N/A
t=152.00s frontier_score cell=(131, 150) goal=(5.0, 3.1) gain_m2=5.300 distance_m=3.100 turn_rad=0.499 revisit=0.000 score=1.200 selected=False
t=152.00s frontier_score cell=(129, 157) goal=(5.7, 2.9000000000000004) gain_m2=5.660 distance_m=3.600 turn_rad=0.499 revisit=0.000 score=1.189 selected=False
t=152.00s frontier_score cell=(130, 150) goal=(5.0, 3.0) gain_m2=5.160 distance_m=3.000 turn_rad=0.499 revisit=0.000 score=1.173 selected=False
t=152.00s frontier_score cell=(128, 156) goal=(5.6000000000000005, 2.8000000000000003) gain_m2=5.400 distance_m=3.400 turn_rad=0.499 revisit=0.000 score=1.143 selected=False
t=152.00s frontier_score cell=(129, 150) goal=(5.0, 2.9000000000000004) gain_m2=4.990 distance_m=2.900 turn_rad=0.499 revisit=0.000 score=1.133 selected=False
t=152.00s frontier_score cell=(114, 147) goal=(4.7, 1.4000000000000001) gain_m2=2.890 distance_m=1.100 turn_rad=0.499 revisit=0.000 score=0.830 selected=True
t=152.00s state=MOVING mission=DISABLED front=1.20m pose=(+4.68, +0.34, +61.4deg) goal=(4.7, 1.4000000000000001) detections=1 located=0 targets=0 perception=WAIT_CALIBRATION
t=153.02s exploration known_area_m2=28.060 frontier_groups=140 reachable_candidates=230 goal=(4.700,1.400) odom_distance_m=10.577 reason=안전한 Frontier 후보 있음 selection_reason=구역 유지: 현재 목표 유지 goal_reached=N/A planning_failures=N/A
t=153.02s frontier_score cell=(131, 150) goal=(5.0, 3.1) gain_m2=5.260 distance_m=3.000 turn_rad=0.409 revisit=0.000 score=1.225 selected=False
t=153.02s frontier_score cell=(129, 157) goal=(5.7, 2.9000000000000004) gain_m2=5.640 distance_m=3.500 turn_rad=0.409 revisit=0.000 score=1.222 selected=False
t=153.02s frontier_score cell=(130, 150) goal=(5.0, 3.0) gain_m2=5.120 distance_m=2.900 turn_rad=0.409 revisit=0.000 score=1.198 selected=False
t=153.02s frontier_score cell=(128, 156) goal=(5.6000000000000005, 2.8000000000000003) gain_m2=5.370 distance_m=3.300 turn_rad=0.409 revisit=0.000 score=1.172 selected=False
t=153.02s frontier_score cell=(129, 150) goal=(5.0, 2.9000000000000004) gain_m2=4.950 distance_m=2.800 turn_rad=0.409 revisit=0.000 score=1.158 selected=False
t=153.02s frontier_score cell=(114, 147) goal=(4.7, 1.4000000000000001) gain_m2=2.810 distance_m=1.000 turn_rad=0.409 revisit=0.000 score=0.837 selected=True
t=153.02s state=MOVING mission=DISABLED front=1.29m pose=(+4.70, +0.38, +66.6deg) goal=(4.7, 1.4000000000000001) detections=1 located=0 targets=0 perception=WAIT_CALIBRATION
t=154.05s exploration known_area_m2=28.090 frontier_groups=149 reachable_candidates=241 goal=(4.700,1.400) odom_distance_m=10.641 reason=안전한 Frontier 후보 있음 selection_reason=구역 유지: 현재 목표 유지 goal_reached=N/A planning_failures=N/A
t=154.05s frontier_score cell=(129, 157) goal=(5.7, 2.9000000000000004) gain_m2=5.630 distance_m=3.500 turn_rad=0.323 revisit=0.000 score=1.226 selected=False
t=154.05s frontier_score cell=(131, 150) goal=(5.0, 3.1) gain_m2=5.240 distance_m=3.000 turn_rad=0.323 revisit=0.000 score=1.225 selected=False
t=154.05s frontier_score cell=(130, 150) goal=(5.0, 3.0) gain_m2=5.100 distance_m=2.900 turn_rad=0.323 revisit=0.000 score=1.198 selected=False
t=154.05s frontier_score cell=(128, 156) goal=(5.6000000000000005, 2.8000000000000003) gain_m2=5.360 distance_m=3.300 turn_rad=0.323 revisit=0.000 score=1.176 selected=False
t=154.05s frontier_score cell=(129, 150) goal=(5.0, 2.9000000000000004) gain_m2=4.930 distance_m=2.800 turn_rad=0.323 revisit=0.000 score=1.158 selected=False
t=154.05s frontier_score cell=(114, 147) goal=(4.7, 1.4000000000000001) gain_m2=2.780 distance_m=1.000 turn_rad=0.323 revisit=0.000 score=0.832 selected=True
t=154.05s state=MOVING mission=DISABLED front=1.23m pose=(+4.72, +0.43, +71.5deg) goal=(4.7, 1.4000000000000001) detections=1 located=0 targets=0 perception=WAIT_CALIBRATION
t=155.01s exploration known_area_m2=28.230 frontier_groups=146 reachable_candidates=227 goal=(4.700,1.400) odom_distance_m=10.691 reason=안전한 Frontier 후보 있음 selection_reason=구역 유지: 현재 목표 유지 goal_reached=N/A planning_failures=N/A
t=155.01s frontier_score cell=(129, 157) goal=(5.7, 2.9000000000000004) gain_m2=5.630 distance_m=3.400 turn_rad=0.246 revisit=0.000 score=1.266 selected=False
t=155.01s frontier_score cell=(131, 150) goal=(5.0, 3.1) gain_m2=5.210 distance_m=2.900 turn_rad=0.246 revisit=0.000 score=1.252 selected=False
t=155.01s frontier_score cell=(130, 150) goal=(5.0, 3.0) gain_m2=5.070 distance_m=2.800 turn_rad=0.246 revisit=0.000 score=1.225 selected=False
t=155.01s frontier_score cell=(128, 156) goal=(5.6000000000000005, 2.8000000000000003) gain_m2=5.340 distance_m=3.200 turn_rad=0.246 revisit=0.000 score=1.208 selected=False
t=155.01s frontier_score cell=(129, 150) goal=(5.0, 2.9000000000000004) gain_m2=4.900 distance_m=2.700 turn_rad=0.246 revisit=0.000 score=1.186 selected=False
t=155.01s state=MOVING mission=DISABLED front=1.19m pose=(+4.74, +0.48, +75.9deg) goal=(4.7, 1.4000000000000001) detections=1 located=0 targets=0 perception=WAIT_CALIBRATION
t=155.01s map_saved=C:\Users\woosu\OneDrive\Desktop\hkton\controllers\tb3_teleop\maps\map.png
t=156.03s exploration known_area_m2=28.330 frontier_groups=140 reachable_candidates=224 goal=(4.700,1.400) odom_distance_m=10.761 reason=안전한 Frontier 후보 있음 selection_reason=구역 유지: 현재 목표 유지 goal_reached=N/A planning_failures=N/A
t=156.03s frontier_score cell=(129, 157) goal=(5.7, 2.9000000000000004) gain_m2=5.610 distance_m=3.400 turn_rad=0.168 revisit=0.000 score=1.265 selected=False
t=156.03s frontier_score cell=(131, 150) goal=(5.0, 3.1) gain_m2=5.190 distance_m=2.900 turn_rad=0.168 revisit=0.000 score=1.251 selected=False
t=156.03s frontier_score cell=(130, 150) goal=(5.0, 3.0) gain_m2=5.050 distance_m=2.800 turn_rad=0.168 revisit=0.000 score=1.224 selected=False
t=156.03s frontier_score cell=(128, 156) goal=(5.6000000000000005, 2.8000000000000003) gain_m2=5.320 distance_m=3.200 turn_rad=0.168 revisit=0.000 score=1.207 selected=False
t=156.03s frontier_score cell=(127, 156) goal=(5.6000000000000005, 2.7) gain_m2=5.180 distance_m=3.100 turn_rad=0.168 revisit=0.000 score=1.180 selected=False
t=156.03s state=MOVING mission=DISABLED front=1.31m pose=(+4.75, +0.53, +80.4deg) goal=(4.7, 1.4000000000000001) detections=1 located=0 targets=0 perception=WAIT_CALIBRATION
t=157.06s exploration known_area_m2=28.350 frontier_groups=142 reachable_candidates=224 goal=(4.700,1.400) odom_distance_m=10.824 reason=안전한 Frontier 후보 있음 selection_reason=구역 유지: 현재 목표 유지 goal_reached=N/A planning_failures=N/A
t=157.06s frontier_score cell=(129, 157) goal=(5.7, 2.9000000000000004) gain_m2=5.610 distance_m=3.200 turn_rad=0.097 revisit=0.000 score=1.339 selected=False
t=157.06s frontier_score cell=(131, 150) goal=(5.0, 3.1) gain_m2=5.210 distance_m=2.700 turn_rad=0.097 revisit=0.000 score=1.333 selected=False
t=157.06s frontier_score cell=(130, 156) goal=(5.6000000000000005, 3.0) gain_m2=5.590 distance_m=3.200 turn_rad=0.097 revisit=0.000 score=1.330 selected=False
t=157.06s frontier_score cell=(130, 150) goal=(5.0, 3.0) gain_m2=5.070 distance_m=2.600 turn_rad=0.097 revisit=0.000 score=1.306 selected=False
t=157.06s frontier_score cell=(128, 156) goal=(5.6000000000000005, 2.8000000000000003) gain_m2=5.320 distance_m=3.000 turn_rad=0.097 revisit=0.000 score=1.281 selected=False
t=157.06s state=MOVING mission=DISABLED front=1.80m pose=(+4.75, +0.59, +84.4deg) goal=(4.7, 1.4000000000000001) detections=1 located=0 targets=0 perception=WAIT_CALIBRATION
t=158.02s exploration known_area_m2=28.500 frontier_groups=148 reachable_candidates=223 goal=(4.700,1.400) odom_distance_m=10.889 reason=안전한 Frontier 후보 있음 selection_reason=구역 유지: 현재 목표 유지 goal_reached=N/A planning_failures=N/A
t=158.02s frontier_score cell=(129, 157) goal=(5.7, 2.9000000000000004) gain_m2=5.580 distance_m=3.100 turn_rad=0.038 revisit=0.000 score=1.365 selected=False
t=158.02s frontier_score cell=(130, 156) goal=(5.6000000000000005, 3.0) gain_m2=5.550 distance_m=3.100 turn_rad=0.038 revisit=0.000 score=1.352 selected=False
t=158.02s frontier_score cell=(131, 150) goal=(5.0, 3.1) gain_m2=5.160 distance_m=2.600 turn_rad=0.038 revisit=0.000 score=1.351 selected=False
t=158.02s frontier_score cell=(130, 150) goal=(5.0, 3.0) gain_m2=5.010 distance_m=2.500 turn_rad=0.038 revisit=0.000 score=1.319 selected=False
t=158.02s frontier_score cell=(128, 156) goal=(5.6000000000000005, 2.8000000000000003) gain_m2=5.290 distance_m=2.900 turn_rad=0.038 revisit=0.000 score=1.307 selected=False
t=158.02s state=MOVING mission=DISABLED front=2.36m pose=(+4.76, +0.66, +87.8deg) goal=(4.7, 1.4000000000000001) detections=1 located=0 targets=0 perception=WAIT_CALIBRATION
t=159.04s exploration known_area_m2=28.700 frontier_groups=142 reachable_candidates=219 goal=(4.700,1.400) odom_distance_m=10.967 reason=안전한 Frontier 후보 있음 selection_reason=구역 유지: 현재 목표 유지 goal_reached=N/A planning_failures=N/A
t=159.04s frontier_score cell=(129, 157) goal=(5.7, 2.9000000000000004) gain_m2=5.530 distance_m=3.100 turn_rad=0.016 revisit=0.000 score=1.345 selected=False
t=159.04s frontier_score cell=(131, 150) goal=(5.0, 3.1) gain_m2=5.030 distance_m=2.600 turn_rad=0.016 revisit=0.000 score=1.297 selected=False
t=159.04s frontier_score cell=(128, 156) goal=(5.6000000000000005, 2.8000000000000003) gain_m2=5.220 distance_m=2.900 turn_rad=0.016 revisit=0.000 score=1.279 selected=False
t=159.04s frontier_score cell=(130, 150) goal=(5.0, 3.0) gain_m2=4.880 distance_m=2.500 turn_rad=0.016 revisit=0.000 score=1.266 selected=False
t=159.04s frontier_score cell=(127, 156) goal=(5.6000000000000005, 2.7) gain_m2=5.080 distance_m=2.800 turn_rad=0.016 revisit=0.000 score=1.252 selected=False
t=159.04s state=MOVING mission=DISABLED front=2.29m pose=(+4.76, +0.74, +90.9deg) goal=(4.7, 1.4000000000000001) detections=1 located=0 targets=0 perception=WAIT_CALIBRATION
t=160.00s exploration known_area_m2=28.780 frontier_groups=140 reachable_candidates=216 goal=(4.700,1.400) odom_distance_m=11.056 reason=안전한 Frontier 후보 있음 selection_reason=구역 유지: 현재 목표 유지 goal_reached=N/A planning_failures=N/A
t=160.00s frontier_score cell=(129, 157) goal=(5.7, 2.9000000000000004) gain_m2=5.500 distance_m=3.000 turn_rad=0.055 revisit=0.000 score=1.362 selected=False
t=160.00s frontier_score cell=(131, 150) goal=(5.0, 3.1) gain_m2=4.980 distance_m=2.500 turn_rad=0.055 revisit=0.000 score=1.305 selected=False
t=160.00s frontier_score cell=(128, 156) goal=(5.6000000000000005, 2.8000000000000003) gain_m2=5.180 distance_m=2.800 turn_rad=0.055 revisit=0.000 score=1.291 selected=False
t=160.00s frontier_score cell=(130, 150) goal=(5.0, 3.0) gain_m2=4.830 distance_m=2.400 turn_rad=0.055 revisit=0.000 score=1.274 selected=False
t=160.00s frontier_score cell=(127, 156) goal=(5.6000000000000005, 2.7) gain_m2=5.040 distance_m=2.700 turn_rad=0.055 revisit=0.000 score=1.264 selected=False
t=160.00s state=MOVING mission=DISABLED front=2.21m pose=(+4.76, +0.82, +93.2deg) goal=(4.7, 1.4000000000000001) detections=1 located=0 targets=0 perception=WAIT_CALIBRATION
t=160.00s map_saved=C:\Users\woosu\OneDrive\Desktop\hkton\controllers\tb3_teleop\maps\map.png
t=161.02s exploration known_area_m2=28.890 frontier_groups=147 reachable_candidates=218 goal=(4.700,1.400) odom_distance_m=11.156 reason=안전한 Frontier 후보 있음 selection_reason=구역 유지: 현재 목표 유지 goal_reached=N/A planning_failures=N/A
t=161.02s frontier_score cell=(129, 157) goal=(5.7, 2.9000000000000004) gain_m2=5.440 distance_m=3.000 turn_rad=0.082 revisit=0.000 score=1.334 selected=False
t=161.02s frontier_score cell=(128, 156) goal=(5.6000000000000005, 2.8000000000000003) gain_m2=5.110 distance_m=2.800 turn_rad=0.082 revisit=0.000 score=1.258 selected=False
t=161.02s frontier_score cell=(131, 150) goal=(5.0, 3.1) gain_m2=4.870 distance_m=2.500 turn_rad=0.082 revisit=0.000 score=1.255 selected=False
t=161.02s frontier_score cell=(127, 156) goal=(5.6000000000000005, 2.7) gain_m2=4.980 distance_m=2.700 turn_rad=0.082 revisit=0.000 score=1.236 selected=False
t=161.02s frontier_score cell=(130, 150) goal=(5.0, 3.0) gain_m2=4.730 distance_m=2.400 turn_rad=0.082 revisit=0.000 score=1.228 selected=False
t=161.02s state=MOVING mission=DISABLED front=2.10m pose=(+4.75, +0.92, +94.7deg) goal=(4.7, 1.4000000000000001) detections=1 located=0 targets=0 perception=WAIT_CALIBRATION
t=162.05s exploration known_area_m2=29.430 frontier_groups=143 reachable_candidates=206 goal=(4.700,1.400) odom_distance_m=11.274 reason=안전한 Frontier 후보 있음 selection_reason=구역 유지: 현재 목표 유지 goal_reached=N/A planning_failures=N/A
t=162.05s frontier_score cell=(129, 157) goal=(5.7, 2.9000000000000004) gain_m2=5.060 distance_m=2.900 turn_rad=0.093 revisit=0.000 score=1.202 selected=False
t=162.05s frontier_score cell=(128, 156) goal=(5.6000000000000005, 2.8000000000000003) gain_m2=4.740 distance_m=2.700 turn_rad=0.093 revisit=0.000 score=1.131 selected=False
t=162.05s frontier_score cell=(127, 156) goal=(5.6000000000000005, 2.7) gain_m2=4.630 distance_m=2.600 turn_rad=0.093 revisit=0.000 score=1.117 selected=False
t=162.05s frontier_score cell=(131, 150) goal=(5.0, 3.1) gain_m2=4.350 distance_m=2.400 turn_rad=0.093 revisit=0.000 score=1.063 selected=False
t=162.05s frontier_score cell=(130, 150) goal=(5.0, 3.0) gain_m2=4.230 distance_m=2.300 turn_rad=0.093 revisit=0.000 score=1.045 selected=False
t=162.05s state=MOVING mission=DISABLED front=1.99m pose=(+4.74, +1.03, +95.3deg) goal=(4.7, 1.4000000000000001) detections=1 located=0 targets=0 perception=WAIT_CALIBRATION
t=162.24s goal_change=(4.7, 1.4000000000000001)->(4.7, 2.3000000000000003) reason=호출자가 목표를 변경함
t=163.01s exploration known_area_m2=30.100 frontier_groups=147 reachable_candidates=222 goal=(4.700,2.300) odom_distance_m=11.371 reason=안전한 Frontier 후보 있음 selection_reason=구역 유지: 현재 목표 유지 goal_reached=N/A planning_failures=N/A
t=163.01s frontier_score cell=(143, 147) goal=(4.7, 4.3) gain_m2=5.650 distance_m=3.200 turn_rad=0.073 revisit=0.000 score=1.358 selected=False
t=163.01s frontier_score cell=(143, 145) goal=(4.5, 4.3) gain_m2=5.740 distance_m=3.400 turn_rad=0.073 revisit=0.000 score=1.330 selected=False
t=163.01s frontier_score cell=(142, 145) goal=(4.5, 4.2) gain_m2=5.570 distance_m=3.300 turn_rad=0.073 revisit=0.000 score=1.290 selected=False
t=163.01s frontier_score cell=(142, 148) goal=(4.800000000000001, 4.2) gain_m2=5.440 distance_m=3.200 turn_rad=0.073 revisit=0.000 score=1.268 selected=False
t=163.01s frontier_score cell=(141, 145) goal=(4.5, 4.1000000000000005) gain_m2=5.360 distance_m=3.200 turn_rad=0.073 revisit=0.000 score=1.233 selected=False
t=163.01s frontier_score cell=(123, 147) goal=(4.7, 2.3000000000000003) gain_m2=2.330 distance_m=1.200 turn_rad=0.073 revisit=0.000 score=0.596 selected=True
t=163.01s state=MOVING mission=DISABLED front=1.91m pose=(+4.73, +1.13, +94.2deg) goal=(4.7, 2.3000000000000003) detections=1 located=0 targets=0 perception=WAIT_CALIBRATION
t=164.03s exploration known_area_m2=30.330 frontier_groups=142 reachable_candidates=216 goal=(4.700,2.300) odom_distance_m=11.476 reason=안전한 Frontier 후보 있음 selection_reason=구역 유지: 현재 목표 유지 goal_reached=N/A planning_failures=N/A
t=164.03s frontier_score cell=(143, 147) goal=(4.7, 4.3) gain_m2=5.510 distance_m=3.100 turn_rad=0.050 revisit=0.000 score=1.334 selected=False
t=164.03s frontier_score cell=(143, 145) goal=(4.5, 4.3) gain_m2=5.600 distance_m=3.300 turn_rad=0.050 revisit=0.000 score=1.306 selected=False
t=164.03s frontier_score cell=(142, 145) goal=(4.5, 4.2) gain_m2=5.420 distance_m=3.200 turn_rad=0.050 revisit=0.000 score=1.261 selected=False
t=164.03s frontier_score cell=(143, 149) goal=(4.9, 4.3) gain_m2=5.450 distance_m=3.300 turn_rad=0.050 revisit=0.000 score=1.241 selected=False
t=164.03s frontier_score cell=(141, 145) goal=(4.5, 4.1000000000000005) gain_m2=5.210 distance_m=3.100 turn_rad=0.050 revisit=0.000 score=1.204 selected=False
t=164.03s state=MOVING mission=DISABLED front=1.80m pose=(+4.72, +1.23, +92.8deg) goal=(4.7, 2.3000000000000003) detections=1 located=0 targets=0 perception=WAIT_CALIBRATION
t=165.06s exploration known_area_m2=30.420 frontier_groups=148 reachable_candidates=233 goal=(4.700,2.300) odom_distance_m=11.587 reason=안전한 Frontier 후보 있음 selection_reason=구역 유지: 현재 목표 유지 goal_reached=N/A planning_failures=N/A
t=165.06s frontier_score cell=(143, 147) goal=(4.7, 4.3) gain_m2=5.440 distance_m=3.000 turn_rad=0.032 revisit=0.000 score=1.338 selected=False
t=165.06s frontier_score cell=(143, 145) goal=(4.5, 4.3) gain_m2=5.530 distance_m=3.200 turn_rad=0.032 revisit=0.000 score=1.310 selected=False
t=165.06s frontier_score cell=(142, 145) goal=(4.5, 4.2) gain_m2=5.350 distance_m=3.100 turn_rad=0.032 revisit=0.000 score=1.266 selected=False
t=165.06s frontier_score cell=(143, 149) goal=(4.9, 4.3) gain_m2=5.380 distance_m=3.200 turn_rad=0.032 revisit=0.000 score=1.246 selected=False
t=165.06s frontier_score cell=(142, 143) goal=(4.3, 4.2) gain_m2=5.420 distance_m=3.300 turn_rad=0.032 revisit=0.000 score=1.230 selected=False
t=165.06s state=MOVING mission=DISABLED front=1.69m pose=(+4.72, +1.34, +91.8deg) goal=(4.7, 2.3000000000000003) detections=1 located=0 targets=0 perception=WAIT_CALIBRATION
t=165.06s map_saved=C:\Users\woosu\OneDrive\Desktop\hkton\controllers\tb3_teleop\maps\map.png
t=166.02s exploration known_area_m2=30.590 frontier_groups=144 reachable_candidates=229 goal=(4.700,2.300) odom_distance_m=11.694 reason=안전한 Frontier 후보 있음 selection_reason=구역 유지: 현재 목표 유지 goal_reached=N/A planning_failures=N/A
t=166.02s frontier_score cell=(143, 147) goal=(4.7, 4.3) gain_m2=5.330 distance_m=2.900 turn_rad=0.021 revisit=0.000 score=1.325 selected=False
t=166.02s frontier_score cell=(143, 145) goal=(4.5, 4.3) gain_m2=5.430 distance_m=3.100 turn_rad=0.021 revisit=0.000 score=1.302 selected=False
t=166.02s frontier_score cell=(142, 145) goal=(4.5, 4.2) gain_m2=5.250 distance_m=3.000 turn_rad=0.021 revisit=0.000 score=1.258 selected=False
t=166.02s frontier_score cell=(143, 149) goal=(4.9, 4.3) gain_m2=5.270 distance_m=3.100 turn_rad=0.021 revisit=0.000 score=1.233 selected=False
t=166.02s frontier_score cell=(142, 143) goal=(4.3, 4.2) gain_m2=5.320 distance_m=3.200 turn_rad=0.021 revisit=0.000 score=1.221 selected=False
t=166.02s state=MOVING mission=DISABLED front=1.59m pose=(+4.72, +1.45, +91.2deg) goal=(4.7, 2.3000000000000003) detections=1 located=0 targets=0 perception=WAIT_CALIBRATION
t=167.04s exploration known_area_m2=30.860 frontier_groups=150 reachable_candidates=208 goal=(4.700,2.300) odom_distance_m=11.812 reason=안전한 Frontier 후보 있음 selection_reason=구역 유지: 현재 목표 유지 goal_reached=N/A planning_failures=N/A
t=167.04s frontier_score cell=(143, 147) goal=(4.7, 4.3) gain_m2=5.100 distance_m=2.700 turn_rad=0.014 revisit=0.000 score=1.294 selected=False
t=167.04s frontier_score cell=(143, 145) goal=(4.5, 4.3) gain_m2=5.200 distance_m=2.900 turn_rad=0.014 revisit=0.000 score=1.270 selected=False
t=167.04s frontier_score cell=(142, 144) goal=(4.4, 4.2) gain_m2=5.060 distance_m=2.900 turn_rad=0.014 revisit=0.000 score=1.210 selected=False
t=167.04s frontier_score cell=(142, 150) goal=(5.0, 4.2) gain_m2=4.850 distance_m=2.900 turn_rad=0.014 revisit=0.000 score=1.119 selected=False
t=167.04s frontier_score cell=(126, 157) goal=(5.7, 2.6) gain_m2=4.130 distance_m=2.000 turn_rad=0.014 revisit=0.000 score=1.110 selected=False
t=167.04s state=MOVING mission=DISABLED front=1.72m pose=(+4.71, +1.57, +90.8deg) goal=(4.7, 2.3000000000000003) detections=1 located=0 targets=0 perception=WAIT_CALIBRATION
t=168.00s exploration known_area_m2=31.420 frontier_groups=141 reachable_candidates=210 goal=(4.700,2.300) odom_distance_m=11.926 reason=안전한 Frontier 후보 있음 selection_reason=구역 유지: 현재 목표 유지 goal_reached=N/A planning_failures=N/A
t=168.00s frontier_score cell=(147, 153) goal=(5.300000000000001, 4.7) gain_m2=5.330 distance_m=3.600 turn_rad=0.012 revisit=0.000 score=1.093 selected=False
t=168.00s frontier_score cell=(148, 151) goal=(5.1000000000000005, 4.800000000000001) gain_m2=5.380 distance_m=3.700 turn_rad=0.012 revisit=0.000 score=1.081 selected=False
t=168.00s frontier_score cell=(126, 157) goal=(5.7, 2.6) gain_m2=3.980 distance_m=1.900 turn_rad=0.012 revisit=0.000 score=1.079 selected=False
t=168.00s frontier_score cell=(147, 151) goal=(5.1000000000000005, 4.7) gain_m2=5.250 distance_m=3.600 turn_rad=0.012 revisit=0.000 score=1.059 selected=False
t=168.00s frontier_score cell=(146, 153) goal=(5.300000000000001, 4.6000000000000005) gain_m2=5.140 distance_m=3.500 turn_rad=0.012 revisit=0.000 score=1.045 selected=False
t=168.00s state=MOVING mission=DISABLED front=1.62m pose=(+4.71, +1.68, +90.7deg) goal=(4.7, 2.3000000000000003) detections=1 located=0 targets=0 perception=WAIT_CALIBRATION
t=169.02s exploration known_area_m2=31.640 frontier_groups=143 reachable_candidates=205 goal=(4.700,2.300) odom_distance_m=12.048 reason=안전한 Frontier 후보 있음 selection_reason=구역 유지: 현재 목표 유지 goal_reached=N/A planning_failures=N/A
t=169.02s frontier_score cell=(125, 157) goal=(5.7, 2.5) gain_m2=3.920 distance_m=1.700 turn_rad=0.012 revisit=0.000 score=1.119 selected=False
t=169.02s frontier_score cell=(147, 153) goal=(5.300000000000001, 4.7) gain_m2=5.160 distance_m=3.500 turn_rad=0.012 revisit=0.000 score=1.053 selected=False
t=169.02s frontier_score cell=(148, 151) goal=(5.1000000000000005, 4.800000000000001) gain_m2=5.200 distance_m=3.600 turn_rad=0.012 revisit=0.000 score=1.037 selected=False
t=169.02s frontier_score cell=(125, 156) goal=(5.6000000000000005, 2.5) gain_m2=3.630 distance_m=1.600 turn_rad=0.012 revisit=0.000 score=1.028 selected=False
t=169.02s frontier_score cell=(147, 151) goal=(5.1000000000000005, 4.7) gain_m2=5.070 distance_m=3.500 turn_rad=0.012 revisit=0.000 score=1.014 selected=False
t=169.02s state=MOVING mission=DISABLED front=1.50m pose=(+4.71, +1.80, +90.7deg) goal=(4.7, 2.3000000000000003) detections=1 located=0 targets=0 perception=WAIT_CALIBRATION
t=170.05s exploration known_area_m2=31.720 frontier_groups=146 reachable_candidates=212 goal=(4.700,2.300) odom_distance_m=12.169 reason=안전한 Frontier 후보 있음 selection_reason=구역 유지: 현재 목표 유지 goal_reached=N/A planning_failures=N/A
t=170.05s frontier_score cell=(147, 144) goal=(4.4, 4.7) gain_m2=5.010 distance_m=3.100 turn_rad=0.014 revisit=0.000 score=1.122 selected=False
t=170.05s frontier_score cell=(145, 144) goal=(4.4, 4.5) gain_m2=4.820 distance_m=2.900 turn_rad=0.014 revisit=0.000 score=1.107 selected=False
t=170.05s frontier_score cell=(149, 145) goal=(4.5, 4.9) gain_m2=5.200 distance_m=3.400 turn_rad=0.014 revisit=0.000 score=1.103 selected=False
t=170.05s frontier_score cell=(148, 145) goal=(4.5, 4.800000000000001) gain_m2=5.100 distance_m=3.300 turn_rad=0.014 revisit=0.000 score=1.094 selected=False
t=170.05s frontier_score cell=(147, 145) goal=(4.5, 4.7) gain_m2=5.000 distance_m=3.200 turn_rad=0.014 revisit=0.000 score=1.084 selected=False
t=170.05s state=MOVING mission=DISABLED front=1.84m pose=(+4.71, +1.92, +90.8deg) goal=(4.7, 2.3000000000000003) detections=1 located=0 targets=0 perception=WAIT_CALIBRATION
t=170.05s map_saved=C:\Users\woosu\OneDrive\Desktop\hkton\controllers\tb3_teleop\maps\map.png
t=170.30s goal_change=(4.7, 2.3000000000000003)->(5.6000000000000005, 2.4000000000000004) reason=호출자가 목표를 변경함
t=171.01s exploration known_area_m2=31.820 frontier_groups=145 reachable_candidates=207 goal=(5.600,2.400) odom_distance_m=12.227 reason=안전한 Frontier 후보 있음 selection_reason=구역 유지: 현재 목표 유지 goal_reached=N/A planning_failures=N/A
t=171.01s frontier_score cell=(147, 144) goal=(4.4, 4.7) gain_m2=4.940 distance_m=3.000 turn_rad=0.080 revisit=0.000 score=1.119 selected=False
t=171.01s frontier_score cell=(124, 157) goal=(5.7, 2.4000000000000004) gain_m2=3.850 distance_m=1.600 turn_rad=0.080 revisit=0.000 score=1.116 selected=False
t=171.01s frontier_score cell=(145, 144) goal=(4.4, 4.5) gain_m2=4.750 distance_m=2.800 turn_rad=0.080 revisit=0.000 score=1.104 selected=False
t=171.01s frontier_score cell=(149, 145) goal=(4.5, 4.9) gain_m2=5.130 distance_m=3.300 turn_rad=0.080 revisit=0.000 score=1.100 selected=False
t=171.01s frontier_score cell=(148, 145) goal=(4.5, 4.800000000000001) gain_m2=5.030 distance_m=3.200 turn_rad=0.080 revisit=0.000 score=1.091 selected=False
t=171.01s frontier_score cell=(124, 156) goal=(5.6000000000000005, 2.4000000000000004) gain_m2=3.570 distance_m=1.500 turn_rad=0.080 revisit=0.000 score=1.029 selected=True
t=171.01s state=MOVING mission=DISABLED front=1.32m pose=(+4.71, +1.98, +85.4deg) goal=(5.6000000000000005, 2.4000000000000004) detections=1 located=0 targets=0 perception=WAIT_CALIBRATION
t=172.03s exploration known_area_m2=31.890 frontier_groups=144 reachable_candidates=203 goal=(5.600,2.400) odom_distance_m=12.273 reason=안전한 Frontier 후보 있음 selection_reason=구역 유지: 현재 목표 유지 goal_reached=N/A planning_failures=N/A
t=172.03s frontier_score cell=(124, 157) goal=(5.7, 2.4000000000000004) gain_m2=3.850 distance_m=1.600 turn_rad=0.208 revisit=0.000 score=1.104 selected=False
t=172.03s frontier_score cell=(125, 156) goal=(5.6000000000000005, 2.5) gain_m2=3.600 distance_m=1.400 turn_rad=0.208 revisit=0.000 score=1.063 selected=False
t=172.03s frontier_score cell=(149, 145) goal=(4.5, 4.9) gain_m2=5.060 distance_m=3.300 turn_rad=0.208 revisit=0.000 score=1.058 selected=False
t=172.03s frontier_score cell=(145, 144) goal=(4.4, 4.5) gain_m2=4.670 distance_m=2.800 turn_rad=0.208 revisit=0.000 score=1.057 selected=False
t=172.03s frontier_score cell=(148, 145) goal=(4.5, 4.800000000000001) gain_m2=4.950 distance_m=3.200 turn_rad=0.208 revisit=0.000 score=1.044 selected=False
t=172.03s frontier_score cell=(124, 156) goal=(5.6000000000000005, 2.4000000000000004) gain_m2=3.570 distance_m=1.500 turn_rad=0.208 revisit=0.000 score=1.017 selected=True
t=172.03s state=MOVING mission=DISABLED front=1.28m pose=(+4.71, +2.02, +78.1deg) goal=(5.6000000000000005, 2.4000000000000004) detections=1 located=0 targets=0 perception=WAIT_CALIBRATION
t=173.06s exploration known_area_m2=31.910 frontier_groups=144 reachable_candidates=203 goal=(5.600,2.400) odom_distance_m=12.314 reason=안전한 Frontier 후보 있음 selection_reason=구역 유지: 현재 목표 유지 goal_reached=N/A planning_failures=N/A
t=173.06s frontier_score cell=(124, 157) goal=(5.7, 2.4000000000000004) gain_m2=3.850 distance_m=1.500 turn_rad=0.327 revisit=0.000 score=1.126 selected=False
t=173.06s frontier_score cell=(125, 156) goal=(5.6000000000000005, 2.5) gain_m2=3.590 distance_m=1.300 turn_rad=0.327 revisit=0.000 score=1.081 selected=False
t=173.06s frontier_score cell=(147, 154) goal=(5.4, 4.7) gain_m2=5.060 distance_m=3.300 turn_rad=0.327 revisit=0.000 score=1.047 selected=False
t=173.06s frontier_score cell=(124, 156) goal=(5.6000000000000005, 2.4000000000000004) gain_m2=3.560 distance_m=1.400 turn_rad=0.327 revisit=0.000 score=1.034 selected=True
t=173.06s frontier_score cell=(146, 153) goal=(5.300000000000001, 4.6000000000000005) gain_m2=4.800 distance_m=3.100 turn_rad=0.327 revisit=0.000 score=1.001 selected=False
t=173.06s state=MOVING mission=DISABLED front=1.25m pose=(+4.72, +2.06, +71.2deg) goal=(5.6000000000000005, 2.4000000000000004) detections=1 located=0 targets=0 perception=WAIT_CALIBRATION
t=174.02s exploration known_area_m2=31.950 frontier_groups=144 reachable_candidates=205 goal=(5.600,2.400) odom_distance_m=12.371 reason=안전한 Frontier 후보 있음 selection_reason=구역 유지: 현재 목표 유지 goal_reached=N/A planning_failures=N/A
t=174.02s frontier_score cell=(146, 150) goal=(5.0, 4.6000000000000005) gain_m2=4.710 distance_m=2.800 turn_rad=0.430 revisit=0.000 score=1.053 selected=False
t=174.02s frontier_score cell=(147, 149) goal=(4.9, 4.7) gain_m2=4.850 distance_m=3.000 turn_rad=0.430 revisit=0.000 score=1.046 selected=False
t=174.02s frontier_score cell=(147, 154) goal=(5.4, 4.7) gain_m2=5.050 distance_m=3.300 turn_rad=0.430 revisit=0.000 score=1.033 selected=False
t=174.02s frontier_score cell=(148, 148) goal=(4.800000000000001, 4.800000000000001) gain_m2=4.960 distance_m=3.200 turn_rad=0.430 revisit=0.000 score=1.027 selected=False
t=174.02s frontier_score cell=(147, 148) goal=(4.800000000000001, 4.7) gain_m2=4.850 distance_m=3.100 turn_rad=0.430 revisit=0.000 score=1.013 selected=False
t=174.02s frontier_score cell=(124, 156) goal=(5.6000000000000005, 2.4000000000000004) gain_m2=3.530 distance_m=1.400 turn_rad=0.430 revisit=0.000 score=1.012 selected=True
t=174.02s state=MOVING mission=DISABLED front=1.21m pose=(+4.74, +2.10, +65.4deg) goal=(5.6000000000000005, 2.4000000000000004) detections=1 located=0 targets=0 perception=WAIT_CALIBRATION
t=175.04s exploration known_area_m2=32.000 frontier_groups=144 reachable_candidates=205 goal=(5.600,2.400) odom_distance_m=12.412 reason=안전한 Frontier 후보 있음 selection_reason=구역 유지: 현재 목표 유지 goal_reached=N/A planning_failures=N/A
t=175.04s frontier_score cell=(146, 150) goal=(5.0, 4.6000000000000005) gain_m2=4.670 distance_m=2.700 turn_rad=0.530 revisit=0.000 score=1.059 selected=False
t=175.04s frontier_score cell=(147, 149) goal=(4.9, 4.7) gain_m2=4.810 distance_m=2.900 turn_rad=0.530 revisit=0.000 score=1.053 selected=False
t=175.04s frontier_score cell=(147, 154) goal=(5.4, 4.7) gain_m2=5.030 distance_m=3.200 turn_rad=0.530 revisit=0.000 score=1.048 selected=False
t=175.04s frontier_score cell=(124, 156) goal=(5.6000000000000005, 2.4000000000000004) gain_m2=3.530 distance_m=1.300 turn_rad=0.530 revisit=0.000 score=1.035 selected=True
t=175.04s frontier_score cell=(148, 148) goal=(4.800000000000001, 4.800000000000001) gain_m2=4.920 distance_m=3.100 turn_rad=0.530 revisit=0.000 score=1.034 selected=False
t=175.04s state=MOVING mission=DISABLED front=1.17m pose=(+4.76, +2.13, +59.7deg) goal=(5.6000000000000005, 2.4000000000000004) detections=0 located=0 targets=0 perception=WAIT_CALIBRATION
t=175.04s map_saved=C:\Users\woosu\OneDrive\Desktop\hkton\controllers\tb3_teleop\maps\map.png
t=175.94s goal_change=(5.6000000000000005, 2.4000000000000004)->(5.2, 2.0) reason=호출자가 목표를 변경함
t=176.00s exploration known_area_m2=32.020 frontier_groups=141 reachable_candidates=202 goal=(5.200,2.000) odom_distance_m=12.475 reason=안전한 Frontier 후보 있음 selection_reason=구역 유지: 현재 목표 유지 goal_reached=N/A planning_failures=N/A
t=176.00s frontier_score cell=(146, 150) goal=(5.0, 4.6000000000000005) gain_m2=4.670 distance_m=2.600 turn_rad=0.625 revisit=0.000 score=1.084 selected=False
t=176.00s frontier_score cell=(147, 149) goal=(4.9, 4.7) gain_m2=4.810 distance_m=2.800 turn_rad=0.625 revisit=0.000 score=1.077 selected=False
t=176.00s frontier_score cell=(147, 154) goal=(5.4, 4.7) gain_m2=5.030 distance_m=3.100 turn_rad=0.625 revisit=0.000 score=1.072 selected=False
t=176.00s frontier_score cell=(148, 148) goal=(4.800000000000001, 4.800000000000001) gain_m2=4.920 distance_m=3.000 turn_rad=0.625 revisit=0.000 score=1.058 selected=False
t=176.00s frontier_score cell=(147, 148) goal=(4.800000000000001, 4.7) gain_m2=4.810 distance_m=2.900 turn_rad=0.625 revisit=0.000 score=1.044 selected=False
t=176.00s frontier_score cell=(120, 152) goal=(5.2, 2.0) gain_m2=2.310 distance_m=0.600 turn_rad=0.946 revisit=0.000 score=0.704 selected=True
t=176.00s state=MOVING mission=DISABLED front=1.14m pose=(+4.78, +2.17, +54.2deg) goal=(5.2, 2.0) detections=0 located=0 targets=0 perception=WAIT_CALIBRATION
t=176.64s goal_change=(5.2, 2.0)->(5.4, 4.7) reason=호출자가 목표를 변경함
t=177.02s exploration known_area_m2=32.040 frontier_groups=144 reachable_candidates=202 goal=(5.400,4.700) odom_distance_m=12.515 reason=안전한 Frontier 후보 있음 selection_reason=구역 유지: 현재 목표 유지 goal_reached=N/A planning_failures=N/A
t=177.02s frontier_score cell=(147, 154) goal=(5.4, 4.7) gain_m2=5.010 distance_m=3.100 turn_rad=0.696 revisit=0.000 score=1.057 selected=True
t=177.02s frontier_score cell=(148, 148) goal=(4.800000000000001, 4.800000000000001) gain_m2=4.910 distance_m=3.000 turn_rad=0.696 revisit=0.000 score=1.047 selected=False
t=177.02s frontier_score cell=(147, 148) goal=(4.800000000000001, 4.7) gain_m2=4.800 distance_m=2.900 turn_rad=0.696 revisit=0.000 score=1.033 selected=False
t=177.02s frontier_score cell=(149, 145) goal=(4.5, 4.9) gain_m2=5.020 distance_m=3.200 turn_rad=0.696 revisit=0.000 score=1.028 selected=False
t=177.02s frontier_score cell=(148, 145) goal=(4.5, 4.800000000000001) gain_m2=4.900 distance_m=3.100 turn_rad=0.696 revisit=0.000 score=1.009 selected=False
t=177.02s state=MOVING mission=DISABLED front=1.12m pose=(+4.81, +2.20, +50.1deg) goal=(5.4, 4.7) detections=0 located=0 targets=0 perception=WAIT_CALIBRATION
t=178.05s exploration known_area_m2=32.090 frontier_groups=142 reachable_candidates=200 goal=(5.400,4.700) odom_distance_m=12.556 reason=안전한 Frontier 후보 있음 selection_reason=구역 유지: 현재 목표 유지 goal_reached=N/A planning_failures=N/A
t=178.05s frontier_score cell=(147, 154) goal=(5.4, 4.7) gain_m2=4.990 distance_m=3.100 turn_rad=0.594 revisit=0.000 score=1.058 selected=True
t=178.05s frontier_score cell=(148, 148) goal=(4.800000000000001, 4.800000000000001) gain_m2=4.890 distance_m=3.000 turn_rad=0.594 revisit=0.000 score=1.048 selected=False
t=178.05s frontier_score cell=(147, 148) goal=(4.800000000000001, 4.7) gain_m2=4.770 distance_m=2.900 turn_rad=0.594 revisit=0.000 score=1.030 selected=False
t=178.05s frontier_score cell=(149, 145) goal=(4.5, 4.9) gain_m2=4.990 distance_m=3.200 turn_rad=0.594 revisit=0.000 score=1.024 selected=False
t=178.05s frontier_score cell=(146, 154) goal=(5.4, 4.6000000000000005) gain_m2=4.800 distance_m=3.000 turn_rad=0.594 revisit=0.000 score=1.009 selected=False
t=178.05s state=MOVING mission=DISABLED front=1.06m pose=(+4.83, +2.23, +56.0deg) goal=(5.4, 4.7) detections=0 located=0 targets=0 perception=WAIT_CALIBRATION
t=179.01s exploration known_area_m2=32.100 frontier_groups=136 reachable_candidates=199 goal=(5.400,4.700) odom_distance_m=12.596 reason=안전한 Frontier 후보 있음 selection_reason=구역 유지: 현재 목표 유지 goal_reached=N/A planning_failures=N/A
t=179.01s frontier_score cell=(147, 154) goal=(5.4, 4.7) gain_m2=5.000 distance_m=2.900 turn_rad=0.504 revisit=0.000 score=1.137 selected=True
t=179.01s frontier_score cell=(148, 148) goal=(4.800000000000001, 4.800000000000001) gain_m2=4.890 distance_m=2.800 turn_rad=0.504 revisit=0.000 score=1.123 selected=False
t=179.01s frontier_score cell=(147, 148) goal=(4.800000000000001, 4.7) gain_m2=4.770 distance_m=2.700 turn_rad=0.504 revisit=0.000 score=1.105 selected=False
t=179.01s frontier_score cell=(146, 154) goal=(5.4, 4.6000000000000005) gain_m2=4.810 distance_m=2.800 turn_rad=0.504 revisit=0.000 score=1.089 selected=False
t=179.01s frontier_score cell=(145, 154) goal=(5.4, 4.5) gain_m2=4.620 distance_m=2.700 turn_rad=0.504 revisit=0.000 score=1.040 selected=False
t=179.01s state=MOVING mission=DISABLED front=1.01m pose=(+4.85, +2.27, +61.1deg) goal=(5.4, 4.7) detections=0 located=0 targets=0 perception=WAIT_CALIBRATION
t=180.03s exploration known_area_m2=32.130 frontier_groups=131 reachable_candidates=197 goal=(5.400,4.700) odom_distance_m=12.641 reason=안전한 Frontier 후보 있음 selection_reason=구역 유지: 현재 목표 유지 goal_reached=N/A planning_failures=N/A
t=180.03s frontier_score cell=(147, 154) goal=(5.4, 4.7) gain_m2=4.990 distance_m=2.900 turn_rad=0.412 revisit=0.000 score=1.142 selected=True
t=180.03s frontier_score cell=(148, 148) goal=(4.800000000000001, 4.800000000000001) gain_m2=4.880 distance_m=2.800 turn_rad=0.412 revisit=0.000 score=1.128 selected=False
t=180.03s frontier_score cell=(147, 148) goal=(4.800000000000001, 4.7) gain_m2=4.760 distance_m=2.700 turn_rad=0.412 revisit=0.000 score=1.109 selected=False
t=180.03s frontier_score cell=(146, 154) goal=(5.4, 4.6000000000000005) gain_m2=4.800 distance_m=2.800 turn_rad=0.412 revisit=0.000 score=1.093 selected=False
t=180.03s frontier_score cell=(145, 154) goal=(5.4, 4.5) gain_m2=4.610 distance_m=2.700 turn_rad=0.412 revisit=0.000 score=1.045 selected=False
t=180.03s state=MOVING mission=DISABLED front=0.97m pose=(+4.87, +2.31, +66.4deg) goal=(5.4, 4.7) detections=1 located=0 targets=0 perception=WAIT_CALIBRATION
t=180.03s map_saved=C:\Users\woosu\OneDrive\Desktop\hkton\controllers\tb3_teleop\maps\map.png
t=181.06s exploration known_area_m2=32.160 frontier_groups=132 reachable_candidates=198 goal=(5.400,4.700) odom_distance_m=12.698 reason=안전한 Frontier 후보 있음 selection_reason=구역 유지: 현재 목표 유지 goal_reached=N/A planning_failures=N/A
t=181.06s frontier_score cell=(147, 154) goal=(5.4, 4.7) gain_m2=4.970 distance_m=2.800 turn_rad=0.328 revisit=0.000 score=1.175 selected=True
t=181.06s frontier_score cell=(148, 148) goal=(4.800000000000001, 4.800000000000001) gain_m2=4.860 distance_m=2.700 turn_rad=0.328 revisit=0.000 score=1.161 selected=False
t=181.06s frontier_score cell=(146, 149) goal=(4.9, 4.6000000000000005) gain_m2=4.590 distance_m=2.400 turn_rad=0.328 revisit=0.000 score=1.144 selected=False
t=181.06s frontier_score cell=(147, 148) goal=(4.800000000000001, 4.7) gain_m2=4.740 distance_m=2.600 turn_rad=0.328 revisit=0.000 score=1.142 selected=False
t=181.06s frontier_score cell=(146, 154) goal=(5.4, 4.6000000000000005) gain_m2=4.780 distance_m=2.700 turn_rad=0.328 revisit=0.000 score=1.126 selected=False
t=181.06s state=MOVING mission=DISABLED front=0.92m pose=(+4.89, +2.36, +71.2deg) goal=(5.4, 4.7) detections=1 located=0 targets=0 perception=WAIT_CALIBRATION
t=182.02s exploration known_area_m2=32.140 frontier_groups=139 reachable_candidates=201 goal=(5.400,4.700) odom_distance_m=12.750 reason=안전한 Frontier 후보 있음 selection_reason=구역 유지: 현재 목표 유지 goal_reached=N/A planning_failures=N/A
t=182.02s frontier_score cell=(147, 154) goal=(5.4, 4.7) gain_m2=4.960 distance_m=2.800 turn_rad=0.253 revisit=0.000 score=1.177 selected=True
t=182.02s frontier_score cell=(148, 148) goal=(4.800000000000001, 4.800000000000001) gain_m2=4.850 distance_m=2.700 turn_rad=0.253 revisit=0.000 score=1.163 selected=False
t=182.02s frontier_score cell=(146, 149) goal=(4.9, 4.6000000000000005) gain_m2=4.580 distance_m=2.400 turn_rad=0.253 revisit=0.000 score=1.147 selected=False
t=182.02s frontier_score cell=(147, 148) goal=(4.800000000000001, 4.7) gain_m2=4.730 distance_m=2.600 turn_rad=0.253 revisit=0.000 score=1.145 selected=False
t=182.02s frontier_score cell=(146, 154) goal=(5.4, 4.6000000000000005) gain_m2=4.770 distance_m=2.700 turn_rad=0.253 revisit=0.000 score=1.129 selected=False
t=182.02s state=MOVING mission=DISABLED front=0.87m pose=(+4.90, +2.41, +75.5deg) goal=(5.4, 4.7) detections=1 located=0 targets=0 perception=WAIT_CALIBRATION
t=183.04s exploration known_area_m2=32.140 frontier_groups=140 reachable_candidates=203 goal=(5.400,4.700) odom_distance_m=12.810 reason=안전한 Frontier 후보 있음 selection_reason=구역 유지: 현재 목표 유지 goal_reached=N/A planning_failures=N/A
t=183.04s frontier_score cell=(147, 154) goal=(5.4, 4.7) gain_m2=4.960 distance_m=2.700 turn_rad=0.178 revisit=0.000 score=1.218 selected=True
t=183.04s frontier_score cell=(148, 148) goal=(4.800000000000001, 4.800000000000001) gain_m2=4.860 distance_m=2.600 turn_rad=0.178 revisit=0.000 score=1.208 selected=False
t=183.04s frontier_score cell=(146, 149) goal=(4.9, 4.6000000000000005) gain_m2=4.580 distance_m=2.300 turn_rad=0.178 revisit=0.000 score=1.188 selected=False
t=183.04s frontier_score cell=(147, 148) goal=(4.800000000000001, 4.7) gain_m2=4.730 distance_m=2.500 turn_rad=0.178 revisit=0.000 score=1.186 selected=False
t=183.04s frontier_score cell=(146, 154) goal=(5.4, 4.6000000000000005) gain_m2=4.770 distance_m=2.600 turn_rad=0.178 revisit=0.000 score=1.169 selected=False
t=183.04s state=MOVING mission=DISABLED front=0.80m pose=(+4.92, +2.46, +79.8deg) goal=(5.4, 4.7) detections=1 located=0 targets=0 perception=WAIT_CALIBRATION
t=184.00s exploration known_area_m2=32.140 frontier_groups=144 reachable_candidates=205 goal=(5.400,4.700) odom_distance_m=12.882 reason=안전한 Frontier 후보 있음 selection_reason=구역 유지: 현재 목표 유지 goal_reached=N/A planning_failures=N/A
t=184.00s frontier_score cell=(147, 154) goal=(5.4, 4.7) gain_m2=4.970 distance_m=2.700 turn_rad=0.114 revisit=0.000 score=1.228 selected=True
t=184.00s frontier_score cell=(148, 148) goal=(4.800000000000001, 4.800000000000001) gain_m2=4.870 distance_m=2.600 turn_rad=0.114 revisit=0.000 score=1.219 selected=False
t=184.00s frontier_score cell=(146, 149) goal=(4.9, 4.6000000000000005) gain_m2=4.590 distance_m=2.300 turn_rad=0.114 revisit=0.000 score=1.198 selected=False
t=184.00s frontier_score cell=(147, 148) goal=(4.800000000000001, 4.7) gain_m2=4.740 distance_m=2.500 turn_rad=0.114 revisit=0.000 score=1.196 selected=False
t=184.00s frontier_score cell=(146, 154) goal=(5.4, 4.6000000000000005) gain_m2=4.780 distance_m=2.600 turn_rad=0.114 revisit=0.000 score=1.180 selected=False
t=184.00s state=MOVING mission=DISABLED front=0.75m pose=(+4.92, +2.52, +83.5deg) goal=(5.4, 4.7) detections=1 located=0 targets=0 perception=WAIT_CALIBRATION
t=185.02s exploration known_area_m2=32.160 frontier_groups=138 reachable_candidates=202 goal=(5.400,4.700) odom_distance_m=12.943 reason=안전한 Frontier 후보 있음 selection_reason=구역 유지: 현재 목표 유지 goal_reached=N/A planning_failures=N/A
t=185.02s frontier_score cell=(147, 154) goal=(5.4, 4.7) gain_m2=4.960 distance_m=2.600 turn_rad=0.055 revisit=0.000 score=1.263 selected=True
t=185.02s frontier_score cell=(148, 148) goal=(4.800000000000001, 4.800000000000001) gain_m2=4.860 distance_m=2.500 turn_rad=0.055 revisit=0.000 score=1.253 selected=False
t=185.02s frontier_score cell=(146, 149) goal=(4.9, 4.6000000000000005) gain_m2=4.580 distance_m=2.200 turn_rad=0.055 revisit=0.000 score=1.233 selected=False
t=185.02s frontier_score cell=(147, 148) goal=(4.800000000000001, 4.7) gain_m2=4.730 distance_m=2.400 turn_rad=0.055 revisit=0.000 score=1.231 selected=False
t=185.02s frontier_score cell=(146, 154) goal=(5.4, 4.6000000000000005) gain_m2=4.770 distance_m=2.500 turn_rad=0.055 revisit=0.000 score=1.215 selected=False
t=185.02s state=MOVING mission=DISABLED front=0.68m pose=(+4.93, +2.58, +86.9deg) goal=(5.4, 4.7) detections=1 located=0 targets=0 perception=WAIT_CALIBRATION
t=185.02s map_saved=C:\Users\woosu\OneDrive\Desktop\hkton\controllers\tb3_teleop\maps\map.png
t=186.05s exploration known_area_m2=32.190 frontier_groups=137 reachable_candidates=200 goal=(5.400,4.700) odom_distance_m=13.002 reason=안전한 Frontier 후보 있음 selection_reason=구역 유지: 현재 목표 유지 goal_reached=N/A planning_failures=N/A
t=186.05s frontier_score cell=(147, 154) goal=(5.4, 4.7) gain_m2=4.950 distance_m=2.600 turn_rad=0.006 revisit=0.000 score=1.263 selected=True
t=186.05s frontier_score cell=(148, 148) goal=(4.800000000000001, 4.800000000000001) gain_m2=4.850 distance_m=2.500 turn_rad=0.006 revisit=0.000 score=1.254 selected=False
t=186.05s frontier_score cell=(146, 149) goal=(4.9, 4.6000000000000005) gain_m2=4.570 distance_m=2.200 turn_rad=0.006 revisit=0.000 score=1.233 selected=False
t=186.05s frontier_score cell=(147, 148) goal=(4.800000000000001, 4.7) gain_m2=4.720 distance_m=2.400 turn_rad=0.006 revisit=0.000 score=1.231 selected=False
t=186.05s frontier_score cell=(146, 154) goal=(5.4, 4.6000000000000005) gain_m2=4.760 distance_m=2.500 turn_rad=0.006 revisit=0.000 score=1.215 selected=False
t=186.05s state=MOVING mission=DISABLED front=0.65m pose=(+4.93, +2.64, +89.7deg) goal=(5.4, 4.7) detections=1 located=0 targets=0 perception=WAIT_CALIBRATION
t=187.01s exploration known_area_m2=32.250 frontier_groups=133 reachable_candidates=198 goal=(5.400,4.700) odom_distance_m=13.085 reason=안전한 Frontier 후보 있음 selection_reason=구역 유지: 현재 목표 유지 goal_reached=N/A planning_failures=N/A
t=187.01s frontier_score cell=(147, 154) goal=(5.4, 4.7) gain_m2=4.940 distance_m=2.500 turn_rad=0.028 revisit=0.000 score=1.290 selected=True
t=187.01s frontier_score cell=(148, 148) goal=(4.800000000000001, 4.800000000000001) gain_m2=4.840 distance_m=2.400 turn_rad=0.028 revisit=0.000 score=1.281 selected=False
t=187.01s frontier_score cell=(146, 149) goal=(4.9, 4.6000000000000005) gain_m2=4.560 distance_m=2.100 turn_rad=0.028 revisit=0.000 score=1.260 selected=False
t=187.01s frontier_score cell=(147, 148) goal=(4.800000000000001, 4.7) gain_m2=4.710 distance_m=2.300 turn_rad=0.028 revisit=0.000 score=1.258 selected=False
t=187.01s frontier_score cell=(146, 154) goal=(5.4, 4.6000000000000005) gain_m2=4.750 distance_m=2.400 turn_rad=0.028 revisit=0.000 score=1.242 selected=False
t=187.01s state=MOVING mission=DISABLED front=1.42m pose=(+4.93, +2.72, +91.6deg) goal=(5.4, 4.7) detections=1 located=0 targets=0 perception=WAIT_CALIBRATION
t=188.03s exploration known_area_m2=32.230 frontier_groups=139 reachable_candidates=202 goal=(5.400,4.700) odom_distance_m=13.196 reason=안전한 Frontier 후보 있음 selection_reason=구역 유지: 현재 목표 유지 goal_reached=N/A planning_failures=N/A
t=188.03s frontier_score cell=(147, 154) goal=(5.4, 4.7) gain_m2=4.950 distance_m=2.400 turn_rad=0.049 revisit=0.000 score=1.326 selected=True
t=188.03s frontier_score cell=(148, 148) goal=(4.800000000000001, 4.800000000000001) gain_m2=4.850 distance_m=2.300 turn_rad=0.049 revisit=0.000 score=1.316 selected=False
t=188.03s frontier_score cell=(146, 149) goal=(4.9, 4.6000000000000005) gain_m2=4.570 distance_m=2.000 turn_rad=0.049 revisit=0.000 score=1.296 selected=False
t=188.03s frontier_score cell=(147, 148) goal=(4.800000000000001, 4.7) gain_m2=4.720 distance_m=2.200 turn_rad=0.049 revisit=0.000 score=1.294 selected=False
t=188.03s frontier_score cell=(146, 154) goal=(5.4, 4.6000000000000005) gain_m2=4.760 distance_m=2.300 turn_rad=0.049 revisit=0.000 score=1.277 selected=False
t=188.03s state=MOVING mission=DISABLED front=1.32m pose=(+4.92, +2.83, +92.8deg) goal=(5.4, 4.7) detections=1 located=0 targets=0 perception=WAIT_CALIBRATION
t=189.06s exploration known_area_m2=32.250 frontier_groups=140 reachable_candidates=199 goal=(5.400,4.700) odom_distance_m=13.315 reason=안전한 Frontier 후보 있음 selection_reason=구역 유지: 현재 목표 유지 goal_reached=N/A planning_failures=N/A
t=189.06s frontier_score cell=(147, 154) goal=(5.4, 4.7) gain_m2=4.930 distance_m=2.300 turn_rad=0.053 revisit=0.000 score=1.350 selected=True
t=189.06s frontier_score cell=(148, 148) goal=(4.800000000000001, 4.800000000000001) gain_m2=4.830 distance_m=2.200 turn_rad=0.053 revisit=0.000 score=1.340 selected=False
t=189.06s frontier_score cell=(146, 149) goal=(4.9, 4.6000000000000005) gain_m2=4.550 distance_m=1.900 turn_rad=0.053 revisit=0.000 score=1.320 selected=False
t=189.06s frontier_score cell=(147, 148) goal=(4.800000000000001, 4.7) gain_m2=4.700 distance_m=2.100 turn_rad=0.053 revisit=0.000 score=1.318 selected=False
t=189.06s frontier_score cell=(146, 154) goal=(5.4, 4.6000000000000005) gain_m2=4.740 distance_m=2.200 turn_rad=0.053 revisit=0.000 score=1.302 selected=False
t=189.06s state=MOVING mission=DISABLED front=1.21m pose=(+4.92, +2.95, +93.0deg) goal=(5.4, 4.7) detections=1 located=0 targets=0 perception=WAIT_CALIBRATION
t=190.02s exploration known_area_m2=32.270 frontier_groups=139 reachable_candidates=197 goal=(5.400,4.700) odom_distance_m=13.431 reason=안전한 Frontier 후보 있음 selection_reason=구역 유지: 현재 목표 유지 goal_reached=N/A planning_failures=N/A
t=190.02s frontier_score cell=(147, 154) goal=(5.4, 4.7) gain_m2=4.910 distance_m=2.100 turn_rad=0.042 revisit=0.000 score=1.409 selected=True
t=190.02s frontier_score cell=(146, 154) goal=(5.4, 4.6000000000000005) gain_m2=4.720 distance_m=2.000 turn_rad=0.042 revisit=0.000 score=1.361 selected=False
t=190.02s frontier_score cell=(149, 145) goal=(4.5, 4.9) gain_m2=4.920 distance_m=2.400 turn_rad=0.042 revisit=0.000 score=1.314 selected=False
t=190.02s frontier_score cell=(145, 154) goal=(5.4, 4.5) gain_m2=4.530 distance_m=1.900 turn_rad=0.042 revisit=0.000 score=1.312 selected=False
t=190.02s frontier_score cell=(148, 145) goal=(4.5, 4.800000000000001) gain_m2=4.790 distance_m=2.300 turn_rad=0.042 revisit=0.000 score=1.291 selected=False
t=190.02s state=MOVING mission=DISABLED front=1.11m pose=(+4.91, +3.05, +92.4deg) goal=(5.4, 4.7) detections=1 located=0 targets=0 perception=WAIT_CALIBRATION
t=190.02s map_saved=C:\Users\woosu\OneDrive\Desktop\hkton\controllers\tb3_teleop\maps\map.png
t=191.04s exploration known_area_m2=32.260 frontier_groups=141 reachable_candidates=196 goal=(5.400,4.700) odom_distance_m=13.523 reason=안전한 Frontier 후보 있음 selection_reason=구역 유지: 현재 목표 유지 goal_reached=N/A planning_failures=N/A
t=191.04s frontier_score cell=(147, 154) goal=(5.4, 4.7) gain_m2=4.910 distance_m=2.100 turn_rad=0.003 revisit=0.000 score=1.413 selected=True
t=191.04s frontier_score cell=(146, 154) goal=(5.4, 4.6000000000000005) gain_m2=4.720 distance_m=2.000 turn_rad=0.003 revisit=0.000 score=1.365 selected=False
t=191.04s frontier_score cell=(149, 145) goal=(4.5, 4.9) gain_m2=4.920 distance_m=2.400 turn_rad=0.003 revisit=0.000 score=1.317 selected=False
t=191.04s frontier_score cell=(145, 154) goal=(5.4, 4.5) gain_m2=4.530 distance_m=1.900 turn_rad=0.003 revisit=0.000 score=1.316 selected=False
t=191.04s frontier_score cell=(148, 145) goal=(4.5, 4.800000000000001) gain_m2=4.790 distance_m=2.300 turn_rad=0.003 revisit=0.000 score=1.295 selected=False
t=191.04s state=MOVING mission=DISABLED front=1.00m pose=(+4.91, +3.15, +90.2deg) goal=(5.4, 4.7) detections=2 located=0 targets=0 perception=WAIT_CALIBRATION
t=192.00s exploration known_area_m2=32.300 frontier_groups=137 reachable_candidates=189 goal=(5.400,4.700) odom_distance_m=13.600 reason=안전한 Frontier 후보 있음 selection_reason=구역 유지: 현재 목표 유지 goal_reached=N/A planning_failures=N/A
t=192.00s frontier_score cell=(147, 154) goal=(5.4, 4.7) gain_m2=4.890 distance_m=2.000 turn_rad=0.043 revisit=0.000 score=1.434 selected=True
t=192.00s frontier_score cell=(146, 154) goal=(5.4, 4.6000000000000005) gain_m2=4.700 distance_m=1.900 turn_rad=0.043 revisit=0.000 score=1.386 selected=False
t=192.00s frontier_score cell=(145, 154) goal=(5.4, 4.5) gain_m2=4.510 distance_m=1.800 turn_rad=0.043 revisit=0.000 score=1.337 selected=False
t=192.00s frontier_score cell=(149, 145) goal=(4.5, 4.9) gain_m2=4.890 distance_m=2.300 turn_rad=0.043 revisit=0.000 score=1.334 selected=False
t=192.00s frontier_score cell=(148, 145) goal=(4.5, 4.800000000000001) gain_m2=4.770 distance_m=2.200 turn_rad=0.043 revisit=0.000 score=1.316 selected=False
t=192.00s state=MOVING mission=DISABLED front=0.95m pose=(+4.91, +3.22, +87.5deg) goal=(5.4, 4.7) detections=1 located=0 targets=0 perception=WAIT_CALIBRATION
t=193.02s exploration known_area_m2=32.270 frontier_groups=145 reachable_candidates=195 goal=(5.400,4.700) odom_distance_m=13.726 reason=안전한 Frontier 후보 있음 selection_reason=구역 유지: 현재 목표 유지 goal_reached=N/A planning_failures=N/A
t=193.02s frontier_score cell=(147, 154) goal=(5.4, 4.7) gain_m2=4.890 distance_m=1.900 turn_rad=0.077 revisit=0.000 score=1.464 selected=True
t=193.02s frontier_score cell=(146, 154) goal=(5.4, 4.6000000000000005) gain_m2=4.700 distance_m=1.800 turn_rad=0.077 revisit=0.000 score=1.416 selected=False
t=193.02s frontier_score cell=(145, 154) goal=(5.4, 4.5) gain_m2=4.510 distance_m=1.700 turn_rad=0.077 revisit=0.000 score=1.367 selected=False
t=193.02s frontier_score cell=(149, 145) goal=(4.5, 4.9) gain_m2=4.890 distance_m=2.200 turn_rad=0.077 revisit=0.000 score=1.364 selected=False
t=193.02s frontier_score cell=(148, 145) goal=(4.5, 4.800000000000001) gain_m2=4.770 distance_m=2.100 turn_rad=0.077 revisit=0.000 score=1.346 selected=False
t=193.02s state=MOVING mission=DISABLED front=1.11m pose=(+4.92, +3.32, +85.6deg) goal=(5.4, 4.7) detections=2 located=0 targets=0 perception=WAIT_CALIBRATION
t=193.60s goal_change=(5.4, 4.7)->(4.5, 4.9) reason=호출자가 목표를 변경함
t=194.05s exploration known_area_m2=32.290 frontier_groups=144 reachable_candidates=183 goal=(4.500,4.900) odom_distance_m=13.803 reason=안전한 Frontier 후보 있음 selection_reason=구역 유지: 현재 목표 유지 goal_reached=N/A planning_failures=N/A
t=194.05s frontier_score cell=(149, 145) goal=(4.5, 4.9) gain_m2=4.900 distance_m=2.100 turn_rad=0.048 revisit=0.000 score=1.404 selected=True
t=194.05s frontier_score cell=(148, 145) goal=(4.5, 4.800000000000001) gain_m2=4.770 distance_m=2.000 turn_rad=0.048 revisit=0.000 score=1.382 selected=False
t=194.05s frontier_score cell=(147, 145) goal=(4.5, 4.7) gain_m2=4.640 distance_m=1.900 turn_rad=0.048 revisit=0.000 score=1.359 selected=False
t=194.05s frontier_score cell=(101, 164) goal=(6.4, 0.1) gain_m2=4.250 distance_m=5.000 turn_rad=3.093 revisit=0.000 score=-0.133 selected=False
t=194.05s frontier_score cell=(101, 163) goal=(6.300000000000001, 0.1) gain_m2=3.980 distance_m=4.900 turn_rad=3.093 revisit=0.000 score=-0.216 selected=False
t=194.05s state=MOVING mission=DISABLED front=1.04m pose=(+4.92, +3.40, +87.2deg) goal=(4.5, 4.9) detections=1 located=0 targets=0 perception=WAIT_CALIBRATION
t=195.01s exploration known_area_m2=32.310 frontier_groups=139 reachable_candidates=180 goal=(4.500,4.900) odom_distance_m=13.844 reason=안전한 Frontier 후보 있음 selection_reason=구역 유지: 현재 목표 유지 goal_reached=N/A planning_failures=N/A
t=195.01s frontier_score cell=(149, 145) goal=(4.5, 4.9) gain_m2=4.880 distance_m=2.100 turn_rad=0.038 revisit=0.000 score=1.397 selected=True
t=195.01s frontier_score cell=(148, 145) goal=(4.5, 4.800000000000001) gain_m2=4.750 distance_m=2.000 turn_rad=0.038 revisit=0.000 score=1.374 selected=False
t=195.01s frontier_score cell=(147, 145) goal=(4.5, 4.7) gain_m2=4.620 distance_m=1.900 turn_rad=0.038 revisit=0.000 score=1.352 selected=False
t=195.01s frontier_score cell=(101, 164) goal=(6.4, 0.1) gain_m2=4.250 distance_m=5.000 turn_rad=3.103 revisit=0.000 score=-0.134 selected=False
t=195.01s frontier_score cell=(101, 163) goal=(6.300000000000001, 0.1) gain_m2=3.980 distance_m=4.900 turn_rad=3.103 revisit=0.000 score=-0.217 selected=False
t=195.01s state=MOVING mission=DISABLED front=1.01m pose=(+4.92, +3.44, +92.2deg) goal=(4.5, 4.9) detections=2 located=0 targets=0 perception=WAIT_CALIBRATION
t=195.01s map_saved=C:\Users\woosu\OneDrive\Desktop\hkton\controllers\tb3_teleop\maps\map.png
t=196.03s exploration known_area_m2=32.310 frontier_groups=140 reachable_candidates=184 goal=(4.500,4.900) odom_distance_m=13.893 reason=안전한 Frontier 후보 있음 selection_reason=구역 유지: 현재 목표 유지 goal_reached=N/A planning_failures=N/A
t=196.03s frontier_score cell=(149, 145) goal=(4.5, 4.9) gain_m2=4.880 distance_m=2.000 turn_rad=0.128 revisit=0.000 score=1.422 selected=True
t=196.03s frontier_score cell=(148, 145) goal=(4.5, 4.800000000000001) gain_m2=4.750 distance_m=1.900 turn_rad=0.128 revisit=0.000 score=1.399 selected=False
t=196.03s frontier_score cell=(147, 145) goal=(4.5, 4.7) gain_m2=4.620 distance_m=1.800 turn_rad=0.128 revisit=0.000 score=1.376 selected=False
t=196.03s frontier_score cell=(132, 150) goal=(5.0, 3.2) gain_m2=2.390 distance_m=0.400 turn_rad=3.014 revisit=0.000 score=0.608 selected=False
t=196.03s frontier_score cell=(131, 152) goal=(5.2, 3.1) gain_m2=2.580 distance_m=0.700 turn_rad=3.014 revisit=0.000 score=0.589 selected=False
t=196.03s state=MOVING mission=DISABLED front=0.88m pose=(+4.92, +3.48, +97.3deg) goal=(4.5, 4.9) detections=1 located=0 targets=0 perception=WAIT_CALIBRATION
t=197.06s exploration known_area_m2=32.260 frontier_groups=144 reachable_candidates=197 goal=(4.500,4.900) odom_distance_m=13.945 reason=안전한 Frontier 후보 있음 selection_reason=구역 유지: 현재 목표 유지 goal_reached=N/A planning_failures=N/A
t=197.06s frontier_score cell=(147, 154) goal=(5.4, 4.7) gain_m2=4.920 distance_m=1.700 turn_rad=0.211 revisit=0.000 score=1.531 selected=False
t=197.06s frontier_score cell=(148, 148) goal=(4.800000000000001, 4.800000000000001) gain_m2=4.820 distance_m=1.600 turn_rad=0.211 revisit=0.000 score=1.521 selected=False
t=197.06s frontier_score cell=(146, 149) goal=(4.9, 4.6000000000000005) gain_m2=4.550 distance_m=1.300 turn_rad=0.211 revisit=0.000 score=1.505 selected=False
t=197.06s frontier_score cell=(147, 148) goal=(4.800000000000001, 4.7) gain_m2=4.690 distance_m=1.500 turn_rad=0.211 revisit=0.000 score=1.498 selected=False
t=197.06s frontier_score cell=(146, 153) goal=(5.300000000000001, 4.6000000000000005) gain_m2=4.670 distance_m=1.500 turn_rad=0.211 revisit=0.000 score=1.490 selected=False
t=197.06s frontier_score cell=(149, 145) goal=(4.5, 4.9) gain_m2=4.930 distance_m=2.000 turn_rad=0.211 revisit=0.000 score=1.435 selected=True
t=197.06s state=MOVING mission=DISABLED front=0.90m pose=(+4.91, +3.53, +102.1deg) goal=(4.5, 4.9) detections=2 located=0 targets=0 perception=WAIT_CALIBRATION
t=198.02s exploration known_area_m2=32.270 frontier_groups=150 reachable_candidates=187 goal=(4.500,4.900) odom_distance_m=13.998 reason=안전한 Frontier 후보 있음 selection_reason=구역 유지: 현재 목표 유지 goal_reached=N/A planning_failures=N/A
t=198.02s frontier_score cell=(149, 145) goal=(4.5, 4.9) gain_m2=4.910 distance_m=1.900 turn_rad=0.286 revisit=0.000 score=1.453 selected=True
t=198.02s frontier_score cell=(148, 145) goal=(4.5, 4.800000000000001) gain_m2=4.780 distance_m=1.800 turn_rad=0.286 revisit=0.000 score=1.430 selected=False
t=198.02s frontier_score cell=(147, 145) goal=(4.5, 4.7) gain_m2=4.650 distance_m=1.700 turn_rad=0.286 revisit=0.000 score=1.407 selected=False
t=198.02s frontier_score cell=(142, 149) goal=(4.9, 4.2) gain_m2=3.700 distance_m=0.600 turn_rad=0.286 revisit=0.000 score=1.365 selected=False
t=198.02s frontier_score cell=(142, 151) goal=(5.1000000000000005, 4.2) gain_m2=3.740 distance_m=0.800 turn_rad=0.286 revisit=0.000 score=1.316 selected=False
t=198.02s state=MOVING mission=DISABLED front=0.87m pose=(+4.89, +3.59, +106.4deg) goal=(4.5, 4.9) detections=4 located=0 targets=0 perception=WAIT_CALIBRATION
t=199.04s exploration known_area_m2=32.310 frontier_groups=143 reachable_candidates=185 goal=(4.500,4.900) odom_distance_m=14.073 reason=안전한 Frontier 후보 있음 selection_reason=구역 유지: 현재 목표 유지 goal_reached=N/A planning_failures=N/A
t=199.04s frontier_score cell=(149, 145) goal=(4.5, 4.9) gain_m2=4.880 distance_m=1.900 turn_rad=0.360 revisit=0.000 score=1.433 selected=True
t=199.04s frontier_score cell=(148, 145) goal=(4.5, 4.800000000000001) gain_m2=4.750 distance_m=1.800 turn_rad=0.360 revisit=0.000 score=1.410 selected=False
t=199.04s frontier_score cell=(147, 145) goal=(4.5, 4.7) gain_m2=4.620 distance_m=1.700 turn_rad=0.360 revisit=0.000 score=1.387 selected=False
t=199.04s frontier_score cell=(137, 142) goal=(4.2, 3.7) gain_m2=3.220 distance_m=0.800 turn_rad=0.360 revisit=0.000 score=1.085 selected=False
t=199.04s frontier_score cell=(127, 140) goal=(4.0, 2.7) gain_m2=2.020 distance_m=1.800 turn_rad=1.211 revisit=0.000 score=0.154 selected=False
t=199.04s state=MOVING mission=DISABLED front=0.81m pose=(+4.88, +3.64, +110.6deg) goal=(4.5, 4.9) detections=1 located=0 targets=0 perception=WAIT_CALIBRATION
t=200.00s exploration known_area_m2=32.320 frontier_groups=142 reachable_candidates=185 goal=(4.500,4.900) odom_distance_m=14.132 reason=안전한 Frontier 후보 있음 selection_reason=구역 유지: 현재 목표 유지 goal_reached=N/A planning_failures=N/A
t=200.00s frontier_score cell=(149, 145) goal=(4.5, 4.9) gain_m2=4.890 distance_m=1.800 turn_rad=0.423 revisit=0.000 score=1.464 selected=True
t=200.00s frontier_score cell=(148, 145) goal=(4.5, 4.800000000000001) gain_m2=4.760 distance_m=1.700 turn_rad=0.423 revisit=0.000 score=1.442 selected=False
t=200.00s frontier_score cell=(147, 145) goal=(4.5, 4.7) gain_m2=4.630 distance_m=1.600 turn_rad=0.423 revisit=0.000 score=1.419 selected=False
t=200.00s frontier_score cell=(140, 151) goal=(5.1000000000000005, 4.0) gain_m2=3.310 distance_m=0.500 turn_rad=0.423 revisit=0.000 score=1.218 selected=False
t=200.00s frontier_score cell=(137, 142) goal=(4.2, 3.7) gain_m2=3.230 distance_m=0.700 turn_rad=1.147 revisit=0.000 score=1.047 selected=False
t=200.00s state=MOVING mission=DISABLED front=0.76m pose=(+4.85, +3.70, +114.3deg) goal=(4.5, 4.9) detections=1 located=0 targets=0 perception=WAIT_CALIBRATION
t=200.00s map_saved=C:\Users\woosu\OneDrive\Desktop\hkton\controllers\tb3_teleop\maps\map.png
t=201.02s exploration known_area_m2=32.360 frontier_groups=137 reachable_candidates=183 goal=(4.500,4.900) odom_distance_m=14.196 reason=안전한 Frontier 후보 있음 selection_reason=구역 유지: 현재 목표 유지 goal_reached=N/A planning_failures=N/A
t=201.02s frontier_score cell=(149, 145) goal=(4.5, 4.9) gain_m2=4.870 distance_m=1.600 turn_rad=0.483 revisit=0.000 score=1.517 selected=True
t=201.02s frontier_score cell=(148, 145) goal=(4.5, 4.800000000000001) gain_m2=4.740 distance_m=1.500 turn_rad=0.483 revisit=0.000 score=1.494 selected=False
t=201.02s frontier_score cell=(147, 145) goal=(4.5, 4.7) gain_m2=4.610 distance_m=1.400 turn_rad=0.483 revisit=0.000 score=1.471 selected=False
t=201.02s frontier_score cell=(143, 150) goal=(5.0, 4.3) gain_m2=3.880 distance_m=0.700 turn_rad=0.483 revisit=0.000 score=1.391 selected=False
t=201.02s frontier_score cell=(127, 140) goal=(4.0, 2.7) gain_m2=2.000 distance_m=1.900 turn_rad=1.088 revisit=0.000 score=0.124 selected=False
t=201.02s state=MOVING mission=DISABLED front=0.71m pose=(+4.82, +3.75, +117.7deg) goal=(4.5, 4.9) detections=1 located=0 targets=0 perception=WAIT_CALIBRATION
t=201.66s goal_change=(4.5, 4.9)->(4.0, 2.7) reason=호출자가 목표를 변경함
t=202.05s exploration known_area_m2=32.390 frontier_groups=134 reachable_candidates=181 goal=(4.000,2.700) odom_distance_m=14.265 reason=안전한 Frontier 후보 있음 selection_reason=구역 유지: 현재 목표 유지 goal_reached=N/A planning_failures=N/A
t=202.05s frontier_score cell=(149, 145) goal=(4.5, 4.9) gain_m2=4.860 distance_m=1.600 turn_rad=0.566 revisit=0.000 score=1.504 selected=False
t=202.05s frontier_score cell=(148, 145) goal=(4.5, 4.800000000000001) gain_m2=4.730 distance_m=1.500 turn_rad=0.566 revisit=0.000 score=1.482 selected=False
t=202.05s frontier_score cell=(147, 145) goal=(4.5, 4.7) gain_m2=4.590 distance_m=1.400 turn_rad=0.566 revisit=0.000 score=1.455 selected=False
t=202.05s frontier_score cell=(127, 140) goal=(4.0, 2.7) gain_m2=1.990 distance_m=1.900 turn_rad=1.005 revisit=0.000 score=0.127 selected=True
t=202.05s frontier_score cell=(101, 164) goal=(6.4, 0.1) gain_m2=4.250 distance_m=5.500 turn_rad=2.136 revisit=0.000 score=-0.208 selected=False
t=202.05s state=MOVING mission=DISABLED front=0.69m pose=(+4.80, +3.80, +122.4deg) goal=(4.0, 2.7) detections=0 located=0 targets=0 perception=WAIT_CALIBRATION
t=203.01s exploration known_area_m2=32.380 frontier_groups=136 reachable_candidates=182 goal=(4.000,2.700) odom_distance_m=14.303 reason=안전한 Frontier 후보 있음 selection_reason=구역 유지: 현재 목표 유지 goal_reached=N/A planning_failures=N/A
t=203.01s frontier_score cell=(149, 145) goal=(4.5, 4.9) gain_m2=4.870 distance_m=1.600 turn_rad=0.692 revisit=0.000 score=1.497 selected=False
t=203.01s frontier_score cell=(148, 145) goal=(4.5, 4.800000000000001) gain_m2=4.740 distance_m=1.500 turn_rad=0.692 revisit=0.000 score=1.474 selected=False
t=203.01s frontier_score cell=(147, 145) goal=(4.5, 4.7) gain_m2=4.600 distance_m=1.400 turn_rad=0.692 revisit=0.000 score=1.447 selected=False
t=203.01s frontier_score cell=(136, 150) goal=(5.0, 3.6) gain_m2=2.580 distance_m=0.400 turn_rad=2.263 revisit=0.000 score=0.761 selected=False
t=203.01s frontier_score cell=(127, 140) goal=(4.0, 2.7) gain_m2=2.000 distance_m=1.900 turn_rad=0.878 revisit=0.000 score=0.144 selected=True
t=203.01s state=MOVING mission=DISABLED front=0.76m pose=(+4.77, +3.83, +129.7deg) goal=(4.0, 2.7) detections=0 located=0 targets=0 perception=WAIT_CALIBRATION
t=204.03s exploration known_area_m2=32.360 frontier_groups=141 reachable_candidates=185 goal=(4.000,2.700) odom_distance_m=14.369 reason=안전한 Frontier 후보 있음 selection_reason=구역 유지: 현재 목표 유지 goal_reached=N/A planning_failures=N/A
t=204.03s frontier_score cell=(149, 145) goal=(4.5, 4.9) gain_m2=4.870 distance_m=1.400 turn_rad=0.744 revisit=0.000 score=1.558 selected=False
t=204.03s frontier_score cell=(148, 145) goal=(4.5, 4.800000000000001) gain_m2=4.740 distance_m=1.300 turn_rad=0.744 revisit=0.000 score=1.536 selected=False
t=204.03s frontier_score cell=(147, 145) goal=(4.5, 4.7) gain_m2=4.600 distance_m=1.200 turn_rad=0.744 revisit=0.000 score=1.509 selected=False
t=204.03s frontier_score cell=(142, 143) goal=(4.3, 4.2) gain_m2=3.900 distance_m=0.700 turn_rad=0.744 revisit=0.000 score=1.374 selected=False
t=204.03s frontier_score cell=(136, 150) goal=(5.0, 3.6) gain_m2=2.580 distance_m=0.600 turn_rad=2.315 revisit=0.000 score=0.689 selected=False
t=204.03s frontier_score cell=(127, 140) goal=(4.0, 2.7) gain_m2=2.000 distance_m=1.900 turn_rad=0.744 revisit=0.000 score=0.156 selected=True
t=204.03s state=MOVING mission=DISABLED front=0.70m pose=(+4.75, +3.86, +137.3deg) goal=(4.0, 2.7) detections=0 located=0 targets=0 perception=WAIT_CALIBRATION
t=205.06s exploration known_area_m2=32.360 frontier_groups=140 reachable_candidates=185 goal=(4.000,2.700) odom_distance_m=14.436 reason=안전한 Frontier 후보 있음 selection_reason=구역 유지: 현재 목표 유지 goal_reached=N/A planning_failures=N/A
t=205.06s frontier_score cell=(149, 145) goal=(4.5, 4.9) gain_m2=4.860 distance_m=1.400 turn_rad=0.612 revisit=0.000 score=1.567 selected=False
t=205.06s frontier_score cell=(148, 145) goal=(4.5, 4.800000000000001) gain_m2=4.730 distance_m=1.300 turn_rad=0.612 revisit=0.000 score=1.544 selected=False
t=205.06s frontier_score cell=(147, 145) goal=(4.5, 4.7) gain_m2=4.590 distance_m=1.200 turn_rad=0.612 revisit=0.000 score=1.517 selected=False
t=205.06s frontier_score cell=(142, 143) goal=(4.3, 4.2) gain_m2=3.890 distance_m=0.700 turn_rad=0.612 revisit=0.000 score=1.383 selected=False
t=205.06s frontier_score cell=(127, 140) goal=(4.0, 2.7) gain_m2=2.000 distance_m=1.900 turn_rad=0.612 revisit=0.000 score=0.169 selected=True
t=205.06s state=MOVING mission=DISABLED front=0.65m pose=(+4.71, +3.89, +144.9deg) goal=(4.0, 2.7) detections=0 located=0 targets=0 perception=WAIT_CALIBRATION
t=205.06s map_saved=C:\Users\woosu\OneDrive\Desktop\hkton\controllers\tb3_teleop\maps\map.png
t=206.02s exploration known_area_m2=32.360 frontier_groups=141 reachable_candidates=185 goal=(4.000,2.700) odom_distance_m=14.474 reason=안전한 Frontier 후보 있음 selection_reason=구역 유지: 현재 목표 유지 goal_reached=N/A planning_failures=N/A
t=206.02s frontier_score cell=(149, 145) goal=(4.5, 4.9) gain_m2=4.870 distance_m=1.400 turn_rad=0.489 revisit=0.000 score=1.583 selected=False
t=206.02s frontier_score cell=(148, 145) goal=(4.5, 4.800000000000001) gain_m2=4.740 distance_m=1.300 turn_rad=0.489 revisit=0.000 score=1.560 selected=False
t=206.02s frontier_score cell=(147, 145) goal=(4.5, 4.7) gain_m2=4.610 distance_m=1.200 turn_rad=0.489 revisit=0.000 score=1.538 selected=False
t=206.02s frontier_score cell=(144, 145) goal=(4.5, 4.4) gain_m2=4.180 distance_m=0.700 turn_rad=0.489 revisit=0.000 score=1.519 selected=False
t=206.02s frontier_score cell=(143, 146) goal=(4.6000000000000005, 4.3) gain_m2=3.970 distance_m=0.500 turn_rad=0.489 revisit=0.000 score=1.495 selected=False
t=206.02s frontier_score cell=(127, 140) goal=(4.0, 2.7) gain_m2=1.990 distance_m=1.900 turn_rad=0.489 revisit=0.000 score=0.177 selected=True
t=206.02s state=MOVING mission=DISABLED front=0.60m pose=(+4.68, +3.91, +152.0deg) goal=(4.0, 2.7) detections=0 located=0 targets=0 perception=WAIT_CALIBRATION
t=207.04s exploration known_area_m2=32.360 frontier_groups=140 reachable_candidates=182 goal=(4.000,2.700) odom_distance_m=14.549 reason=안전한 Frontier 후보 있음 selection_reason=구역 유지: 현재 목표 유지 goal_reached=N/A planning_failures=N/A
t=207.04s frontier_score cell=(149, 145) goal=(4.5, 4.9) gain_m2=4.870 distance_m=1.300 turn_rad=0.359 revisit=0.000 score=1.629 selected=False
t=207.04s frontier_score cell=(148, 145) goal=(4.5, 4.800000000000001) gain_m2=4.740 distance_m=1.200 turn_rad=0.359 revisit=0.000 score=1.606 selected=False
t=207.04s frontier_score cell=(147, 145) goal=(4.5, 4.7) gain_m2=4.610 distance_m=1.100 turn_rad=0.359 revisit=0.000 score=1.583 selected=False
t=207.04s frontier_score cell=(133, 141) goal=(4.1000000000000005, 3.3000000000000003) gain_m2=2.720 distance_m=1.100 turn_rad=0.359 revisit=0.000 score=0.770 selected=False
t=207.04s frontier_score cell=(127, 140) goal=(4.0, 2.7) gain_m2=1.990 distance_m=1.800 turn_rad=0.359 revisit=0.000 score=0.222 selected=True
t=207.04s state=MOVING mission=DISABLED front=0.56m pose=(+4.64, +3.93, +159.4deg) goal=(4.0, 2.7) detections=0 located=0 targets=0 perception=WAIT_CALIBRATION
t=208.00s exploration known_area_m2=32.370 frontier_groups=142 reachable_candidates=186 goal=(4.000,2.700) odom_distance_m=14.620 reason=안전한 Frontier 후보 있음 selection_reason=구역 유지: 현재 목표 유지 goal_reached=N/A planning_failures=N/A
t=208.00s frontier_score cell=(149, 145) goal=(4.5, 4.9) gain_m2=4.870 distance_m=1.300 turn_rad=0.081 revisit=0.000 score=1.655 selected=False
t=208.00s frontier_score cell=(148, 145) goal=(4.5, 4.800000000000001) gain_m2=4.740 distance_m=1.200 turn_rad=0.081 revisit=0.000 score=1.632 selected=False
t=208.00s frontier_score cell=(147, 145) goal=(4.5, 4.7) gain_m2=4.600 distance_m=1.100 turn_rad=0.081 revisit=0.000 score=1.606 selected=False
t=208.00s frontier_score cell=(145, 144) goal=(4.4, 4.5) gain_m2=4.330 distance_m=0.800 turn_rad=0.081 revisit=0.000 score=1.589 selected=False
t=208.00s frontier_score cell=(146, 145) goal=(4.5, 4.6000000000000005) gain_m2=4.460 distance_m=1.000 turn_rad=0.081 revisit=0.000 score=1.579 selected=False
t=208.00s frontier_score cell=(127, 140) goal=(4.0, 2.7) gain_m2=1.980 distance_m=1.800 turn_rad=0.081 revisit=0.000 score=0.245 selected=True
t=208.00s state=MOVING mission=DISABLED front=0.52m pose=(+4.61, +3.94, +175.4deg) goal=(4.0, 2.7) detections=0 located=0 targets=0 perception=WAIT_CALIBRATION
t=209.02s exploration known_area_m2=32.380 frontier_groups=143 reachable_candidates=186 goal=(4.000,2.700) odom_distance_m=14.710 reason=안전한 Frontier 후보 있음 selection_reason=구역 유지: 현재 목표 유지 goal_reached=N/A planning_failures=N/A
t=209.02s frontier_score cell=(149, 145) goal=(4.5, 4.9) gain_m2=4.870 distance_m=1.300 turn_rad=0.159 revisit=0.000 score=1.648 selected=False
t=209.02s frontier_score cell=(148, 145) goal=(4.5, 4.800000000000001) gain_m2=4.730 distance_m=1.200 turn_rad=0.159 revisit=0.000 score=1.621 selected=False
t=209.02s frontier_score cell=(147, 145) goal=(4.5, 4.7) gain_m2=4.590 distance_m=1.100 turn_rad=0.159 revisit=0.000 score=1.594 selected=False
t=209.02s frontier_score cell=(145, 144) goal=(4.4, 4.5) gain_m2=4.320 distance_m=0.800 turn_rad=0.159 revisit=0.000 score=1.578 selected=False
t=209.02s frontier_score cell=(146, 145) goal=(4.5, 4.6000000000000005) gain_m2=4.450 distance_m=1.000 turn_rad=0.159 revisit=0.000 score=1.567 selected=False
t=209.02s frontier_score cell=(127, 140) goal=(4.0, 2.7) gain_m2=1.970 distance_m=1.800 turn_rad=0.159 revisit=0.000 score=0.233 selected=True
t=209.02s state=MOVING mission=DISABLED front=0.48m pose=(+4.57, +3.93, -170.9deg) goal=(4.0, 2.7) detections=0 located=0 targets=0 perception=WAIT_CALIBRATION
t=210.05s exploration known_area_m2=32.380 frontier_groups=147 reachable_candidates=188 goal=(4.000,2.700) odom_distance_m=14.766 reason=안전한 Frontier 후보 있음 selection_reason=구역 유지: 현재 목표 유지 goal_reached=N/A planning_failures=N/A
t=210.05s frontier_score cell=(143, 151) goal=(5.1000000000000005, 4.3) gain_m2=3.890 distance_m=1.000 turn_rad=1.988 revisit=0.000 score=1.151 selected=False
t=210.05s frontier_score cell=(132, 141) goal=(4.1000000000000005, 3.2) gain_m2=2.590 distance_m=1.100 turn_rad=0.417 revisit=0.000 score=0.708 selected=False
t=210.05s frontier_score cell=(132, 150) goal=(5.0, 3.2) gain_m2=2.380 distance_m=1.200 turn_rad=1.153 revisit=0.000 score=0.514 selected=False
t=210.05s frontier_score cell=(131, 151) goal=(5.1000000000000005, 3.1) gain_m2=2.450 distance_m=1.400 turn_rad=1.153 revisit=0.000 score=0.478 selected=False
t=210.05s frontier_score cell=(127, 140) goal=(4.0, 2.7) gain_m2=2.010 distance_m=1.700 turn_rad=1.153 revisit=0.000 score=0.188 selected=True
t=210.05s state=MOVING mission=DISABLED front=0.48m pose=(+4.53, +3.92, -156.1deg) goal=(4.0, 2.7) detections=0 located=0 targets=0 perception=WAIT_CALIBRATION
t=210.05s map_saved=C:\Users\woosu\OneDrive\Desktop\hkton\controllers\tb3_teleop\maps\map.png
t=211.01s exploration known_area_m2=32.400 frontier_groups=145 reachable_candidates=185 goal=(4.000,2.700) odom_distance_m=14.866 reason=안전한 Frontier 후보 있음 selection_reason=구역 유지: 현재 목표 유지 goal_reached=N/A planning_failures=N/A
t=211.01s frontier_score cell=(143, 151) goal=(5.1000000000000005, 4.3) gain_m2=3.880 distance_m=1.000 turn_rad=2.354 revisit=0.000 score=1.112 selected=False
t=211.01s frontier_score cell=(132, 141) goal=(4.1000000000000005, 3.2) gain_m2=2.580 distance_m=1.100 turn_rad=0.784 revisit=0.000 score=0.669 selected=False
t=211.01s frontier_score cell=(124, 155) goal=(5.5, 2.4000000000000004) gain_m2=3.160 distance_m=2.500 turn_rad=0.787 revisit=0.000 score=0.452 selected=False
t=211.01s frontier_score cell=(127, 140) goal=(4.0, 2.7) gain_m2=2.000 distance_m=1.700 turn_rad=0.787 revisit=0.000 score=0.219 selected=True
t=211.01s frontier_score cell=(121, 142) goal=(4.2, 2.1) gain_m2=1.440 distance_m=2.100 turn_rad=0.787 revisit=0.000 score=-0.155 selected=False
t=211.01s state=MOVING mission=DISABLED front=0.56m pose=(+4.50, +3.90, -135.1deg) goal=(4.0, 2.7) detections=0 located=0 targets=0 perception=WAIT_CALIBRATION
t=212.03s exploration known_area_m2=32.470 frontier_groups=139 reachable_candidates=180 goal=(4.000,2.700) odom_distance_m=14.907 reason=안전한 Frontier 후보 있음 selection_reason=구역 유지: 현재 목표 유지 goal_reached=N/A planning_failures=N/A
t=212.03s frontier_score cell=(143, 151) goal=(5.1000000000000005, 4.3) gain_m2=3.820 distance_m=1.000 turn_rad=2.233 revisit=0.000 score=1.098 selected=False
t=212.03s frontier_score cell=(124, 155) goal=(5.5, 2.4000000000000004) gain_m2=3.160 distance_m=2.500 turn_rad=0.662 revisit=0.000 score=0.464 selected=False
t=212.03s frontier_score cell=(127, 140) goal=(4.0, 2.7) gain_m2=1.970 distance_m=1.700 turn_rad=0.662 revisit=0.000 score=0.218 selected=True
t=212.03s frontier_score cell=(101, 164) goal=(6.4, 0.1) gain_m2=4.240 distance_m=5.900 turn_rad=0.662 revisit=0.000 score=-0.205 selected=False
t=212.03s frontier_score cell=(101, 163) goal=(6.300000000000001, 0.1) gain_m2=3.970 distance_m=5.800 turn_rad=0.662 revisit=0.000 score=-0.288 selected=False
t=212.03s state=MOVING mission=DISABLED front=0.60m pose=(+4.47, +3.87, -127.9deg) goal=(4.0, 2.7) detections=0 located=0 targets=0 perception=WAIT_CALIBRATION
t=213.06s exploration known_area_m2=32.500 frontier_groups=146 reachable_candidates=185 goal=(4.000,2.700) odom_distance_m=14.978 reason=안전한 Frontier 후보 있음 selection_reason=구역 유지: 현재 목표 유지 goal_reached=N/A planning_failures=N/A
t=213.06s frontier_score cell=(142, 143) goal=(4.3, 4.2) gain_m2=3.790 distance_m=0.500 turn_rad=1.025 revisit=0.000 score=1.367 selected=False
t=213.06s frontier_score cell=(143, 151) goal=(5.1000000000000005, 4.3) gain_m2=3.790 distance_m=1.200 turn_rad=2.117 revisit=0.000 score=1.029 selected=False
t=213.06s frontier_score cell=(124, 154) goal=(5.4, 2.4000000000000004) gain_m2=2.870 distance_m=2.400 turn_rad=0.546 revisit=0.000 score=0.383 selected=False
t=213.06s frontier_score cell=(127, 140) goal=(4.0, 2.7) gain_m2=1.990 distance_m=1.700 turn_rad=0.546 revisit=0.000 score=0.238 selected=True
t=213.06s frontier_score cell=(123, 141) goal=(4.1000000000000005, 2.3000000000000003) gain_m2=1.580 distance_m=2.000 turn_rad=0.546 revisit=0.000 score=-0.039 selected=False
t=213.06s state=MOVING mission=DISABLED front=0.67m pose=(+4.45, +3.84, -121.3deg) goal=(4.0, 2.7) detections=1 located=0 targets=0 perception=WAIT_CALIBRATION
t=214.02s exploration known_area_m2=32.500 frontier_groups=145 reachable_candidates=183 goal=(4.000,2.700) odom_distance_m=15.017 reason=안전한 Frontier 후보 있음 selection_reason=구역 유지: 현재 목표 유지 goal_reached=N/A planning_failures=N/A
t=214.02s frontier_score cell=(142, 143) goal=(4.3, 4.2) gain_m2=3.810 distance_m=0.500 turn_rad=1.124 revisit=0.000 score=1.366 selected=False
t=214.02s frontier_score cell=(143, 151) goal=(5.1000000000000005, 4.3) gain_m2=3.800 distance_m=1.200 turn_rad=2.017 revisit=0.000 score=1.043 selected=False
t=214.02s frontier_score cell=(124, 154) goal=(5.4, 2.4000000000000004) gain_m2=2.870 distance_m=2.400 turn_rad=0.446 revisit=0.000 score=0.393 selected=False
t=214.02s frontier_score cell=(127, 140) goal=(4.0, 2.7) gain_m2=2.000 distance_m=1.700 turn_rad=0.446 revisit=0.000 score=0.252 selected=True
t=214.02s frontier_score cell=(123, 141) goal=(4.1000000000000005, 2.3000000000000003) gain_m2=1.580 distance_m=2.000 turn_rad=0.446 revisit=0.000 score=-0.029 selected=False
t=214.02s state=MOVING mission=DISABLED front=0.77m pose=(+4.43, +3.80, -115.6deg) goal=(4.0, 2.7) detections=1 located=0 targets=0 perception=WAIT_CALIBRATION
t=215.04s exploration known_area_m2=32.530 frontier_groups=139 reachable_candidates=180 goal=(4.000,2.700) odom_distance_m=15.082 reason=안전한 Frontier 후보 있음 selection_reason=구역 유지: 현재 목표 유지 goal_reached=N/A planning_failures=N/A
t=215.04s frontier_score cell=(136, 150) goal=(5.0, 3.6) gain_m2=2.480 distance_m=0.800 turn_rad=0.348 revisit=0.000 score=0.768 selected=False
t=215.04s frontier_score cell=(127, 140) goal=(4.0, 2.7) gain_m2=2.000 distance_m=1.700 turn_rad=0.348 revisit=0.000 score=0.261 selected=True
t=215.04s frontier_score cell=(123, 141) goal=(4.1000000000000005, 2.3000000000000003) gain_m2=1.570 distance_m=2.000 turn_rad=0.348 revisit=0.000 score=-0.024 selected=False
t=215.04s frontier_score cell=(122, 142) goal=(4.2, 2.2) gain_m2=1.470 distance_m=2.000 turn_rad=0.348 revisit=0.000 score=-0.067 selected=False
t=215.04s frontier_score cell=(101, 164) goal=(6.4, 0.1) gain_m2=4.240 distance_m=5.900 turn_rad=0.348 revisit=0.000 score=-0.175 selected=False
t=215.04s state=MOVING mission=DISABLED front=0.80m pose=(+4.41, +3.76, -110.0deg) goal=(4.0, 2.7) detections=2 located=0 targets=0 perception=WAIT_CALIBRATION
t=215.04s map_saved=C:\Users\woosu\OneDrive\Desktop\hkton\controllers\tb3_teleop\maps\map.png
t=216.00s exploration known_area_m2=32.520 frontier_groups=142 reachable_candidates=182 goal=(4.000,2.700) odom_distance_m=15.122 reason=안전한 Frontier 후보 있음 selection_reason=구역 유지: 현재 목표 유지 goal_reached=N/A planning_failures=N/A
t=216.00s frontier_score cell=(140, 151) goal=(5.1000000000000005, 4.0) gain_m2=3.170 distance_m=1.000 turn_rad=1.831 revisit=0.000 score=0.856 selected=False
t=216.00s frontier_score cell=(136, 150) goal=(5.0, 3.6) gain_m2=2.480 distance_m=0.700 turn_rad=0.260 revisit=0.000 score=0.809 selected=False
t=216.00s frontier_score cell=(127, 140) goal=(4.0, 2.7) gain_m2=1.990 distance_m=1.600 turn_rad=0.260 revisit=0.000 score=0.298 selected=True
t=216.00s frontier_score cell=(123, 141) goal=(4.1000000000000005, 2.3000000000000003) gain_m2=1.560 distance_m=1.900 turn_rad=0.260 revisit=0.000 score=0.013 selected=False
t=216.00s frontier_score cell=(122, 142) goal=(4.2, 2.2) gain_m2=1.460 distance_m=1.900 turn_rad=0.260 revisit=0.000 score=-0.030 selected=False
t=216.00s state=MOVING mission=DISABLED front=0.77m pose=(+4.40, +3.73, -104.9deg) goal=(4.0, 2.7) detections=1 located=0 targets=0 perception=WAIT_CALIBRATION
t=217.02s exploration known_area_m2=32.540 frontier_groups=139 reachable_candidates=182 goal=(4.000,2.700) odom_distance_m=15.189 reason=안전한 Frontier 후보 있음 selection_reason=구역 유지: 현재 목표 유지 goal_reached=N/A planning_failures=N/A
t=217.02s frontier_score cell=(140, 151) goal=(5.1000000000000005, 4.0) gain_m2=3.140 distance_m=1.000 turn_rad=1.741 revisit=0.000 score=0.852 selected=False
t=217.02s frontier_score cell=(126, 156) goal=(5.6000000000000005, 2.6) gain_m2=3.490 distance_m=2.300 turn_rad=0.170 revisit=0.000 score=0.719 selected=False
t=217.02s frontier_score cell=(127, 140) goal=(4.0, 2.7) gain_m2=1.980 distance_m=1.600 turn_rad=0.170 revisit=0.000 score=0.303 selected=True
t=217.02s frontier_score cell=(123, 141) goal=(4.1000000000000005, 2.3000000000000003) gain_m2=1.560 distance_m=1.900 turn_rad=0.170 revisit=0.000 score=0.022 selected=False
t=217.02s frontier_score cell=(122, 142) goal=(4.2, 2.2) gain_m2=1.460 distance_m=1.900 turn_rad=0.170 revisit=0.000 score=-0.021 selected=False
t=217.02s state=MOVING mission=DISABLED front=0.72m pose=(+4.39, +3.69, -99.7deg) goal=(4.0, 2.7) detections=2 located=0 targets=0 perception=WAIT_CALIBRATION
t=218.05s exploration known_area_m2=32.510 frontier_groups=143 reachable_candidates=183 goal=(4.000,2.700) odom_distance_m=15.230 reason=안전한 Frontier 후보 있음 selection_reason=구역 유지: 현재 목표 유지 goal_reached=N/A planning_failures=N/A
t=218.05s frontier_score cell=(145, 144) goal=(4.4, 4.5) gain_m2=4.240 distance_m=0.900 turn_rad=3.057 revisit=0.000 score=1.233 selected=False
t=218.05s frontier_score cell=(137, 142) goal=(4.2, 3.7) gain_m2=3.160 distance_m=0.300 turn_rad=1.486 revisit=0.000 score=1.118 selected=False
t=218.05s frontier_score cell=(133, 141) goal=(4.1000000000000005, 3.3000000000000003) gain_m2=2.720 distance_m=0.600 turn_rad=0.085 revisit=0.000 score=0.963 selected=False
t=218.05s frontier_score cell=(126, 156) goal=(5.6000000000000005, 2.6) gain_m2=3.480 distance_m=2.200 turn_rad=0.085 revisit=0.000 score=0.756 selected=False
t=218.05s frontier_score cell=(127, 140) goal=(4.0, 2.7) gain_m2=2.000 distance_m=1.500 turn_rad=0.085 revisit=0.000 score=0.353 selected=True
t=218.05s state=MOVING mission=DISABLED front=0.68m pose=(+4.39, +3.64, -94.9deg) goal=(4.0, 2.7) detections=2 located=0 targets=0 perception=WAIT_CALIBRATION
t=219.01s exploration known_area_m2=32.530 frontier_groups=139 reachable_candidates=182 goal=(4.000,2.700) odom_distance_m=15.268 reason=안전한 Frontier 후보 있음 selection_reason=구역 유지: 현재 목표 유지 goal_reached=N/A planning_failures=N/A
t=219.01s frontier_score cell=(141, 143) goal=(4.3, 4.1000000000000005) gain_m2=3.630 distance_m=0.600 turn_rad=1.560 revisit=0.000 score=1.213 selected=False
t=219.01s frontier_score cell=(127, 140) goal=(4.0, 2.7) gain_m2=1.990 distance_m=1.500 turn_rad=0.011 revisit=0.000 score=0.355 selected=True
t=219.01s frontier_score cell=(123, 141) goal=(4.1000000000000005, 2.3000000000000003) gain_m2=1.560 distance_m=1.800 turn_rad=0.011 revisit=0.000 score=0.070 selected=False
t=219.01s frontier_score cell=(122, 142) goal=(4.2, 2.2) gain_m2=1.460 distance_m=1.800 turn_rad=0.011 revisit=0.000 score=0.027 selected=False
t=219.01s frontier_score cell=(101, 164) goal=(6.4, 0.1) gain_m2=4.250 distance_m=5.700 turn_rad=0.011 revisit=0.000 score=-0.072 selected=False
t=219.01s state=MOVING mission=DISABLED front=0.64m pose=(+4.38, +3.61, -90.6deg) goal=(4.0, 2.7) detections=2 located=0 targets=0 perception=WAIT_CALIBRATION
t=220.03s exploration known_area_m2=32.570 frontier_groups=138 reachable_candidates=184 goal=(4.000,2.700) odom_distance_m=15.321 reason=안전한 Frontier 후보 있음 selection_reason=구역 유지: 현재 목표 유지 goal_reached=N/A planning_failures=N/A
t=220.03s frontier_score cell=(127, 140) goal=(4.0, 2.7) gain_m2=1.980 distance_m=1.500 turn_rad=0.060 revisit=0.000 score=0.346 selected=True
t=220.03s frontier_score cell=(123, 141) goal=(4.1000000000000005, 2.3000000000000003) gain_m2=1.560 distance_m=1.800 turn_rad=0.060 revisit=0.000 score=0.066 selected=False
t=220.03s frontier_score cell=(122, 142) goal=(4.2, 2.2) gain_m2=1.450 distance_m=1.800 turn_rad=0.060 revisit=0.000 score=0.018 selected=False
t=220.03s frontier_score cell=(101, 164) goal=(6.4, 0.1) gain_m2=4.270 distance_m=5.700 turn_rad=0.060 revisit=0.000 score=-0.068 selected=False
t=220.03s frontier_score cell=(110, 153) goal=(5.300000000000001, 1.0) gain_m2=2.410 distance_m=3.500 turn_rad=0.060 revisit=0.000 score=-0.135 selected=False
t=220.03s state=MOVING mission=DISABLED front=0.61m pose=(+4.38, +3.57, -86.6deg) goal=(4.0, 2.7) detections=2 located=0 targets=0 perception=WAIT_CALIBRATION
t=220.03s map_saved=C:\Users\woosu\OneDrive\Desktop\hkton\controllers\tb3_teleop\maps\map.png
t=221.06s exploration known_area_m2=32.600 frontier_groups=135 reachable_candidates=180 goal=(4.000,2.700) odom_distance_m=15.371 reason=안전한 Frontier 후보 있음 selection_reason=구역 유지: 현재 목표 유지 goal_reached=N/A planning_failures=N/A
t=221.06s frontier_score cell=(145, 144) goal=(4.4, 4.5) gain_m2=4.170 distance_m=1.000 turn_rad=3.020 revisit=0.000 score=1.173 selected=False
t=221.06s frontier_score cell=(127, 140) goal=(4.0, 2.7) gain_m2=1.980 distance_m=1.400 turn_rad=0.121 revisit=0.000 score=0.374 selected=True
t=221.06s frontier_score cell=(123, 141) goal=(4.1000000000000005, 2.3000000000000003) gain_m2=1.560 distance_m=1.700 turn_rad=0.121 revisit=0.000 score=0.093 selected=False
t=221.06s frontier_score cell=(122, 142) goal=(4.2, 2.2) gain_m2=1.450 distance_m=1.700 turn_rad=0.121 revisit=0.000 score=0.046 selected=False
t=221.06s frontier_score cell=(101, 164) goal=(6.4, 0.1) gain_m2=4.240 distance_m=5.600 turn_rad=0.121 revisit=0.000 score=-0.053 selected=False
t=221.06s state=MOVING mission=DISABLED front=2.16m pose=(+4.39, +3.52, -83.1deg) goal=(4.0, 2.7) detections=3 located=0 targets=0 perception=WAIT_CALIBRATION
t=222.02s exploration known_area_m2=32.600 frontier_groups=135 reachable_candidates=180 goal=(4.000,2.700) odom_distance_m=15.449 reason=안전한 Frontier 후보 있음 selection_reason=구역 유지: 현재 목표 유지 goal_reached=N/A planning_failures=N/A
t=222.02s frontier_score cell=(145, 144) goal=(4.4, 4.5) gain_m2=4.170 distance_m=1.100 turn_rad=2.978 revisit=0.000 score=1.144 selected=False
t=222.02s frontier_score cell=(127, 140) goal=(4.0, 2.7) gain_m2=1.980 distance_m=1.300 turn_rad=0.164 revisit=0.000 score=0.403 selected=True
t=222.02s frontier_score cell=(123, 141) goal=(4.1000000000000005, 2.3000000000000003) gain_m2=1.560 distance_m=1.600 turn_rad=0.164 revisit=0.000 score=0.122 selected=False
t=222.02s frontier_score cell=(122, 142) goal=(4.2, 2.2) gain_m2=1.450 distance_m=1.600 turn_rad=0.164 revisit=0.000 score=0.075 selected=False
t=222.02s frontier_score cell=(101, 164) goal=(6.4, 0.1) gain_m2=4.240 distance_m=5.500 turn_rad=0.164 revisit=0.000 score=-0.024 selected=False
t=222.02s state=MOVING mission=DISABLED front=1.99m pose=(+4.40, +3.44, -80.6deg) goal=(4.0, 2.7) detections=3 located=0 targets=0 perception=WAIT_CALIBRATION
t=223.04s exploration known_area_m2=32.580 frontier_groups=141 reachable_candidates=182 goal=(4.000,2.700) odom_distance_m=15.561 reason=안전한 Frontier 후보 있음 selection_reason=구역 유지: 현재 목표 유지 goal_reached=N/A planning_failures=N/A
t=223.04s frontier_score cell=(145, 144) goal=(4.4, 4.5) gain_m2=4.190 distance_m=1.200 turn_rad=2.961 revisit=0.000 score=1.121 selected=False
t=223.04s frontier_score cell=(139, 151) goal=(5.1000000000000005, 3.9000000000000004) gain_m2=2.930 distance_m=1.300 turn_rad=1.390 revisit=0.000 score=0.695 selected=False
t=223.04s frontier_score cell=(127, 140) goal=(4.0, 2.7) gain_m2=1.980 distance_m=1.200 turn_rad=0.181 revisit=0.000 score=0.435 selected=True
t=223.04s frontier_score cell=(123, 141) goal=(4.1000000000000005, 2.3000000000000003) gain_m2=1.560 distance_m=1.500 turn_rad=0.181 revisit=0.000 score=0.154 selected=False
t=223.04s frontier_score cell=(122, 142) goal=(4.2, 2.2) gain_m2=1.450 distance_m=1.500 turn_rad=0.181 revisit=0.000 score=0.107 selected=False
t=223.04s state=MOVING mission=DISABLED front=1.88m pose=(+4.42, +3.33, -79.6deg) goal=(4.0, 2.7) detections=2 located=0 targets=0 perception=WAIT_CALIBRATION
t=224.00s exploration known_area_m2=32.550 frontier_groups=146 reachable_candidates=184 goal=(4.000,2.700) odom_distance_m=15.648 reason=안전한 Frontier 후보 있음 selection_reason=구역 유지: 현재 목표 유지 goal_reached=N/A planning_failures=N/A
t=224.00s frontier_score cell=(145, 144) goal=(4.4, 4.5) gain_m2=4.200 distance_m=1.300 turn_rad=2.995 revisit=0.000 score=1.088 selected=False
t=224.00s frontier_score cell=(130, 156) goal=(5.6000000000000005, 3.0) gain_m2=3.570 distance_m=1.400 turn_rad=0.146 revisit=0.000 score=1.056 selected=False
t=224.00s frontier_score cell=(139, 151) goal=(5.1000000000000005, 3.9000000000000004) gain_m2=2.950 distance_m=1.400 turn_rad=1.425 revisit=0.000 score=0.667 selected=False
t=224.00s frontier_score cell=(127, 140) goal=(4.0, 2.7) gain_m2=1.990 distance_m=1.100 turn_rad=0.146 revisit=0.000 score=0.476 selected=True
t=224.00s frontier_score cell=(123, 141) goal=(4.1000000000000005, 2.3000000000000003) gain_m2=1.560 distance_m=1.400 turn_rad=0.146 revisit=0.000 score=0.191 selected=False
t=224.00s state=MOVING mission=DISABLED front=1.90m pose=(+4.43, +3.25, -81.6deg) goal=(4.0, 2.7) detections=1 located=0 targets=0 perception=WAIT_CALIBRATION
t=225.02s exploration known_area_m2=32.610 frontier_groups=136 reachable_candidates=180 goal=(4.000,2.700) odom_distance_m=15.722 reason=안전한 Frontier 후보 있음 selection_reason=구역 유지: 현재 목표 유지 goal_reached=N/A planning_failures=N/A
t=225.02s frontier_score cell=(135, 150) goal=(5.0, 3.5) gain_m2=2.370 distance_m=0.900 turn_rad=1.483 revisit=0.000 score=0.579 selected=False
t=225.02s frontier_score cell=(127, 140) goal=(4.0, 2.7) gain_m2=1.980 distance_m=1.100 turn_rad=0.088 revisit=0.000 score=0.477 selected=True
t=225.02s frontier_score cell=(101, 164) goal=(6.4, 0.1) gain_m2=4.250 distance_m=5.300 turn_rad=0.088 revisit=0.000 score=0.054 selected=False
t=225.02s frontier_score cell=(101, 163) goal=(6.300000000000001, 0.1) gain_m2=3.980 distance_m=5.200 turn_rad=0.088 revisit=0.000 score=-0.029 selected=False
t=225.02s frontier_score cell=(101, 162) goal=(6.2, 0.1) gain_m2=3.710 distance_m=5.100 turn_rad=0.088 revisit=0.000 score=-0.112 selected=False
t=225.02s state=MOVING mission=DISABLED front=2.31m pose=(+4.44, +3.17, -85.0deg) goal=(4.0, 2.7) detections=1 located=0 targets=0 perception=WAIT_CALIBRATION
t=225.02s map_saved=C:\Users\woosu\OneDrive\Desktop\hkton\controllers\tb3_teleop\maps\map.png
t=226.05s exploration known_area_m2=32.600 frontier_groups=140 reachable_candidates=180 goal=(4.000,2.700) odom_distance_m=15.773 reason=안전한 Frontier 후보 있음 selection_reason=구역 유지: 현재 목표 유지 goal_reached=N/A planning_failures=N/A
t=226.05s frontier_score cell=(130, 153) goal=(5.300000000000001, 3.0) gain_m2=2.690 distance_m=1.000 turn_rad=1.527 revisit=0.000 score=0.679 selected=False
t=226.05s frontier_score cell=(135, 150) goal=(5.0, 3.5) gain_m2=2.390 distance_m=1.000 turn_rad=1.527 revisit=0.000 score=0.550 selected=False
t=226.05s frontier_score cell=(127, 140) goal=(4.0, 2.7) gain_m2=1.990 distance_m=1.000 turn_rad=1.527 revisit=0.000 score=0.377 selected=True
t=226.05s frontier_score cell=(101, 164) goal=(6.4, 0.1) gain_m2=4.240 distance_m=5.200 turn_rad=1.527 revisit=0.000 score=-0.054 selected=False
t=226.05s frontier_score cell=(101, 163) goal=(6.300000000000001, 0.1) gain_m2=3.970 distance_m=5.100 turn_rad=1.527 revisit=0.000 score=-0.137 selected=False
t=226.05s state=MOVING mission=DISABLED front=2.22m pose=(+4.44, +3.12, -87.5deg) goal=(4.0, 2.7) detections=1 located=0 targets=0 perception=WAIT_CALIBRATION
t=226.69s goal_change=(4.0, 2.7)->(5.5, 3.0) reason=호출자가 목표를 변경함
t=227.01s exploration known_area_m2=32.620 frontier_groups=141 reachable_candidates=180 goal=(5.500,3.000) odom_distance_m=15.863 reason=안전한 Frontier 후보 있음 selection_reason=구역 유지: 현재 목표 유지 goal_reached=N/A planning_failures=N/A
t=227.01s frontier_score cell=(130, 155) goal=(5.5, 3.0) gain_m2=3.270 distance_m=1.200 turn_rad=1.454 revisit=0.000 score=0.869 selected=True
t=227.01s frontier_score cell=(130, 153) goal=(5.300000000000001, 3.0) gain_m2=2.700 distance_m=1.000 turn_rad=1.454 revisit=0.000 score=0.690 selected=False
t=227.01s frontier_score cell=(135, 150) goal=(5.0, 3.5) gain_m2=2.390 distance_m=1.000 turn_rad=1.454 revisit=0.000 score=0.557 selected=False
t=227.01s frontier_score cell=(127, 140) goal=(4.0, 2.7) gain_m2=1.980 distance_m=1.000 turn_rad=1.454 revisit=0.000 score=0.380 selected=False
t=227.01s frontier_score cell=(101, 164) goal=(6.4, 0.1) gain_m2=4.240 distance_m=5.200 turn_rad=1.454 revisit=0.000 score=-0.047 selected=False
t=227.01s state=MOVING mission=DISABLED front=2.23m pose=(+4.40, +3.13, -83.3deg) goal=(5.5, 3.0) detections=2 located=0 targets=0 perception=WAIT_CALIBRATION
t=227.65s goal_change=(5.5, 3.0)->(5.1000000000000005, 3.9000000000000004) reason=호출자가 목표를 변경함
t=228.03s exploration known_area_m2=32.590 frontier_groups=146 reachable_candidates=182 goal=(5.100,3.900) odom_distance_m=15.967 reason=안전한 Frontier 후보 있음 selection_reason=구역 유지: 현재 목표 유지 goal_reached=N/A planning_failures=N/A
t=228.03s frontier_score cell=(127, 156) goal=(5.6000000000000005, 2.7) gain_m2=3.510 distance_m=1.600 turn_rad=1.291 revisit=0.000 score=0.854 selected=False
t=228.03s frontier_score cell=(139, 151) goal=(5.1000000000000005, 3.9000000000000004) gain_m2=2.940 distance_m=1.500 turn_rad=1.291 revisit=0.000 score=0.642 selected=True
t=228.03s frontier_score cell=(124, 139) goal=(3.9000000000000004, 2.4000000000000004) gain_m2=1.710 distance_m=1.400 turn_rad=1.291 revisit=0.000 score=0.146 selected=False
t=228.03s frontier_score cell=(101, 164) goal=(6.4, 0.1) gain_m2=4.250 distance_m=5.200 turn_rad=1.291 revisit=0.000 score=-0.027 selected=False
t=228.03s frontier_score cell=(111, 153) goal=(5.300000000000001, 1.1) gain_m2=2.460 distance_m=2.900 turn_rad=1.291 revisit=0.000 score=-0.031 selected=False
t=228.03s state=MOVING mission=DISABLED front=1.58m pose=(+4.40, +3.12, -74.0deg) goal=(5.1000000000000005, 3.9000000000000004) detections=3 located=0 targets=0 perception=WAIT_CALIBRATION
t=228.67s goal_change=(5.1000000000000005, 3.9000000000000004)->(5.4, 3.0) reason=호출자가 목표를 변경함
t=229.06s exploration known_area_m2=32.570 frontier_groups=154 reachable_candidates=187 goal=(5.400,3.000) odom_distance_m=15.998 reason=안전한 Frontier 후보 있음 selection_reason=구역 유지: 현재 목표 유지 goal_reached=N/A planning_failures=N/A
t=229.06s frontier_score cell=(145, 144) goal=(4.4, 4.5) gain_m2=4.220 distance_m=1.400 turn_rad=2.710 revisit=0.000 score=1.091 selected=False
t=229.06s frontier_score cell=(128, 156) goal=(5.6000000000000005, 2.8000000000000003) gain_m2=3.560 distance_m=1.500 turn_rad=1.139 revisit=0.000 score=0.924 selected=False
t=229.06s frontier_score cell=(130, 154) goal=(5.4, 3.0) gain_m2=3.040 distance_m=1.100 turn_rad=1.139 revisit=0.000 score=0.833 selected=True
t=229.06s frontier_score cell=(140, 151) goal=(5.1000000000000005, 4.0) gain_m2=3.180 distance_m=1.600 turn_rad=1.139 revisit=0.000 score=0.727 selected=False
t=229.06s frontier_score cell=(131, 150) goal=(5.0, 3.1) gain_m2=2.320 distance_m=0.600 turn_rad=1.139 revisit=0.000 score=0.690 selected=False
t=229.06s state=MOVING mission=DISABLED front=1.36m pose=(+4.41, +3.09, -65.3deg) goal=(5.4, 3.0) detections=0 located=0 targets=0 perception=WAIT_CALIBRATION
t=229.70s goal_change=(5.4, 3.0)->(5.6000000000000005, 2.8000000000000003) reason=호출자가 목표를 변경함
t=230.02s exploration known_area_m2=32.530 frontier_groups=152 reachable_candidates=198 goal=(5.600,2.800) odom_distance_m=16.096 reason=안전한 Frontier 후보 있음 selection_reason=구역 유지: 현재 목표 유지 goal_reached=N/A planning_failures=N/A
t=230.02s frontier_score cell=(149, 145) goal=(4.5, 4.9) gain_m2=4.810 distance_m=1.900 turn_rad=2.569 revisit=0.000 score=1.192 selected=False
t=230.02s frontier_score cell=(147, 144) goal=(4.4, 4.7) gain_m2=4.560 distance_m=1.600 turn_rad=2.569 revisit=0.000 score=1.184 selected=False
t=230.02s frontier_score cell=(146, 144) goal=(4.4, 4.6000000000000005) gain_m2=4.420 distance_m=1.500 turn_rad=2.569 revisit=0.000 score=1.157 selected=False
t=230.02s frontier_score cell=(145, 144) goal=(4.4, 4.5) gain_m2=4.290 distance_m=1.400 turn_rad=2.569 revisit=0.000 score=1.134 selected=False
t=230.02s frontier_score cell=(148, 146) goal=(4.6000000000000005, 4.800000000000001) gain_m2=4.670 distance_m=1.900 turn_rad=2.569 revisit=0.000 score=1.131 selected=False
t=230.02s frontier_score cell=(128, 156) goal=(5.6000000000000005, 2.8000000000000003) gain_m2=3.550 distance_m=1.500 turn_rad=0.998 revisit=0.000 score=0.933 selected=True
t=230.02s state=MOVING mission=DISABLED front=1.22m pose=(+4.43, +3.05, -57.2deg) goal=(5.6000000000000005, 2.8000000000000003) detections=1 located=0 targets=0 perception=WAIT_CALIBRATION
t=230.02s map_saved=C:\Users\woosu\OneDrive\Desktop\hkton\controllers\tb3_teleop\maps\map.png
t=230.21s goal_change=(5.6000000000000005, 2.8000000000000003)->(5.0, 3.1) reason=호출자가 목표를 변경함
t=231.04s exploration known_area_m2=32.590 frontier_groups=152 reachable_candidates=189 goal=(5.000,3.100) odom_distance_m=16.142 reason=안전한 Frontier 후보 있음 selection_reason=구역 유지: 현재 목표 유지 goal_reached=N/A planning_failures=N/A
t=231.04s frontier_score cell=(142, 143) goal=(4.3, 4.2) gain_m2=3.790 distance_m=1.400 turn_rad=2.296 revisit=0.000 score=0.945 selected=False
t=231.04s frontier_score cell=(143, 151) goal=(5.1000000000000005, 4.3) gain_m2=3.790 distance_m=1.900 turn_rad=0.845 revisit=0.000 score=0.917 selected=False
t=231.04s frontier_score cell=(138, 142) goal=(4.2, 3.8000000000000003) gain_m2=3.260 distance_m=1.100 turn_rad=2.296 revisit=0.000 score=0.817 selected=False
t=231.04s frontier_score cell=(141, 151) goal=(5.1000000000000005, 4.1000000000000005) gain_m2=3.380 distance_m=1.700 turn_rad=0.845 revisit=0.000 score=0.807 selected=False
t=231.04s frontier_score cell=(137, 142) goal=(4.2, 3.7) gain_m2=3.120 distance_m=1.000 turn_rad=2.296 revisit=0.000 score=0.790 selected=False
t=231.04s frontier_score cell=(131, 150) goal=(5.0, 3.1) gain_m2=2.290 distance_m=0.600 turn_rad=0.845 revisit=0.000 score=0.705 selected=True
t=231.04s state=MOVING mission=DISABLED front=1.16m pose=(+4.45, +3.02, -48.4deg) goal=(5.0, 3.1) detections=1 located=0 targets=0 perception=WAIT_CALIBRATION
t=231.74s goal_change=(5.0, 3.1)->(6.4, 0.1) reason=호출자가 목표를 변경함
t=232.00s exploration known_area_m2=32.670 frontier_groups=139 reachable_candidates=182 goal=(6.400,0.100) odom_distance_m=16.181 reason=안전한 Frontier 후보 있음 selection_reason=구역 유지: 현재 목표 유지 goal_reached=N/A planning_failures=N/A
t=232.00s frontier_score cell=(129, 143) goal=(4.3, 2.9000000000000004) gain_m2=1.930 distance_m=0.300 turn_rad=0.801 revisit=0.000 score=0.654 selected=False
t=232.00s frontier_score cell=(131, 143) goal=(4.3, 3.1) gain_m2=2.170 distance_m=0.300 turn_rad=2.341 revisit=0.000 score=0.610 selected=False
t=232.00s frontier_score cell=(128, 140) goal=(4.0, 2.8000000000000003) gain_m2=2.060 distance_m=0.700 turn_rad=0.801 revisit=0.000 score=0.577 selected=False
t=232.00s frontier_score cell=(130, 144) goal=(4.4, 3.0) gain_m2=1.900 distance_m=0.100 turn_rad=2.372 revisit=0.000 score=0.558 selected=False
t=232.00s frontier_score cell=(101, 164) goal=(6.4, 0.1) gain_m2=4.250 distance_m=5.000 turn_rad=0.770 revisit=0.000 score=0.089 selected=True
t=232.00s state=MOVING mission=DISABLED front=1.13m pose=(+4.48, +2.99, -44.1deg) goal=(6.4, 0.1) detections=1 located=0 targets=0 perception=WAIT_CALIBRATION
t=233.02s exploration known_area_m2=32.690 frontier_groups=136 reachable_candidates=177 goal=(6.400,0.100) odom_distance_m=16.221 reason=안전한 Frontier 후보 있음 selection_reason=구역 유지: 현재 목표 유지 goal_reached=N/A planning_failures=N/A
t=233.02s frontier_score cell=(101, 164) goal=(6.4, 0.1) gain_m2=4.250 distance_m=5.000 turn_rad=0.689 revisit=0.000 score=0.097 selected=True
t=233.02s frontier_score cell=(101, 163) goal=(6.300000000000001, 0.1) gain_m2=3.980 distance_m=4.900 turn_rad=0.689 revisit=0.000 score=0.014 selected=False
t=233.02s frontier_score cell=(101, 162) goal=(6.2, 0.1) gain_m2=3.710 distance_m=4.800 turn_rad=0.689 revisit=0.000 score=-0.069 selected=False
t=233.02s frontier_score cell=(101, 161) goal=(6.1000000000000005, 0.1) gain_m2=3.430 distance_m=4.700 turn_rad=0.689 revisit=0.000 score=-0.156 selected=False
t=233.02s frontier_score cell=(71, 147) goal=(4.7, -2.9000000000000004) gain_m2=4.610 distance_m=6.300 turn_rad=0.689 revisit=0.000 score=-0.182 selected=False
t=233.02s state=MOVING mission=DISABLED front=1.08m pose=(+4.51, +2.96, -50.5deg) goal=(6.4, 0.1) detections=1 located=0 targets=0 perception=WAIT_CALIBRATION
t=234.05s exploration known_area_m2=32.700 frontier_groups=135 reachable_candidates=177 goal=(6.400,0.100) odom_distance_m=16.262 reason=안전한 Frontier 후보 있음 selection_reason=구역 유지: 현재 목표 유지 goal_reached=N/A planning_failures=N/A
t=234.05s frontier_score cell=(101, 164) goal=(6.4, 0.1) gain_m2=4.250 distance_m=4.900 turn_rad=0.586 revisit=0.000 score=0.140 selected=True
t=234.05s frontier_score cell=(101, 163) goal=(6.300000000000001, 0.1) gain_m2=3.980 distance_m=4.800 turn_rad=0.586 revisit=0.000 score=0.057 selected=False
t=234.05s frontier_score cell=(101, 162) goal=(6.2, 0.1) gain_m2=3.710 distance_m=4.700 turn_rad=0.586 revisit=0.000 score=-0.026 selected=False
t=234.05s frontier_score cell=(101, 161) goal=(6.1000000000000005, 0.1) gain_m2=3.430 distance_m=4.600 turn_rad=0.586 revisit=0.000 score=-0.113 selected=False
t=234.05s frontier_score cell=(71, 147) goal=(4.7, -2.9000000000000004) gain_m2=4.610 distance_m=6.200 turn_rad=0.586 revisit=0.000 score=-0.138 selected=False
t=234.05s state=MOVING mission=DISABLED front=1.05m pose=(+4.53, +2.93, -56.4deg) goal=(6.4, 0.1) detections=2 located=0 targets=0 perception=WAIT_CALIBRATION
t=235.01s exploration known_area_m2=32.720 frontier_groups=130 reachable_candidates=176 goal=(6.400,0.100) odom_distance_m=16.302 reason=안전한 Frontier 후보 있음 selection_reason=구역 유지: 현재 목표 유지 goal_reached=N/A planning_failures=N/A
t=235.01s frontier_score cell=(101, 164) goal=(6.4, 0.1) gain_m2=4.250 distance_m=4.800 turn_rad=0.494 revisit=0.000 score=0.182 selected=True
t=235.01s frontier_score cell=(101, 163) goal=(6.300000000000001, 0.1) gain_m2=3.980 distance_m=4.700 turn_rad=0.494 revisit=0.000 score=0.099 selected=False
t=235.01s frontier_score cell=(101, 162) goal=(6.2, 0.1) gain_m2=3.710 distance_m=4.600 turn_rad=0.494 revisit=0.000 score=0.016 selected=False
t=235.01s frontier_score cell=(101, 161) goal=(6.1000000000000005, 0.1) gain_m2=3.430 distance_m=4.500 turn_rad=0.494 revisit=0.000 score=-0.071 selected=False
t=235.01s frontier_score cell=(71, 147) goal=(4.7, -2.9000000000000004) gain_m2=4.610 distance_m=6.100 turn_rad=0.494 revisit=0.000 score=-0.096 selected=False
t=235.01s state=MOVING mission=DISABLED front=1.08m pose=(+4.55, +2.90, -61.7deg) goal=(6.4, 0.1) detections=1 located=0 targets=0 perception=WAIT_CALIBRATION
t=235.01s map_saved=C:\Users\woosu\OneDrive\Desktop\hkton\controllers\tb3_teleop\maps\map.png
t=236.03s exploration known_area_m2=32.720 frontier_groups=132 reachable_candidates=176 goal=(6.400,0.100) odom_distance_m=16.372 reason=안전한 Frontier 후보 있음 selection_reason=구역 유지: 현재 목표 유지 goal_reached=N/A planning_failures=N/A
t=236.03s frontier_score cell=(101, 164) goal=(6.4, 0.1) gain_m2=4.250 distance_m=4.800 turn_rad=0.400 revisit=0.000 score=0.191 selected=True
t=236.03s frontier_score cell=(101, 163) goal=(6.300000000000001, 0.1) gain_m2=3.980 distance_m=4.700 turn_rad=0.400 revisit=0.000 score=0.108 selected=False
t=236.03s frontier_score cell=(101, 162) goal=(6.2, 0.1) gain_m2=3.710 distance_m=4.600 turn_rad=0.400 revisit=0.000 score=0.025 selected=False
t=236.03s frontier_score cell=(101, 161) goal=(6.1000000000000005, 0.1) gain_m2=3.430 distance_m=4.500 turn_rad=0.400 revisit=0.000 score=-0.062 selected=False
t=236.03s frontier_score cell=(71, 147) goal=(4.7, -2.9000000000000004) gain_m2=4.610 distance_m=6.100 turn_rad=0.400 revisit=0.000 score=-0.087 selected=False
t=236.03s state=MOVING mission=DISABLED front=1.12m pose=(+4.57, +2.86, -67.1deg) goal=(6.4, 0.1) detections=2 located=0 targets=0 perception=WAIT_CALIBRATION
t=237.06s exploration known_area_m2=32.720 frontier_groups=139 reachable_candidates=179 goal=(6.400,0.100) odom_distance_m=16.421 reason=안전한 Frontier 후보 있음 selection_reason=구역 유지: 현재 목표 유지 goal_reached=N/A planning_failures=N/A
t=237.06s frontier_score cell=(131, 150) goal=(5.0, 3.1) gain_m2=2.200 distance_m=0.700 turn_rad=1.260 revisit=0.000 score=0.593 selected=False
t=237.06s frontier_score cell=(132, 149) goal=(4.9, 3.2) gain_m2=2.100 distance_m=0.700 turn_rad=1.260 revisit=0.000 score=0.550 selected=False
t=237.06s frontier_score cell=(120, 151) goal=(5.1000000000000005, 2.0) gain_m2=1.960 distance_m=1.300 turn_rad=0.311 revisit=0.000 score=0.381 selected=False
t=237.06s frontier_score cell=(101, 164) goal=(6.4, 0.1) gain_m2=4.250 distance_m=4.700 turn_rad=0.311 revisit=0.000 score=0.233 selected=True
t=237.06s frontier_score cell=(101, 163) goal=(6.300000000000001, 0.1) gain_m2=3.980 distance_m=4.600 turn_rad=0.311 revisit=0.000 score=0.150 selected=False
t=237.06s state=MOVING mission=DISABLED front=1.17m pose=(+4.59, +2.81, -72.2deg) goal=(6.4, 0.1) detections=3 located=0 targets=0 perception=WAIT_CALIBRATION
t=238.02s exploration known_area_m2=32.690 frontier_groups=146 reachable_candidates=184 goal=(6.400,0.100) odom_distance_m=16.472 reason=안전한 Frontier 후보 있음 selection_reason=구역 유지: 현재 목표 유지 goal_reached=N/A planning_failures=N/A
t=238.02s frontier_score cell=(124, 155) goal=(5.5, 2.4000000000000004) gain_m2=3.150 distance_m=1.300 turn_rad=0.233 revisit=0.000 score=0.900 selected=False
t=238.02s frontier_score cell=(116, 150) goal=(5.0, 1.6) gain_m2=1.890 distance_m=1.600 turn_rad=0.233 revisit=0.000 score=0.258 selected=False
t=238.02s frontier_score cell=(101, 164) goal=(6.4, 0.1) gain_m2=4.260 distance_m=4.700 turn_rad=0.233 revisit=0.000 score=0.245 selected=True
t=238.02s frontier_score cell=(101, 163) goal=(6.300000000000001, 0.1) gain_m2=3.990 distance_m=4.600 turn_rad=0.233 revisit=0.000 score=0.162 selected=False
t=238.02s frontier_score cell=(101, 162) goal=(6.2, 0.1) gain_m2=3.720 distance_m=4.500 turn_rad=0.233 revisit=0.000 score=0.079 selected=False
t=238.02s state=MOVING mission=DISABLED front=1.21m pose=(+4.60, +2.76, -76.6deg) goal=(6.4, 0.1) detections=4 located=0 targets=0 perception=WAIT_CALIBRATION
t=239.04s exploration known_area_m2=32.670 frontier_groups=154 reachable_candidates=192 goal=(6.400,0.100) odom_distance_m=16.558 reason=안전한 Frontier 후보 있음 selection_reason=구역 유지: 현재 목표 유지 goal_reached=N/A planning_failures=N/A
t=239.04s frontier_score cell=(124, 155) goal=(5.5, 2.4000000000000004) gain_m2=3.170 distance_m=1.200 turn_rad=0.157 revisit=0.000 score=0.949 selected=False
t=239.04s frontier_score cell=(114, 151) goal=(5.1000000000000005, 1.4000000000000001) gain_m2=2.150 distance_m=1.800 turn_rad=0.157 revisit=0.000 score=0.310 selected=False
t=239.04s frontier_score cell=(116, 150) goal=(5.0, 1.6) gain_m2=1.900 distance_m=1.500 turn_rad=0.157 revisit=0.000 score=0.303 selected=False
t=239.04s frontier_score cell=(101, 164) goal=(6.4, 0.1) gain_m2=4.260 distance_m=4.600 turn_rad=0.157 revisit=0.000 score=0.285 selected=True
t=239.04s frontier_score cell=(115, 150) goal=(5.0, 1.5) gain_m2=1.920 distance_m=1.600 turn_rad=0.157 revisit=0.000 score=0.278 selected=False
t=239.04s state=MOVING mission=DISABLED front=1.30m pose=(+4.61, +2.70, -81.0deg) goal=(6.4, 0.1) detections=4 located=0 targets=0 perception=WAIT_CALIBRATION
t=240.00s exploration known_area_m2=32.690 frontier_groups=147 reachable_candidates=186 goal=(6.400,0.100) odom_distance_m=16.625 reason=안전한 Frontier 후보 있음 selection_reason=구역 유지: 현재 목표 유지 goal_reached=N/A planning_failures=N/A
t=240.00s frontier_score cell=(125, 139) goal=(3.9000000000000004, 2.5) gain_m2=1.750 distance_m=0.800 turn_rad=0.100 revisit=0.000 score=0.477 selected=False
t=240.00s frontier_score cell=(123, 141) goal=(4.1000000000000005, 2.3000000000000003) gain_m2=1.490 distance_m=0.800 turn_rad=0.100 revisit=0.000 score=0.365 selected=False
t=240.00s frontier_score cell=(101, 164) goal=(6.4, 0.1) gain_m2=4.280 distance_m=4.500 turn_rad=0.100 revisit=0.000 score=0.333 selected=True
t=240.00s frontier_score cell=(122, 142) goal=(4.2, 2.2) gain_m2=1.380 distance_m=0.800 turn_rad=0.100 revisit=0.000 score=0.318 selected=False
t=240.00s frontier_score cell=(101, 163) goal=(6.300000000000001, 0.1) gain_m2=4.010 distance_m=4.400 turn_rad=0.100 revisit=0.000 score=0.250 selected=False
t=240.00s state=MOVING mission=DISABLED front=1.88m pose=(+4.62, +2.63, -84.3deg) goal=(6.4, 0.1) detections=2 located=0 targets=0 perception=WAIT_CALIBRATION
t=240.00s map_saved=C:\Users\woosu\OneDrive\Desktop\hkton\controllers\tb3_teleop\maps\map.png
t=241.02s exploration known_area_m2=32.730 frontier_groups=144 reachable_candidates=186 goal=(6.400,0.100) odom_distance_m=16.743 reason=안전한 Frontier 후보 있음 selection_reason=구역 유지: 현재 목표 유지 goal_reached=N/A planning_failures=N/A
t=241.02s frontier_score cell=(124, 154) goal=(5.4, 2.4000000000000004) gain_m2=2.850 distance_m=0.900 turn_rad=1.467 revisit=0.000 score=0.787 selected=False
t=241.02s frontier_score cell=(125, 139) goal=(3.9000000000000004, 2.5) gain_m2=1.720 distance_m=0.700 turn_rad=1.675 revisit=0.000 score=0.347 selected=False
t=241.02s frontier_score cell=(101, 164) goal=(6.4, 0.1) gain_m2=4.280 distance_m=5.000 turn_rad=0.104 revisit=0.000 score=0.166 selected=True
t=241.02s frontier_score cell=(101, 163) goal=(6.300000000000001, 0.1) gain_m2=4.010 distance_m=4.900 turn_rad=0.104 revisit=0.000 score=0.083 selected=False
t=241.02s frontier_score cell=(71, 147) goal=(4.7, -2.9000000000000004) gain_m2=4.610 distance_m=5.700 turn_rad=0.104 revisit=0.000 score=0.074 selected=False
t=241.02s state=MOVING mission=DISABLED front=1.39m pose=(+4.63, +2.52, -84.0deg) goal=(6.4, 0.1) detections=2 located=0 targets=0 perception=WAIT_CALIBRATION
t=242.05s exploration known_area_m2=32.770 frontier_groups=145 reachable_candidates=184 goal=(6.400,0.100) odom_distance_m=16.853 reason=안전한 Frontier 후보 있음 selection_reason=구역 유지: 현재 목표 유지 goal_reached=N/A planning_failures=N/A
t=242.05s frontier_score cell=(124, 154) goal=(5.4, 2.4000000000000004) gain_m2=2.870 distance_m=1.000 turn_rad=1.479 revisit=0.000 score=0.761 selected=False
t=242.05s frontier_score cell=(131, 143) goal=(4.3, 3.1) gain_m2=2.150 distance_m=1.000 turn_rad=1.662 revisit=0.000 score=0.433 selected=False
t=242.05s frontier_score cell=(129, 143) goal=(4.3, 2.9000000000000004) gain_m2=1.900 distance_m=0.800 turn_rad=1.662 revisit=0.000 score=0.392 selected=False
t=242.05s frontier_score cell=(130, 144) goal=(4.4, 3.0) gain_m2=1.890 distance_m=0.800 turn_rad=1.662 revisit=0.000 score=0.388 selected=False
t=242.05s frontier_score cell=(101, 164) goal=(6.4, 0.1) gain_m2=4.260 distance_m=4.900 turn_rad=0.091 revisit=0.000 score=0.192 selected=True
t=242.05s state=MOVING mission=DISABLED front=1.47m pose=(+4.64, +2.41, -84.8deg) goal=(6.4, 0.1) detections=4 located=0 targets=0 perception=WAIT_CALIBRATION
t=243.01s exploration known_area_m2=32.780 frontier_groups=145 reachable_candidates=182 goal=(6.400,0.100) odom_distance_m=16.935 reason=안전한 Frontier 후보 있음 selection_reason=구역 유지: 현재 목표 유지 goal_reached=N/A planning_failures=N/A
t=243.01s frontier_score cell=(110, 147) goal=(4.7, 1.0) gain_m2=1.320 distance_m=1.400 turn_rad=0.051 revisit=0.000 score=0.097 selected=False
t=243.01s frontier_score cell=(101, 164) goal=(6.4, 0.1) gain_m2=4.260 distance_m=5.200 turn_rad=0.051 revisit=0.000 score=0.095 selected=True
t=243.01s frontier_score cell=(109, 148) goal=(4.800000000000001, 0.9) gain_m2=1.360 distance_m=1.600 turn_rad=0.051 revisit=0.000 score=0.047 selected=False
t=243.01s frontier_score cell=(71, 147) goal=(4.7, -2.9000000000000004) gain_m2=4.610 distance_m=5.900 turn_rad=0.051 revisit=0.000 score=0.013 selected=False
t=243.01s frontier_score cell=(101, 163) goal=(6.300000000000001, 0.1) gain_m2=3.990 distance_m=5.100 turn_rad=0.051 revisit=0.000 score=0.013 selected=False
t=243.01s state=MOVING mission=DISABLED front=1.28m pose=(+4.65, +2.33, -87.1deg) goal=(6.4, 0.1) detections=1 located=0 targets=0 perception=WAIT_CALIBRATION
t=244.03s exploration known_area_m2=32.780 frontier_groups=143 reachable_candidates=184 goal=(6.400,0.100) odom_distance_m=17.052 reason=안전한 Frontier 후보 있음 selection_reason=구역 유지: 현재 목표 유지 goal_reached=N/A planning_failures=N/A
t=244.03s frontier_score cell=(112, 153) goal=(5.300000000000001, 1.2000000000000002) gain_m2=2.540 distance_m=1.600 turn_rad=0.066 revisit=0.000 score=0.554 selected=False
t=244.03s frontier_score cell=(139, 142) goal=(4.2, 3.9000000000000004) gain_m2=3.290 distance_m=2.200 turn_rad=1.636 revisit=0.000 score=0.526 selected=False
t=244.03s frontier_score cell=(111, 152) goal=(5.2, 1.1) gain_m2=2.250 distance_m=1.600 turn_rad=0.066 revisit=0.000 score=0.429 selected=False
t=244.03s frontier_score cell=(119, 138) goal=(3.8000000000000003, 1.9000000000000001) gain_m2=1.250 distance_m=1.200 turn_rad=0.066 revisit=0.000 score=0.132 selected=False
t=244.03s frontier_score cell=(101, 164) goal=(6.4, 0.1) gain_m2=4.280 distance_m=5.200 turn_rad=0.066 revisit=0.000 score=0.103 selected=True
t=244.03s state=MOVING mission=DISABLED front=1.29m pose=(+4.66, +2.22, -86.2deg) goal=(6.4, 0.1) detections=5 located=0 targets=0 perception=WAIT_CALIBRATION
t=245.06s exploration known_area_m2=32.800 frontier_groups=140 reachable_candidates=189 goal=(6.400,0.100) odom_distance_m=17.148 reason=안전한 Frontier 후보 있음 selection_reason=구역 유지: 현재 목표 유지 goal_reached=N/A planning_failures=N/A
t=245.06s frontier_score cell=(144, 151) goal=(5.1000000000000005, 4.4) gain_m2=3.930 distance_m=2.700 turn_rad=1.475 revisit=0.000 score=0.651 selected=False
t=245.06s frontier_score cell=(148, 148) goal=(4.800000000000001, 4.800000000000001) gain_m2=4.600 distance_m=3.600 turn_rad=1.475 revisit=0.000 score=0.639 selected=False
t=245.06s frontier_score cell=(144, 152) goal=(5.2, 4.4) gain_m2=3.980 distance_m=2.800 turn_rad=1.475 revisit=0.000 score=0.639 selected=False
t=245.06s frontier_score cell=(147, 148) goal=(4.800000000000001, 4.7) gain_m2=4.460 distance_m=3.500 turn_rad=1.475 revisit=0.000 score=0.612 selected=False
t=245.06s frontier_score cell=(143, 151) goal=(5.1000000000000005, 4.3) gain_m2=3.720 distance_m=2.600 turn_rad=1.475 revisit=0.000 score=0.594 selected=False
t=245.06s frontier_score cell=(101, 164) goal=(6.4, 0.1) gain_m2=4.260 distance_m=5.100 turn_rad=0.096 revisit=0.000 score=0.124 selected=True
t=245.06s state=MOVING mission=DISABLED front=0.47m pose=(+4.66, +2.12, -84.5deg) goal=(6.4, 0.1) detections=5 located=0 targets=0 perception=WAIT_CALIBRATION
t=245.06s map_saved=C:\Users\woosu\OneDrive\Desktop\hkton\controllers\tb3_teleop\maps\map.png
t=246.02s exploration known_area_m2=32.780 frontier_groups=143 reachable_candidates=190 goal=(6.400,0.100) odom_distance_m=17.188 reason=안전한 Frontier 후보 있음 selection_reason=구역 유지: 현재 목표 유지 goal_reached=N/A planning_failures=N/A
t=246.02s frontier_score cell=(143, 148) goal=(4.800000000000001, 4.3) gain_m2=3.710 distance_m=2.300 turn_rad=1.473 revisit=0.000 score=0.689 selected=False
t=246.02s frontier_score cell=(144, 151) goal=(5.1000000000000005, 4.4) gain_m2=3.950 distance_m=2.700 turn_rad=1.473 revisit=0.000 score=0.659 selected=False
t=246.02s frontier_score cell=(148, 148) goal=(4.800000000000001, 4.800000000000001) gain_m2=4.620 distance_m=3.600 turn_rad=1.473 revisit=0.000 score=0.648 selected=False
t=246.02s frontier_score cell=(144, 152) goal=(5.2, 4.4) gain_m2=4.000 distance_m=2.800 turn_rad=1.473 revisit=0.000 score=0.648 selected=False
t=246.02s frontier_score cell=(147, 148) goal=(4.800000000000001, 4.7) gain_m2=4.480 distance_m=3.500 turn_rad=1.473 revisit=0.000 score=0.621 selected=False
t=246.02s frontier_score cell=(101, 164) goal=(6.4, 0.1) gain_m2=4.260 distance_m=5.100 turn_rad=0.097 revisit=0.000 score=0.124 selected=True
t=246.02s state=MOVING mission=DISABLED front=0.72m pose=(+4.67, +2.08, -84.4deg) goal=(6.4, 0.1) detections=3 located=0 targets=0 perception=WAIT_CALIBRATION
t=247.04s exploration known_area_m2=32.780 frontier_groups=145 reachable_candidates=186 goal=(6.400,0.100) odom_distance_m=17.229 reason=안전한 Frontier 후보 있음 selection_reason=구역 유지: 현재 목표 유지 goal_reached=N/A planning_failures=N/A
t=247.04s frontier_score cell=(143, 148) goal=(4.800000000000001, 4.3) gain_m2=3.720 distance_m=2.400 turn_rad=1.617 revisit=0.000 score=0.647 selected=False
t=247.04s frontier_score cell=(135, 141) goal=(4.1000000000000005, 3.5) gain_m2=2.890 distance_m=2.100 turn_rad=1.524 revisit=0.000 score=0.398 selected=False
t=247.04s frontier_score cell=(140, 151) goal=(5.1000000000000005, 4.0) gain_m2=3.120 distance_m=2.400 turn_rad=1.617 revisit=0.000 score=0.388 selected=False
t=247.04s frontier_score cell=(111, 147) goal=(4.7, 1.1) gain_m2=1.330 distance_m=0.900 turn_rad=0.047 revisit=0.000 score=0.268 selected=False
t=247.04s frontier_score cell=(110, 148) goal=(4.800000000000001, 1.0) gain_m2=1.420 distance_m=1.100 turn_rad=0.047 revisit=0.000 score=0.240 selected=False
t=247.04s frontier_score cell=(101, 164) goal=(6.4, 0.1) gain_m2=4.260 distance_m=5.000 turn_rad=0.047 revisit=0.000 score=0.162 selected=True
t=247.04s state=MOVING mission=DISABLED front=0.22m pose=(+4.67, +2.04, -92.7deg) goal=(6.4, 0.1) detections=1 located=0 targets=0 perception=WAIT_CALIBRATION
t=248.00s exploration known_area_m2=32.810 frontier_groups=150 reachable_candidates=195 goal=(6.400,0.100) odom_distance_m=17.300 reason=안전한 Frontier 후보 있음 selection_reason=구역 유지: 현재 목표 유지 goal_reached=N/A planning_failures=N/A
t=248.00s frontier_score cell=(146, 150) goal=(5.0, 4.6000000000000005) gain_m2=4.330 distance_m=3.100 turn_rad=1.586 revisit=0.000 score=0.679 selected=False
t=248.00s frontier_score cell=(145, 151) goal=(5.1000000000000005, 4.5) gain_m2=4.150 distance_m=2.900 turn_rad=1.586 revisit=0.000 score=0.668 selected=False
t=248.00s frontier_score cell=(148, 148) goal=(4.800000000000001, 4.800000000000001) gain_m2=4.610 distance_m=3.500 turn_rad=1.586 revisit=0.000 score=0.666 selected=False
t=248.00s frontier_score cell=(143, 148) goal=(4.800000000000001, 4.3) gain_m2=3.700 distance_m=2.400 turn_rad=1.586 revisit=0.000 score=0.641 selected=False
t=248.00s frontier_score cell=(147, 148) goal=(4.800000000000001, 4.7) gain_m2=4.470 distance_m=3.400 turn_rad=1.586 revisit=0.000 score=0.639 selected=False
t=248.00s frontier_score cell=(101, 164) goal=(6.4, 0.1) gain_m2=4.260 distance_m=5.000 turn_rad=0.016 revisit=0.000 score=0.165 selected=True
t=248.00s state=MOVING mission=DISABLED front=1.69m pose=(+4.67, +1.99, -90.9deg) goal=(6.4, 0.1) detections=1 located=0 targets=0 perception=WAIT_CALIBRATION
t=249.02s exploration known_area_m2=32.770 frontier_groups=151 reachable_candidates=194 goal=(6.400,0.100) odom_distance_m=17.325 reason=안전한 Frontier 후보 있음 selection_reason=구역 유지: 현재 목표 유지 goal_reached=N/A planning_failures=N/A
t=249.02s frontier_score cell=(146, 150) goal=(5.0, 4.6000000000000005) gain_m2=4.350 distance_m=3.100 turn_rad=1.523 revisit=0.000 score=0.694 selected=False
t=249.02s frontier_score cell=(145, 151) goal=(5.1000000000000005, 4.5) gain_m2=4.170 distance_m=2.900 turn_rad=1.523 revisit=0.000 score=0.683 selected=False
t=249.02s frontier_score cell=(148, 148) goal=(4.800000000000001, 4.800000000000001) gain_m2=4.630 distance_m=3.500 turn_rad=1.523 revisit=0.000 score=0.681 selected=False
t=249.02s frontier_score cell=(143, 148) goal=(4.800000000000001, 4.3) gain_m2=3.720 distance_m=2.400 turn_rad=1.523 revisit=0.000 score=0.656 selected=False
t=249.02s frontier_score cell=(147, 148) goal=(4.800000000000001, 4.7) gain_m2=4.490 distance_m=3.400 turn_rad=1.523 revisit=0.000 score=0.654 selected=False
t=249.02s frontier_score cell=(101, 164) goal=(6.4, 0.1) gain_m2=4.260 distance_m=5.200 turn_rad=0.048 revisit=0.000 score=0.096 selected=True
t=249.02s state=MOVING mission=DISABLED front=1.60m pose=(+4.67, +1.97, -87.3deg) goal=(6.4, 0.1) detections=0 located=0 targets=0 perception=WAIT_CALIBRATION
t=250.05s exploration known_area_m2=32.760 frontier_groups=157 reachable_candidates=203 goal=(6.400,0.100) odom_distance_m=17.409 reason=안전한 Frontier 후보 있음 selection_reason=구역 유지: 현재 목표 유지 goal_reached=N/A planning_failures=N/A
t=250.05s frontier_score cell=(148, 146) goal=(4.6000000000000005, 4.800000000000001) gain_m2=4.590 distance_m=3.200 turn_rad=1.606 revisit=0.000 score=0.756 selected=False
t=250.05s frontier_score cell=(145, 144) goal=(4.4, 4.5) gain_m2=4.180 distance_m=2.700 turn_rad=1.606 revisit=0.000 score=0.746 selected=False
t=250.05s frontier_score cell=(146, 145) goal=(4.5, 4.6000000000000005) gain_m2=4.310 distance_m=2.900 turn_rad=1.606 revisit=0.000 score=0.735 selected=False
t=250.05s frontier_score cell=(147, 146) goal=(4.6000000000000005, 4.7) gain_m2=4.450 distance_m=3.100 turn_rad=1.606 revisit=0.000 score=0.729 selected=False
t=250.05s frontier_score cell=(146, 155) goal=(5.5, 4.6000000000000005) gain_m2=4.640 distance_m=3.500 turn_rad=1.536 revisit=0.000 score=0.684 selected=False
t=250.05s frontier_score cell=(101, 164) goal=(6.4, 0.1) gain_m2=4.260 distance_m=5.100 turn_rad=0.035 revisit=0.000 score=0.130 selected=True
t=250.05s state=MOVING mission=DISABLED front=1.55m pose=(+4.65, +1.96, -88.0deg) goal=(6.4, 0.1) detections=0 located=0 targets=0 perception=WAIT_CALIBRATION
t=250.05s map_saved=C:\Users\woosu\OneDrive\Desktop\hkton\controllers\tb3_teleop\maps\map.png
t=251.01s exploration known_area_m2=32.880 frontier_groups=149 reachable_candidates=194 goal=(6.400,0.100) odom_distance_m=17.513 reason=안전한 Frontier 후보 있음 selection_reason=구역 유지: 현재 목표 유지 goal_reached=N/A planning_failures=N/A
t=251.01s frontier_score cell=(148, 146) goal=(4.6000000000000005, 4.800000000000001) gain_m2=4.530 distance_m=3.300 turn_rad=1.606 revisit=0.000 score=0.696 selected=False
t=251.01s frontier_score cell=(145, 144) goal=(4.4, 4.5) gain_m2=4.120 distance_m=2.800 turn_rad=1.606 revisit=0.000 score=0.687 selected=False
t=251.01s frontier_score cell=(146, 145) goal=(4.5, 4.6000000000000005) gain_m2=4.250 distance_m=3.000 turn_rad=1.606 revisit=0.000 score=0.676 selected=False
t=251.01s frontier_score cell=(147, 146) goal=(4.6000000000000005, 4.7) gain_m2=4.390 distance_m=3.200 turn_rad=1.606 revisit=0.000 score=0.669 selected=False
t=251.01s frontier_score cell=(146, 155) goal=(5.5, 4.6000000000000005) gain_m2=4.600 distance_m=3.600 turn_rad=1.536 revisit=0.000 score=0.633 selected=False
t=251.01s frontier_score cell=(101, 164) goal=(6.4, 0.1) gain_m2=4.260 distance_m=5.000 turn_rad=0.035 revisit=0.000 score=0.164 selected=True
t=251.01s state=MOVING mission=DISABLED front=1.50m pose=(+4.65, +1.85, -88.0deg) goal=(6.4, 0.1) detections=1 located=0 targets=0 perception=WAIT_CALIBRATION
t=252.03s exploration known_area_m2=32.860 frontier_groups=158 reachable_candidates=195 goal=(6.400,0.100) odom_distance_m=17.605 reason=안전한 Frontier 후보 있음 selection_reason=구역 유지: 현재 목표 유지 goal_reached=N/A planning_failures=N/A
t=252.03s frontier_score cell=(113, 152) goal=(5.2, 1.3) gain_m2=2.370 distance_m=1.000 turn_rad=0.071 revisit=0.000 score=0.680 selected=False
t=252.03s frontier_score cell=(117, 150) goal=(5.0, 1.7000000000000002) gain_m2=1.830 distance_m=0.400 turn_rad=0.071 revisit=0.000 score=0.648 selected=False
t=252.03s frontier_score cell=(146, 155) goal=(5.5, 4.6000000000000005) gain_m2=4.590 distance_m=3.600 turn_rad=1.500 revisit=0.000 score=0.632 selected=False
t=252.03s frontier_score cell=(146, 154) goal=(5.4, 4.6000000000000005) gain_m2=4.490 distance_m=3.500 turn_rad=1.500 revisit=0.000 score=0.623 selected=False
t=252.03s frontier_score cell=(148, 148) goal=(4.800000000000001, 4.800000000000001) gain_m2=4.550 distance_m=3.700 turn_rad=1.500 revisit=0.000 score=0.582 selected=False
t=252.03s frontier_score cell=(101, 164) goal=(6.4, 0.1) gain_m2=4.280 distance_m=4.800 turn_rad=0.071 revisit=0.000 score=0.235 selected=True
t=252.03s state=MOVING mission=DISABLED front=1.36m pose=(+4.65, +1.76, -86.0deg) goal=(6.4, 0.1) detections=0 located=0 targets=0 perception=WAIT_CALIBRATION
t=253.06s exploration known_area_m2=32.730 frontier_groups=168 reachable_candidates=203 goal=(6.400,0.100) odom_distance_m=17.774 reason=안전한 Frontier 후보 있음 selection_reason=구역 유지: 현재 목표 유지 goal_reached=N/A planning_failures=N/A
t=253.06s frontier_score cell=(129, 156) goal=(5.6000000000000005, 2.9000000000000004) gain_m2=3.650 distance_m=2.100 turn_rad=1.456 revisit=0.000 score=0.732 selected=False
t=253.06s frontier_score cell=(113, 152) goal=(5.2, 1.3) gain_m2=2.380 distance_m=0.900 turn_rad=0.115 revisit=0.000 score=0.713 selected=False
t=253.06s frontier_score cell=(114, 152) goal=(5.2, 1.4000000000000001) gain_m2=2.400 distance_m=1.000 turn_rad=0.115 revisit=0.000 score=0.689 selected=False
t=253.06s frontier_score cell=(146, 155) goal=(5.5, 4.6000000000000005) gain_m2=4.650 distance_m=3.700 turn_rad=1.456 revisit=0.000 score=0.629 selected=False
t=253.06s frontier_score cell=(146, 154) goal=(5.4, 4.6000000000000005) gain_m2=4.560 distance_m=3.600 turn_rad=1.456 revisit=0.000 score=0.624 selected=False
t=253.06s frontier_score cell=(101, 164) goal=(6.4, 0.1) gain_m2=4.270 distance_m=4.700 turn_rad=0.115 revisit=0.000 score=0.260 selected=True
t=253.06s state=MOVING mission=DISABLED front=1.28m pose=(+4.66, +1.67, -83.4deg) goal=(6.4, 0.1) detections=0 located=0 targets=0 perception=WAIT_CALIBRATION
t=254.02s exploration known_area_m2=32.850 frontier_groups=166 reachable_candidates=202 goal=(6.400,0.100) odom_distance_m=17.852 reason=안전한 Frontier 후보 있음 selection_reason=구역 유지: 현재 목표 유지 goal_reached=N/A planning_failures=N/A
t=254.02s frontier_score cell=(143, 143) goal=(4.3, 4.3) gain_m2=3.870 distance_m=3.100 turn_rad=1.728 revisit=0.000 score=0.467 selected=False
t=254.02s frontier_score cell=(130, 154) goal=(5.4, 3.0) gain_m2=3.010 distance_m=2.100 turn_rad=1.413 revisit=0.000 score=0.461 selected=False
t=254.02s frontier_score cell=(146, 155) goal=(5.5, 4.6000000000000005) gain_m2=4.600 distance_m=3.800 turn_rad=2.984 revisit=0.000 score=0.428 selected=False
t=254.02s frontier_score cell=(146, 154) goal=(5.4, 4.6000000000000005) gain_m2=4.510 distance_m=3.700 turn_rad=2.984 revisit=0.000 score=0.423 selected=False
t=254.02s frontier_score cell=(143, 147) goal=(4.7, 4.3) gain_m2=3.730 distance_m=2.700 turn_rad=2.984 revisit=0.000 score=0.420 selected=False
t=254.02s frontier_score cell=(101, 164) goal=(6.4, 0.1) gain_m2=4.260 distance_m=4.600 turn_rad=0.158 revisit=0.000 score=0.285 selected=True
t=254.02s state=MOVING mission=DISABLED front=1.19m pose=(+4.67, +1.60, -81.0deg) goal=(6.4, 0.1) detections=0 located=0 targets=0 perception=WAIT_CALIBRATION
t=255.04s exploration known_area_m2=32.920 frontier_groups=154 reachable_candidates=195 goal=(6.400,0.100) odom_distance_m=17.936 reason=안전한 Frontier 후보 있음 selection_reason=구역 유지: 현재 목표 유지 goal_reached=N/A planning_failures=N/A
t=255.04s frontier_score cell=(146, 155) goal=(5.5, 4.6000000000000005) gain_m2=4.600 distance_m=3.900 turn_rad=1.368 revisit=0.000 score=0.549 selected=False
t=255.04s frontier_score cell=(146, 154) goal=(5.4, 4.6000000000000005) gain_m2=4.510 distance_m=3.800 turn_rad=1.368 revisit=0.000 score=0.544 selected=False
t=255.04s frontier_score cell=(148, 148) goal=(4.800000000000001, 4.800000000000001) gain_m2=4.600 distance_m=4.000 turn_rad=1.368 revisit=0.000 score=0.516 selected=False
t=255.04s frontier_score cell=(145, 153) goal=(5.300000000000001, 4.5) gain_m2=4.240 distance_m=3.600 turn_rad=1.368 revisit=0.000 score=0.494 selected=False
t=255.04s frontier_score cell=(143, 148) goal=(4.800000000000001, 4.3) gain_m2=3.690 distance_m=2.900 turn_rad=1.368 revisit=0.000 score=0.491 selected=False
t=255.04s frontier_score cell=(101, 164) goal=(6.4, 0.1) gain_m2=4.260 distance_m=4.500 turn_rad=0.203 revisit=0.000 score=0.314 selected=True
t=255.04s state=MOVING mission=DISABLED front=1.08m pose=(+4.69, +1.51, -78.4deg) goal=(6.4, 0.1) detections=0 located=0 targets=0 perception=WAIT_CALIBRATION
t=255.04s map_saved=C:\Users\woosu\OneDrive\Desktop\hkton\controllers\tb3_teleop\maps\map.png
t=256.00s exploration known_area_m2=32.890 frontier_groups=164 reachable_candidates=199 goal=(6.400,0.100) odom_distance_m=18.041 reason=안전한 Frontier 후보 있음 selection_reason=구역 유지: 현재 목표 유지 goal_reached=N/A planning_failures=N/A
t=256.00s frontier_score cell=(146, 155) goal=(5.5, 4.6000000000000005) gain_m2=4.590 distance_m=4.000 turn_rad=1.328 revisit=0.000 score=0.515 selected=False
t=256.00s frontier_score cell=(146, 154) goal=(5.4, 4.6000000000000005) gain_m2=4.500 distance_m=3.900 turn_rad=1.328 revisit=0.000 score=0.510 selected=False
t=256.00s frontier_score cell=(148, 148) goal=(4.800000000000001, 4.800000000000001) gain_m2=4.600 distance_m=4.100 turn_rad=1.328 revisit=0.000 score=0.486 selected=False
t=256.00s frontier_score cell=(143, 148) goal=(4.800000000000001, 4.3) gain_m2=3.690 distance_m=3.000 turn_rad=1.328 revisit=0.000 score=0.461 selected=False
t=256.00s frontier_score cell=(145, 153) goal=(5.300000000000001, 4.5) gain_m2=4.230 distance_m=3.700 turn_rad=1.328 revisit=0.000 score=0.460 selected=False
t=256.00s frontier_score cell=(101, 164) goal=(6.4, 0.1) gain_m2=4.260 distance_m=4.400 turn_rad=0.242 revisit=0.000 score=0.344 selected=True
t=256.00s state=MOVING mission=DISABLED front=0.99m pose=(+4.70, +1.44, -76.1deg) goal=(6.4, 0.1) detections=0 located=0 targets=0 perception=WAIT_CALIBRATION
t=256.77s goal_change=(6.4, 0.1)->(5.5, 4.6000000000000005) reason=호출자가 목표를 변경함
t=257.02s exploration known_area_m2=32.880 frontier_groups=167 reachable_candidates=206 goal=(5.500,4.600) odom_distance_m=18.123 reason=안전한 Frontier 후보 있음 selection_reason=구역 유지: 현재 목표 유지 goal_reached=N/A planning_failures=N/A
t=257.02s frontier_score cell=(146, 155) goal=(5.5, 4.6000000000000005) gain_m2=4.600 distance_m=4.000 turn_rad=1.299 revisit=0.000 score=0.522 selected=True
t=257.02s frontier_score cell=(146, 154) goal=(5.4, 4.6000000000000005) gain_m2=4.510 distance_m=3.900 turn_rad=1.299 revisit=0.000 score=0.517 selected=False
t=257.02s frontier_score cell=(148, 148) goal=(4.800000000000001, 4.800000000000001) gain_m2=4.610 distance_m=4.100 turn_rad=1.299 revisit=0.000 score=0.493 selected=False
t=257.02s frontier_score cell=(147, 148) goal=(4.800000000000001, 4.7) gain_m2=4.470 distance_m=4.000 turn_rad=1.299 revisit=0.000 score=0.467 selected=False
t=257.02s frontier_score cell=(143, 148) goal=(4.800000000000001, 4.3) gain_m2=3.690 distance_m=3.000 turn_rad=1.299 revisit=0.000 score=0.464 selected=False
t=257.02s state=MOVING mission=DISABLED front=0.88m pose=(+4.73, +1.36, -74.5deg) goal=(5.5, 4.6000000000000005) detections=0 located=0 targets=0 perception=WAIT_CALIBRATION
t=258.05s exploration known_area_m2=32.930 frontier_groups=165 reachable_candidates=201 goal=(5.500,4.600) odom_distance_m=18.180 reason=안전한 Frontier 후보 있음 selection_reason=구역 유지: 현재 목표 유지 goal_reached=N/A planning_failures=N/A
t=258.05s frontier_score cell=(111, 147) goal=(4.7, 1.1) gain_m2=1.240 distance_m=0.200 turn_rad=0.298 revisit=0.000 score=0.439 selected=False
t=258.05s frontier_score cell=(110, 148) goal=(4.800000000000001, 1.0) gain_m2=1.370 distance_m=0.400 turn_rad=0.298 revisit=0.000 score=0.428 selected=False
t=258.05s frontier_score cell=(146, 155) goal=(5.5, 4.6000000000000005) gain_m2=4.590 distance_m=4.300 turn_rad=1.273 revisit=0.000 score=0.421 selected=True
t=258.05s frontier_score cell=(146, 154) goal=(5.4, 4.6000000000000005) gain_m2=4.500 distance_m=4.200 turn_rad=1.273 revisit=0.000 score=0.415 selected=False
t=258.05s frontier_score cell=(148, 148) goal=(4.800000000000001, 4.800000000000001) gain_m2=4.600 distance_m=4.400 turn_rad=1.273 revisit=0.000 score=0.392 selected=False
t=258.05s state=MOVING mission=DISABLED front=0.83m pose=(+4.74, +1.30, -72.9deg) goal=(5.5, 4.6000000000000005) detections=0 located=0 targets=0 perception=WAIT_CALIBRATION
t=259.01s exploration known_area_m2=32.950 frontier_groups=166 reachable_candidates=206 goal=(5.500,4.600) odom_distance_m=18.222 reason=안전한 Frontier 후보 있음 selection_reason=구역 유지: 현재 목표 유지 goal_reached=N/A planning_failures=N/A
t=259.01s frontier_score cell=(146, 155) goal=(5.5, 4.6000000000000005) gain_m2=4.570 distance_m=4.100 turn_rad=1.387 revisit=0.000 score=0.468 selected=True
t=259.01s frontier_score cell=(146, 154) goal=(5.4, 4.6000000000000005) gain_m2=4.480 distance_m=4.000 turn_rad=1.387 revisit=0.000 score=0.462 selected=False
t=259.01s frontier_score cell=(111, 147) goal=(4.7, 1.1) gain_m2=1.260 distance_m=0.200 turn_rad=0.184 revisit=0.000 score=0.458 selected=False
t=259.01s frontier_score cell=(147, 149) goal=(4.9, 4.7) gain_m2=4.460 distance_m=4.000 turn_rad=1.387 revisit=0.000 score=0.454 selected=False
t=259.01s frontier_score cell=(110, 148) goal=(4.800000000000001, 1.0) gain_m2=1.400 distance_m=0.400 turn_rad=0.184 revisit=0.000 score=0.452 selected=False
t=259.01s state=MOVING mission=DISABLED front=0.19m pose=(+4.74, +1.32, -79.5deg) goal=(5.5, 4.6000000000000005) detections=2 located=0 targets=0 perception=WAIT_CALIBRATION
t=260.03s exploration known_area_m2=32.950 frontier_groups=171 reachable_candidates=211 goal=(5.500,4.600) odom_distance_m=18.370 reason=안전한 Frontier 후보 있음 selection_reason=구역 유지: 현재 목표 유지 goal_reached=N/A planning_failures=N/A
t=260.03s frontier_score cell=(146, 155) goal=(5.5, 4.6000000000000005) gain_m2=4.550 distance_m=4.000 turn_rad=1.371 revisit=0.000 score=0.494 selected=True
t=260.03s frontier_score cell=(146, 154) goal=(5.4, 4.6000000000000005) gain_m2=4.460 distance_m=3.900 turn_rad=1.371 revisit=0.000 score=0.489 selected=False
t=260.03s frontier_score cell=(101, 164) goal=(6.4, 0.1) gain_m2=4.260 distance_m=4.000 turn_rad=0.200 revisit=0.000 score=0.481 selected=False
t=260.03s frontier_score cell=(147, 149) goal=(4.9, 4.7) gain_m2=4.430 distance_m=3.900 turn_rad=1.371 revisit=0.000 score=0.476 selected=False
t=260.03s frontier_score cell=(148, 148) goal=(4.800000000000001, 4.800000000000001) gain_m2=4.580 distance_m=4.100 turn_rad=1.371 revisit=0.000 score=0.474 selected=False
t=260.03s state=MOVING mission=DISABLED front=0.92m pose=(+4.70, +1.44, -78.5deg) goal=(5.5, 4.6000000000000005) detections=2 located=0 targets=0 perception=WAIT_CALIBRATION
t=260.03s map_saved=C:\Users\woosu\OneDrive\Desktop\hkton\controllers\tb3_teleop\maps\map.png
t=261.06s exploration known_area_m2=33.240 frontier_groups=191 reachable_candidates=218 goal=(5.500,4.600) odom_distance_m=18.370 reason=안전한 Frontier 후보 있음 selection_reason=구역 유지: 현재 목표 유지 goal_reached=N/A planning_failures=N/A
t=261.06s frontier_score cell=(111, 151) goal=(5.1000000000000005, 1.1) gain_m2=2.090 distance_m=0.700 turn_rad=0.465 revisit=0.000 score=0.622 selected=False
t=261.06s frontier_score cell=(146, 155) goal=(5.5, 4.6000000000000005) gain_m2=4.510 distance_m=4.000 turn_rad=1.106 revisit=0.000 score=0.502 selected=True
t=261.06s frontier_score cell=(146, 154) goal=(5.4, 4.6000000000000005) gain_m2=4.400 distance_m=3.900 turn_rad=1.106 revisit=0.000 score=0.488 selected=False
t=261.06s frontier_score cell=(130, 155) goal=(5.5, 3.0) gain_m2=3.210 distance_m=2.400 turn_rad=1.106 revisit=0.000 score=0.476 selected=False
t=261.06s frontier_score cell=(101, 164) goal=(6.4, 0.1) gain_m2=4.260 distance_m=4.000 turn_rad=0.465 revisit=0.000 score=0.456 selected=False
t=261.06s state=MOVING mission=DISABLED front=0.19m pose=(+4.70, +1.44, -63.4deg) goal=(5.5, 4.6000000000000005) detections=1 located=0 targets=0 perception=WAIT_CALIBRATION
t=262.02s exploration known_area_m2=33.290 frontier_groups=201 reachable_candidates=231 goal=(5.500,4.600) odom_distance_m=18.370 reason=안전한 Frontier 후보 있음 selection_reason=구역 유지: 현재 목표 유지 goal_reached=N/A planning_failures=N/A
t=262.02s frontier_score cell=(112, 151) goal=(5.1000000000000005, 1.2000000000000002) gain_m2=2.170 distance_m=0.600 turn_rad=0.966 revisit=0.000 score=0.642 selected=False
t=262.02s frontier_score cell=(113, 150) goal=(5.0, 1.3) gain_m2=1.970 distance_m=0.400 turn_rad=0.966 revisit=0.000 score=0.622 selected=False
t=262.02s frontier_score cell=(114, 149) goal=(4.9, 1.4000000000000001) gain_m2=1.760 distance_m=0.200 turn_rad=0.966 revisit=0.000 score=0.599 selected=False
t=262.02s frontier_score cell=(114, 148) goal=(4.800000000000001, 1.4000000000000001) gain_m2=1.550 distance_m=0.100 turn_rad=0.966 revisit=0.000 score=0.542 selected=False
t=262.02s frontier_score cell=(112, 149) goal=(4.9, 1.2000000000000002) gain_m2=1.750 distance_m=0.600 turn_rad=0.605 revisit=0.000 score=0.495 selected=False
t=262.02s frontier_score cell=(146, 155) goal=(5.5, 4.6000000000000005) gain_m2=4.440 distance_m=4.000 turn_rad=2.537 revisit=0.000 score=0.335 selected=True
t=262.02s state=MOVING mission=DISABLED front=0.22m pose=(+4.70, +1.44, -55.3deg) goal=(5.5, 4.6000000000000005) detections=1 located=0 targets=0 perception=WAIT_CALIBRATION
t=263.04s exploration known_area_m2=33.080 frontier_groups=203 reachable_candidates=249 goal=(5.500,4.600) odom_distance_m=18.676 reason=안전한 Frontier 후보 있음 selection_reason=구역 유지: 현재 목표 유지 goal_reached=N/A planning_failures=N/A
t=263.04s frontier_score cell=(114, 151) goal=(5.1000000000000005, 1.4000000000000001) gain_m2=2.290 distance_m=0.400 turn_rad=0.705 revisit=0.000 score=0.785 selected=False
t=263.04s frontier_score cell=(112, 151) goal=(5.1000000000000005, 1.2000000000000002) gain_m2=2.240 distance_m=0.600 turn_rad=0.705 revisit=0.000 score=0.697 selected=False
t=263.04s frontier_score cell=(113, 150) goal=(5.0, 1.3) gain_m2=2.040 distance_m=0.400 turn_rad=0.705 revisit=0.000 score=0.677 selected=False
t=263.04s frontier_score cell=(115, 150) goal=(5.0, 1.5) gain_m2=2.040 distance_m=0.400 turn_rad=0.705 revisit=0.000 score=0.677 selected=False
t=263.04s frontier_score cell=(114, 149) goal=(4.9, 1.4000000000000001) gain_m2=1.870 distance_m=0.200 turn_rad=0.705 revisit=0.000 score=0.671 selected=False
t=263.04s frontier_score cell=(146, 155) goal=(5.5, 4.6000000000000005) gain_m2=4.510 distance_m=4.000 turn_rad=2.275 revisit=0.000 score=0.391 selected=True
t=263.04s state=MOVING mission=DISABLED front=0.27m pose=(+4.70, +1.44, -40.4deg) goal=(5.5, 4.6000000000000005) detections=0 located=0 targets=0 perception=WAIT_CALIBRATION
t=264.00s exploration known_area_m2=33.410 frontier_groups=190 reachable_candidates=229 goal=(5.500,4.600) odom_distance_m=18.712 reason=안전한 Frontier 후보 있음 selection_reason=구역 유지: 현재 목표 유지 goal_reached=N/A planning_failures=N/A
t=264.00s frontier_score cell=(115, 151) goal=(5.1000000000000005, 1.5) gain_m2=2.140 distance_m=0.500 turn_rad=0.573 revisit=0.000 score=0.700 selected=False
t=264.00s frontier_score cell=(112, 151) goal=(5.1000000000000005, 1.2000000000000002) gain_m2=2.100 distance_m=0.600 turn_rad=0.573 revisit=0.000 score=0.649 selected=False
t=264.00s frontier_score cell=(113, 150) goal=(5.0, 1.3) gain_m2=1.900 distance_m=0.400 turn_rad=0.573 revisit=0.000 score=0.630 selected=False
t=264.00s frontier_score cell=(114, 149) goal=(4.9, 1.4000000000000001) gain_m2=1.680 distance_m=0.200 turn_rad=0.573 revisit=0.000 score=0.602 selected=False
t=264.00s frontier_score cell=(113, 148) goal=(4.800000000000001, 1.3) gain_m2=1.490 distance_m=0.200 turn_rad=0.573 revisit=0.000 score=0.520 selected=False
t=264.00s frontier_score cell=(146, 155) goal=(5.5, 4.6000000000000005) gain_m2=4.470 distance_m=4.000 turn_rad=2.144 revisit=0.000 score=0.386 selected=True
t=264.00s state=MOVING mission=DISABLED front=0.57m pose=(+4.73, +1.42, -32.8deg) goal=(5.5, 4.6000000000000005) detections=0 located=0 targets=0 perception=WAIT_CALIBRATION
t=265.02s exploration known_area_m2=33.550 frontier_groups=180 reachable_candidates=216 goal=(5.500,4.600) odom_distance_m=18.793 reason=안전한 Frontier 후보 있음 selection_reason=구역 유지: 현재 목표 유지 goal_reached=N/A planning_failures=N/A
t=265.02s frontier_score cell=(112, 151) goal=(5.1000000000000005, 1.2000000000000002) gain_m2=2.060 distance_m=0.500 turn_rad=0.434 revisit=0.000 score=0.679 selected=False
t=265.02s frontier_score cell=(130, 155) goal=(5.5, 3.0) gain_m2=3.120 distance_m=2.300 turn_rad=2.005 revisit=0.000 score=0.385 selected=False
t=265.02s frontier_score cell=(146, 155) goal=(5.5, 4.6000000000000005) gain_m2=4.450 distance_m=4.100 turn_rad=2.005 revisit=0.000 score=0.357 selected=True
t=265.02s frontier_score cell=(107, 150) goal=(5.0, 0.7000000000000001) gain_m2=1.590 distance_m=0.900 turn_rad=0.434 revisit=0.000 score=0.343 selected=False
t=265.02s frontier_score cell=(146, 154) goal=(5.4, 4.6000000000000005) gain_m2=4.300 distance_m=4.000 turn_rad=2.005 revisit=0.000 score=0.326 selected=False
t=265.02s state=MOVING mission=DISABLED front=0.52m pose=(+4.76, +1.40, -24.9deg) goal=(5.5, 4.6000000000000005) detections=0 located=0 targets=0 perception=WAIT_CALIBRATION
t=265.02s map_saved=C:\Users\woosu\OneDrive\Desktop\hkton\controllers\tb3_teleop\maps\map.png
t=266.05s exploration known_area_m2=33.560 frontier_groups=177 reachable_candidates=216 goal=(5.500,4.600) odom_distance_m=18.884 reason=안전한 Frontier 후보 있음 selection_reason=구역 유지: 현재 목표 유지 goal_reached=N/A planning_failures=N/A
t=266.05s frontier_score cell=(112, 151) goal=(5.1000000000000005, 1.2000000000000002) gain_m2=2.090 distance_m=0.500 turn_rad=0.271 revisit=0.000 score=0.707 selected=False
t=266.05s frontier_score cell=(130, 155) goal=(5.5, 3.0) gain_m2=3.100 distance_m=2.300 turn_rad=1.842 revisit=0.000 score=0.392 selected=False
t=266.05s frontier_score cell=(107, 150) goal=(5.0, 0.7000000000000001) gain_m2=1.610 distance_m=0.900 turn_rad=0.271 revisit=0.000 score=0.367 selected=False
t=266.05s frontier_score cell=(118, 149) goal=(4.9, 1.8) gain_m2=1.540 distance_m=0.500 turn_rad=1.842 revisit=0.000 score=0.320 selected=False
t=266.05s frontier_score cell=(145, 146) goal=(4.6000000000000005, 4.5) gain_m2=3.670 distance_m=3.300 turn_rad=1.842 revisit=0.000 score=0.304 selected=False
t=266.05s frontier_score cell=(146, 155) goal=(5.5, 4.6000000000000005) gain_m2=4.440 distance_m=4.300 turn_rad=1.842 revisit=0.000 score=0.302 selected=True
t=266.05s state=MOVING mission=DISABLED front=0.48m pose=(+4.80, +1.39, -15.5deg) goal=(5.5, 4.6000000000000005) detections=0 located=0 targets=0 perception=WAIT_CALIBRATION
t=267.01s exploration known_area_m2=33.560 frontier_groups=176 reachable_candidates=209 goal=(5.500,4.600) odom_distance_m=18.922 reason=안전한 Frontier 후보 있음 selection_reason=구역 유지: 현재 목표 유지 goal_reached=N/A planning_failures=N/A
t=267.01s frontier_score cell=(130, 155) goal=(5.5, 3.0) gain_m2=3.110 distance_m=2.300 turn_rad=1.684 revisit=0.000 score=0.411 selected=False
t=267.01s frontier_score cell=(145, 146) goal=(4.6000000000000005, 4.5) gain_m2=3.660 distance_m=3.300 turn_rad=1.684 revisit=0.000 score=0.315 selected=False
t=267.01s frontier_score cell=(146, 155) goal=(5.5, 4.6000000000000005) gain_m2=4.430 distance_m=4.300 turn_rad=1.684 revisit=0.000 score=0.313 selected=True
t=267.01s frontier_score cell=(131, 154) goal=(5.4, 3.1) gain_m2=2.830 distance_m=2.300 turn_rad=1.684 revisit=0.000 score=0.291 selected=False
t=267.01s frontier_score cell=(146, 154) goal=(5.4, 4.6000000000000005) gain_m2=4.280 distance_m=4.200 turn_rad=1.684 revisit=0.000 score=0.281 selected=False
t=267.01s state=MOVING mission=DISABLED front=0.44m pose=(+4.84, +1.38, -6.5deg) goal=(5.5, 4.6000000000000005) detections=0 located=0 targets=0 perception=WAIT_CALIBRATION
t=268.03s exploration known_area_m2=33.560 frontier_groups=177 reachable_candidates=212 goal=(5.500,4.600) odom_distance_m=18.995 reason=안전한 Frontier 후보 있음 selection_reason=구역 유지: 현재 목표 유지 goal_reached=N/A planning_failures=N/A
t=268.03s frontier_score cell=(130, 155) goal=(5.5, 3.0) gain_m2=3.120 distance_m=2.400 turn_rad=1.509 revisit=0.000 score=0.399 selected=False
t=268.03s frontier_score cell=(146, 155) goal=(5.5, 4.6000000000000005) gain_m2=4.430 distance_m=4.200 turn_rad=1.509 revisit=0.000 score=0.363 selected=True
t=268.03s frontier_score cell=(146, 154) goal=(5.4, 4.6000000000000005) gain_m2=4.280 distance_m=4.100 turn_rad=1.509 revisit=0.000 score=0.331 selected=False
t=268.03s frontier_score cell=(145, 146) goal=(4.6000000000000005, 4.5) gain_m2=3.660 distance_m=3.400 turn_rad=1.509 revisit=0.000 score=0.298 selected=False
t=268.03s frontier_score cell=(131, 154) goal=(5.4, 3.1) gain_m2=2.840 distance_m=2.400 turn_rad=1.509 revisit=0.000 score=0.278 selected=False
t=268.03s state=MOVING mission=DISABLED front=0.40m pose=(+4.88, +1.38, +3.5deg) goal=(5.5, 4.6000000000000005) detections=0 located=0 targets=0 perception=WAIT_CALIBRATION
t=269.06s exploration known_area_m2=33.510 frontier_groups=186 reachable_candidates=216 goal=(5.500,4.600) odom_distance_m=19.091 reason=안전한 Frontier 후보 있음 selection_reason=구역 유지: 현재 목표 유지 goal_reached=N/A planning_failures=N/A
t=269.06s frontier_score cell=(116, 150) goal=(5.0, 1.6) gain_m2=1.850 distance_m=0.300 turn_rad=0.241 revisit=0.000 score=0.673 selected=False
t=269.06s frontier_score cell=(130, 155) goal=(5.5, 3.0) gain_m2=3.110 distance_m=2.200 turn_rad=1.329 revisit=0.000 score=0.478 selected=False
t=269.06s frontier_score cell=(117, 149) goal=(4.9, 1.7000000000000002) gain_m2=1.580 distance_m=0.300 turn_rad=1.329 revisit=0.000 score=0.453 selected=False
t=269.06s frontier_score cell=(131, 154) goal=(5.4, 3.1) gain_m2=2.840 distance_m=2.200 turn_rad=1.329 revisit=0.000 score=0.362 selected=False
t=269.06s frontier_score cell=(132, 154) goal=(5.4, 3.2) gain_m2=2.820 distance_m=2.300 turn_rad=1.329 revisit=0.000 score=0.320 selected=False
t=269.06s frontier_score cell=(146, 155) goal=(5.5, 4.6000000000000005) gain_m2=4.440 distance_m=4.400 turn_rad=1.329 revisit=0.000 score=0.317 selected=True
t=269.06s state=MOVING mission=DISABLED front=0.37m pose=(+4.92, +1.39, +13.8deg) goal=(5.5, 4.6000000000000005) detections=0 located=0 targets=0 perception=WAIT_CALIBRATION
t=270.02s exploration known_area_m2=33.470 frontier_groups=192 reachable_candidates=221 goal=(5.500,4.600) odom_distance_m=19.154 reason=안전한 Frontier 후보 있음 selection_reason=구역 유지: 현재 목표 유지 goal_reached=N/A planning_failures=N/A
t=270.02s frontier_score cell=(112, 151) goal=(5.1000000000000005, 1.2000000000000002) gain_m2=2.070 distance_m=0.300 turn_rad=0.410 revisit=0.000 score=0.752 selected=False
t=270.02s frontier_score cell=(116, 150) goal=(5.0, 1.6) gain_m2=1.860 distance_m=0.200 turn_rad=1.161 revisit=0.000 score=0.623 selected=False
t=270.02s frontier_score cell=(130, 155) goal=(5.5, 3.0) gain_m2=3.130 distance_m=2.300 turn_rad=1.161 revisit=0.000 score=0.470 selected=False
t=270.02s frontier_score cell=(117, 149) goal=(4.9, 1.7000000000000002) gain_m2=1.590 distance_m=0.400 turn_rad=1.161 revisit=0.000 score=0.440 selected=False
t=270.02s frontier_score cell=(131, 154) goal=(5.4, 3.1) gain_m2=2.860 distance_m=2.300 turn_rad=1.161 revisit=0.000 score=0.353 selected=False
t=270.02s frontier_score cell=(146, 155) goal=(5.5, 4.6000000000000005) gain_m2=4.470 distance_m=4.500 turn_rad=1.161 revisit=0.000 score=0.313 selected=True
t=270.02s state=MOVING mission=DISABLED front=0.34m pose=(+4.96, +1.40, +23.5deg) goal=(5.5, 4.6000000000000005) detections=0 located=0 targets=0 perception=WAIT_CALIBRATION
t=270.02s map_saved=C:\Users\woosu\OneDrive\Desktop\hkton\controllers\tb3_teleop\maps\map.png
t=271.04s exploration known_area_m2=33.490 frontier_groups=194 reachable_candidates=219 goal=(5.500,4.600) odom_distance_m=19.214 reason=안전한 Frontier 후보 있음 selection_reason=구역 유지: 현재 목표 유지 goal_reached=N/A planning_failures=N/A
t=271.04s frontier_score cell=(112, 151) goal=(5.1000000000000005, 1.2000000000000002) gain_m2=2.080 distance_m=0.300 turn_rad=0.589 revisit=0.000 score=0.739 selected=False
t=271.04s frontier_score cell=(116, 150) goal=(5.0, 1.6) gain_m2=1.840 distance_m=0.200 turn_rad=0.982 revisit=0.000 score=0.632 selected=False
t=271.04s frontier_score cell=(130, 155) goal=(5.5, 3.0) gain_m2=3.120 distance_m=2.300 turn_rad=0.982 revisit=0.000 score=0.482 selected=False
t=271.04s frontier_score cell=(117, 149) goal=(4.9, 1.7000000000000002) gain_m2=1.570 distance_m=0.400 turn_rad=0.982 revisit=0.000 score=0.449 selected=False
t=271.04s frontier_score cell=(131, 154) goal=(5.4, 3.1) gain_m2=2.840 distance_m=2.300 turn_rad=0.982 revisit=0.000 score=0.362 selected=False
t=271.04s frontier_score cell=(146, 155) goal=(5.5, 4.6000000000000005) gain_m2=4.450 distance_m=4.500 turn_rad=0.982 revisit=0.000 score=0.322 selected=True
t=271.04s state=MOVING mission=DISABLED front=0.34m pose=(+4.99, +1.42, +33.7deg) goal=(5.5, 4.6000000000000005) detections=0 located=0 targets=0 perception=WAIT_CALIBRATION
t=272.00s exploration known_area_m2=33.520 frontier_groups=177 reachable_candidates=213 goal=(5.500,4.600) odom_distance_m=19.252 reason=안전한 Frontier 후보 있음 selection_reason=구역 유지: 현재 목표 유지 goal_reached=N/A planning_failures=N/A
t=272.00s frontier_score cell=(130, 155) goal=(5.5, 3.0) gain_m2=3.120 distance_m=2.300 turn_rad=0.819 revisit=0.000 score=0.498 selected=False
t=272.00s frontier_score cell=(131, 154) goal=(5.4, 3.1) gain_m2=2.840 distance_m=2.300 turn_rad=0.819 revisit=0.000 score=0.377 selected=False
t=272.00s frontier_score cell=(132, 154) goal=(5.4, 3.2) gain_m2=2.830 distance_m=2.400 turn_rad=0.819 revisit=0.000 score=0.340 selected=False
t=272.00s frontier_score cell=(146, 155) goal=(5.5, 4.6000000000000005) gain_m2=4.440 distance_m=4.500 turn_rad=0.819 revisit=0.000 score=0.333 selected=True
t=272.00s frontier_score cell=(146, 154) goal=(5.4, 4.6000000000000005) gain_m2=4.290 distance_m=4.400 turn_rad=0.819 revisit=0.000 score=0.302 selected=False
t=272.00s state=MOVING mission=DISABLED front=0.33m pose=(+5.02, +1.44, +43.1deg) goal=(5.5, 4.6000000000000005) detections=0 located=0 targets=0 perception=WAIT_CALIBRATION
t=273.02s exploration known_area_m2=33.560 frontier_groups=171 reachable_candidates=209 goal=(5.500,4.600) odom_distance_m=19.303 reason=안전한 Frontier 후보 있음 selection_reason=구역 유지: 현재 목표 유지 goal_reached=N/A planning_failures=N/A
t=273.02s frontier_score cell=(130, 155) goal=(5.5, 3.0) gain_m2=3.130 distance_m=2.200 turn_rad=0.653 revisit=0.000 score=0.552 selected=False
t=273.02s frontier_score cell=(131, 154) goal=(5.4, 3.1) gain_m2=2.850 distance_m=2.200 turn_rad=0.653 revisit=0.000 score=0.431 selected=False
t=273.02s frontier_score cell=(132, 154) goal=(5.4, 3.2) gain_m2=2.840 distance_m=2.300 turn_rad=0.653 revisit=0.000 score=0.393 selected=False
t=273.02s frontier_score cell=(146, 155) goal=(5.5, 4.6000000000000005) gain_m2=4.430 distance_m=4.400 turn_rad=0.653 revisit=0.000 score=0.378 selected=True
t=273.02s frontier_score cell=(122, 150) goal=(5.0, 2.2) gain_m2=1.670 distance_m=0.900 turn_rad=0.653 revisit=0.000 score=0.356 selected=False
t=273.02s state=MOVING mission=DISABLED front=0.29m pose=(+5.05, +1.47, +52.6deg) goal=(5.5, 4.6000000000000005) detections=0 located=0 targets=0 perception=WAIT_CALIBRATION
t=274.05s exploration known_area_m2=33.590 frontier_groups=171 reachable_candidates=207 goal=(5.500,4.600) odom_distance_m=19.324 reason=안전한 Frontier 후보 있음 selection_reason=구역 유지: 현재 목표 유지 goal_reached=N/A planning_failures=N/A
t=274.05s frontier_score cell=(130, 155) goal=(5.5, 3.0) gain_m2=3.120 distance_m=2.200 turn_rad=0.482 revisit=0.000 score=0.564 selected=False
t=274.05s frontier_score cell=(131, 154) goal=(5.4, 3.1) gain_m2=2.840 distance_m=2.200 turn_rad=0.482 revisit=0.000 score=0.443 selected=False
t=274.05s frontier_score cell=(132, 154) goal=(5.4, 3.2) gain_m2=2.830 distance_m=2.300 turn_rad=0.482 revisit=0.000 score=0.405 selected=False
t=274.05s frontier_score cell=(146, 155) goal=(5.5, 4.6000000000000005) gain_m2=4.420 distance_m=4.400 turn_rad=0.482 revisit=0.000 score=0.390 selected=True
t=274.05s frontier_score cell=(122, 150) goal=(5.0, 2.2) gain_m2=1.660 distance_m=0.900 turn_rad=0.482 revisit=0.000 score=0.368 selected=False
t=274.05s state=MOVING mission=DISABLED front=0.29m pose=(+5.05, +1.47, +62.4deg) goal=(5.5, 4.6000000000000005) detections=0 located=0 targets=0 perception=WAIT_CALIBRATION
t=275.01s exploration known_area_m2=33.540 frontier_groups=180 reachable_candidates=214 goal=(5.500,4.600) odom_distance_m=19.348 reason=안전한 Frontier 후보 있음 selection_reason=구역 유지: 현재 목표 유지 goal_reached=N/A planning_failures=N/A
t=275.01s frontier_score cell=(130, 155) goal=(5.5, 3.0) gain_m2=3.130 distance_m=2.200 turn_rad=0.333 revisit=0.000 score=0.582 selected=False
t=275.01s frontier_score cell=(118, 149) goal=(4.9, 1.8) gain_m2=1.530 distance_m=0.400 turn_rad=0.333 revisit=0.000 score=0.493 selected=False
t=275.01s frontier_score cell=(131, 154) goal=(5.4, 3.1) gain_m2=2.850 distance_m=2.200 turn_rad=0.333 revisit=0.000 score=0.462 selected=False
t=275.01s frontier_score cell=(132, 154) goal=(5.4, 3.2) gain_m2=2.840 distance_m=2.300 turn_rad=0.333 revisit=0.000 score=0.424 selected=False
t=275.01s frontier_score cell=(146, 155) goal=(5.5, 4.6000000000000005) gain_m2=4.430 distance_m=4.400 turn_rad=0.333 revisit=0.000 score=0.408 selected=True
t=275.01s state=MOVING mission=DISABLED front=0.29m pose=(+5.05, +1.47, +70.9deg) goal=(5.5, 4.6000000000000005) detections=2 located=0 targets=0 perception=WAIT_CALIBRATION
t=275.01s map_saved=C:\Users\woosu\OneDrive\Desktop\hkton\controllers\tb3_teleop\maps\map.png
t=276.03s exploration known_area_m2=33.540 frontier_groups=179 reachable_candidates=215 goal=(5.500,4.600) odom_distance_m=19.349 reason=안전한 Frontier 후보 있음 selection_reason=구역 유지: 현재 목표 유지 goal_reached=N/A planning_failures=N/A
t=276.03s frontier_score cell=(113, 151) goal=(5.1000000000000005, 1.3) gain_m2=2.090 distance_m=0.300 turn_rad=1.416 revisit=0.000 score=0.664 selected=False
t=276.03s frontier_score cell=(130, 155) goal=(5.5, 3.0) gain_m2=3.120 distance_m=2.400 turn_rad=0.154 revisit=0.000 score=0.528 selected=False
t=276.03s frontier_score cell=(146, 155) goal=(5.5, 4.6000000000000005) gain_m2=4.420 distance_m=4.400 turn_rad=0.154 revisit=0.000 score=0.421 selected=True
t=276.03s frontier_score cell=(131, 154) goal=(5.4, 3.1) gain_m2=2.840 distance_m=2.400 turn_rad=0.154 revisit=0.000 score=0.408 selected=False
t=276.03s frontier_score cell=(146, 154) goal=(5.4, 4.6000000000000005) gain_m2=4.270 distance_m=4.300 turn_rad=0.154 revisit=0.000 score=0.390 selected=False
t=276.03s state=MOVING mission=DISABLED front=0.29m pose=(+5.05, +1.47, +81.2deg) goal=(5.5, 4.6000000000000005) detections=1 located=0 targets=0 perception=WAIT_CALIBRATION
t=277.06s exploration known_area_m2=33.590 frontier_groups=175 reachable_candidates=207 goal=(5.500,4.600) odom_distance_m=19.425 reason=안전한 Frontier 후보 있음 selection_reason=구역 유지: 현재 목표 유지 goal_reached=N/A planning_failures=N/A
t=277.06s frontier_score cell=(113, 151) goal=(5.1000000000000005, 1.3) gain_m2=2.080 distance_m=0.300 turn_rad=1.784 revisit=0.000 score=0.625 selected=False
t=277.06s frontier_score cell=(130, 155) goal=(5.5, 3.0) gain_m2=3.120 distance_m=2.400 turn_rad=0.213 revisit=0.000 score=0.523 selected=False
t=277.06s frontier_score cell=(146, 155) goal=(5.5, 4.6000000000000005) gain_m2=4.420 distance_m=4.400 turn_rad=0.213 revisit=0.000 score=0.415 selected=True
t=277.06s frontier_score cell=(131, 154) goal=(5.4, 3.1) gain_m2=2.840 distance_m=2.400 turn_rad=0.213 revisit=0.000 score=0.402 selected=False
t=277.06s frontier_score cell=(146, 154) goal=(5.4, 4.6000000000000005) gain_m2=4.270 distance_m=4.300 turn_rad=0.213 revisit=0.000 score=0.384 selected=False
t=277.06s state=MOVING mission=DISABLED front=0.29m pose=(+5.05, +1.47, +102.2deg) goal=(5.5, 4.6000000000000005) detections=1 located=0 targets=0 perception=WAIT_CALIBRATION
t=278.02s exploration known_area_m2=33.630 frontier_groups=171 reachable_candidates=204 goal=(5.500,4.600) odom_distance_m=19.510 reason=안전한 Frontier 후보 있음 selection_reason=구역 유지: 현재 목표 유지 goal_reached=N/A planning_failures=N/A
t=278.02s frontier_score cell=(130, 155) goal=(5.5, 3.0) gain_m2=3.120 distance_m=2.400 turn_rad=0.437 revisit=0.000 score=0.501 selected=False
t=278.02s frontier_score cell=(146, 155) goal=(5.5, 4.6000000000000005) gain_m2=4.410 distance_m=4.400 turn_rad=0.437 revisit=0.000 score=0.390 selected=True
t=278.02s frontier_score cell=(131, 154) goal=(5.4, 3.1) gain_m2=2.840 distance_m=2.400 turn_rad=0.437 revisit=0.000 score=0.381 selected=False
t=278.02s frontier_score cell=(146, 154) goal=(5.4, 4.6000000000000005) gain_m2=4.260 distance_m=4.300 turn_rad=0.437 revisit=0.000 score=0.358 selected=False
t=278.02s frontier_score cell=(132, 154) goal=(5.4, 3.2) gain_m2=2.830 distance_m=2.500 turn_rad=0.437 revisit=0.000 score=0.343 selected=False
t=278.02s state=MOVING mission=DISABLED front=2.00m pose=(+5.04, +1.49, +115.0deg) goal=(5.5, 4.6000000000000005) detections=1 located=0 targets=0 perception=WAIT_CALIBRATION
t=279.04s exploration known_area_m2=33.630 frontier_groups=176 reachable_candidates=208 goal=(5.500,4.600) odom_distance_m=19.579 reason=안전한 Frontier 후보 있음 selection_reason=구역 유지: 현재 목표 유지 goal_reached=N/A planning_failures=N/A
t=279.04s frontier_score cell=(114, 151) goal=(5.1000000000000005, 1.4000000000000001) gain_m2=2.090 distance_m=0.200 turn_rad=2.103 revisit=0.000 score=0.632 selected=False
t=279.04s frontier_score cell=(130, 155) goal=(5.5, 3.0) gain_m2=3.120 distance_m=2.400 turn_rad=0.532 revisit=0.000 score=0.492 selected=False
t=279.04s frontier_score cell=(146, 155) goal=(5.5, 4.6000000000000005) gain_m2=4.410 distance_m=4.400 turn_rad=0.532 revisit=0.000 score=0.381 selected=True
t=279.04s frontier_score cell=(131, 154) goal=(5.4, 3.1) gain_m2=2.840 distance_m=2.400 turn_rad=0.532 revisit=0.000 score=0.372 selected=False
t=279.04s frontier_score cell=(146, 154) goal=(5.4, 4.6000000000000005) gain_m2=4.260 distance_m=4.300 turn_rad=0.532 revisit=0.000 score=0.349 selected=False
t=279.04s state=MOVING mission=DISABLED front=1.96m pose=(+5.04, +1.54, +120.5deg) goal=(5.5, 4.6000000000000005) detections=1 located=0 targets=0 perception=WAIT_CALIBRATION
t=280.00s exploration known_area_m2=33.620 frontier_groups=177 reachable_candidates=208 goal=(5.500,4.600) odom_distance_m=19.629 reason=안전한 Frontier 후보 있음 selection_reason=구역 유지: 현재 목표 유지 goal_reached=N/A planning_failures=N/A
t=280.00s frontier_score cell=(115, 151) goal=(5.1000000000000005, 1.5) gain_m2=2.090 distance_m=0.200 turn_rad=2.546 revisit=0.000 score=0.590 selected=False
t=280.00s frontier_score cell=(130, 155) goal=(5.5, 3.0) gain_m2=3.120 distance_m=2.300 turn_rad=0.975 revisit=0.000 score=0.483 selected=False
t=280.00s frontier_score cell=(146, 155) goal=(5.5, 4.6000000000000005) gain_m2=4.410 distance_m=4.300 turn_rad=0.975 revisit=0.000 score=0.372 selected=True
t=280.00s frontier_score cell=(131, 154) goal=(5.4, 3.1) gain_m2=2.840 distance_m=2.300 turn_rad=0.975 revisit=0.000 score=0.363 selected=False
t=280.00s frontier_score cell=(146, 154) goal=(5.4, 4.6000000000000005) gain_m2=4.260 distance_m=4.200 turn_rad=0.975 revisit=0.000 score=0.340 selected=False
t=280.00s state=MOVING mission=DISABLED front=1.92m pose=(+5.00, +1.55, +124.1deg) goal=(5.5, 4.6000000000000005) detections=1 located=0 targets=0 perception=WAIT_CALIBRATION
t=280.00s map_saved=C:\Users\woosu\OneDrive\Desktop\hkton\controllers\tb3_teleop\maps\map.png
t=281.02s exploration known_area_m2=33.640 frontier_groups=177 reachable_candidates=207 goal=(5.500,4.600) odom_distance_m=19.998 reason=안전한 Frontier 후보 있음 selection_reason=구역 유지: 현재 목표 유지 goal_reached=N/A planning_failures=N/A
t=281.02s frontier_score cell=(130, 155) goal=(5.5, 3.0) gain_m2=3.120 distance_m=1.700 turn_rad=0.774 revisit=0.000 score=0.702 selected=False
t=281.02s frontier_score cell=(131, 154) goal=(5.4, 3.1) gain_m2=2.840 distance_m=1.700 turn_rad=0.774 revisit=0.000 score=0.582 selected=False
t=281.02s frontier_score cell=(132, 154) goal=(5.4, 3.2) gain_m2=2.830 distance_m=1.800 turn_rad=0.774 revisit=0.000 score=0.544 selected=False
t=281.02s frontier_score cell=(146, 155) goal=(5.5, 4.6000000000000005) gain_m2=4.410 distance_m=3.900 turn_rad=0.774 revisit=0.000 score=0.524 selected=True
t=281.02s frontier_score cell=(122, 150) goal=(5.0, 2.2) gain_m2=1.630 distance_m=0.400 turn_rad=0.774 revisit=0.000 score=0.494 selected=False
t=281.02s state=MOVING mission=DISABLED front=1.87m pose=(+4.88, +1.89, +134.4deg) goal=(5.5, 4.6000000000000005) detections=1 located=0 targets=0 perception=WAIT_CALIBRATION
t=282.05s exploration known_area_m2=34.300 frontier_groups=201 reachable_candidates=232 goal=(5.500,4.600) odom_distance_m=20.006 reason=안전한 Frontier 후보 있음 selection_reason=구역 유지: 현재 목표 유지 goal_reached=N/A planning_failures=N/A
t=282.05s frontier_score cell=(130, 155) goal=(5.5, 3.0) gain_m2=3.170 distance_m=1.700 turn_rad=0.778 revisit=0.000 score=0.723 selected=False
t=282.05s frontier_score cell=(131, 154) goal=(5.4, 3.1) gain_m2=2.880 distance_m=1.700 turn_rad=0.778 revisit=0.000 score=0.599 selected=False
t=282.05s frontier_score cell=(120, 150) goal=(5.0, 2.0) gain_m2=1.660 distance_m=0.200 turn_rad=0.778 revisit=0.000 score=0.574 selected=False
t=282.05s frontier_score cell=(132, 154) goal=(5.4, 3.2) gain_m2=2.870 distance_m=1.800 turn_rad=0.778 revisit=0.000 score=0.561 selected=False
t=282.05s frontier_score cell=(146, 155) goal=(5.5, 4.6000000000000005) gain_m2=4.430 distance_m=3.900 turn_rad=0.778 revisit=0.000 score=0.532 selected=True
t=282.05s state=MOVING mission=DISABLED front=1.85m pose=(+4.88, +1.90, +134.6deg) goal=(5.5, 4.6000000000000005) detections=1 located=0 targets=0 perception=WAIT_CALIBRATION
t=283.01s exploration known_area_m2=34.270 frontier_groups=205 reachable_candidates=234 goal=(5.500,4.600) odom_distance_m=20.009 reason=안전한 Frontier 후보 있음 selection_reason=구역 유지: 현재 목표 유지 goal_reached=N/A planning_failures=N/A
t=283.01s frontier_score cell=(130, 155) goal=(5.5, 3.0) gain_m2=3.160 distance_m=1.900 turn_rad=0.780 revisit=0.000 score=0.652 selected=False
t=283.01s frontier_score cell=(120, 149) goal=(4.9, 2.0) gain_m2=1.510 distance_m=0.100 turn_rad=0.780 revisit=0.000 score=0.542 selected=False
t=283.01s frontier_score cell=(131, 154) goal=(5.4, 3.1) gain_m2=2.880 distance_m=1.900 turn_rad=0.780 revisit=0.000 score=0.532 selected=False
t=283.01s frontier_score cell=(132, 154) goal=(5.4, 3.2) gain_m2=2.870 distance_m=2.000 turn_rad=0.780 revisit=0.000 score=0.494 selected=False
t=283.01s frontier_score cell=(147, 135) goal=(3.5, 4.7) gain_m2=4.500 distance_m=4.200 turn_rad=0.780 revisit=0.000 score=0.462 selected=False
t=283.01s frontier_score cell=(146, 155) goal=(5.5, 4.6000000000000005) gain_m2=4.430 distance_m=4.500 turn_rad=0.780 revisit=0.000 score=0.332 selected=True
t=283.01s state=MOVING mission=DISABLED front=1.85m pose=(+4.88, +1.90, +134.7deg) goal=(5.5, 4.6000000000000005) detections=1 located=0 targets=0 perception=WAIT_CALIBRATION
t=284.03s exploration known_area_m2=34.030 frontier_groups=205 reachable_candidates=256 goal=(5.500,4.600) odom_distance_m=20.011 reason=안전한 Frontier 후보 있음 selection_reason=구역 유지: 현재 목표 유지 goal_reached=N/A planning_failures=N/A
t=284.03s frontier_score cell=(130, 155) goal=(5.5, 3.0) gain_m2=3.160 distance_m=1.900 turn_rad=0.780 revisit=0.000 score=0.652 selected=False
t=284.03s frontier_score cell=(146, 155) goal=(5.5, 4.6000000000000005) gain_m2=4.430 distance_m=3.700 turn_rad=0.780 revisit=0.000 score=0.599 selected=True
t=284.03s frontier_score cell=(146, 154) goal=(5.4, 4.6000000000000005) gain_m2=4.260 distance_m=3.600 turn_rad=0.780 revisit=0.000 score=0.559 selected=False
t=284.03s frontier_score cell=(131, 154) goal=(5.4, 3.1) gain_m2=2.890 distance_m=1.900 turn_rad=0.780 revisit=0.000 score=0.536 selected=False
t=284.03s frontier_score cell=(117, 150) goal=(5.0, 1.7000000000000002) gain_m2=1.930 distance_m=0.300 turn_rad=2.361 revisit=0.000 score=0.505 selected=False
t=284.03s state=MOVING mission=DISABLED front=1.85m pose=(+4.88, +1.90, +134.7deg) goal=(5.5, 4.6000000000000005) detections=1 located=0 targets=0 perception=WAIT_CALIBRATION
t=285.06s exploration known_area_m2=34.460 frontier_groups=197 reachable_candidates=219 goal=(5.500,4.600) odom_distance_m=20.012 reason=안전한 Frontier 후보 있음 selection_reason=구역 유지: 현재 목표 유지 goal_reached=N/A planning_failures=N/A
t=285.06s frontier_score cell=(146, 155) goal=(5.5, 4.6000000000000005) gain_m2=4.420 distance_m=3.700 turn_rad=0.846 revisit=0.000 score=0.588 selected=True
t=285.06s frontier_score cell=(130, 155) goal=(5.5, 3.0) gain_m2=3.150 distance_m=2.100 turn_rad=0.846 revisit=0.000 score=0.575 selected=False
t=285.06s frontier_score cell=(146, 154) goal=(5.4, 4.6000000000000005) gain_m2=4.250 distance_m=3.600 turn_rad=0.846 revisit=0.000 score=0.549 selected=False
t=285.06s frontier_score cell=(145, 153) goal=(5.300000000000001, 4.5) gain_m2=3.880 distance_m=3.400 turn_rad=0.846 revisit=0.000 score=0.456 selected=False
t=285.06s frontier_score cell=(131, 154) goal=(5.4, 3.1) gain_m2=2.870 distance_m=2.100 turn_rad=0.846 revisit=0.000 score=0.455 selected=False
t=285.06s state=MOVING mission=DISABLED front=1.89m pose=(+4.88, +1.90, +131.5deg) goal=(5.5, 4.6000000000000005) detections=1 located=0 targets=0 perception=WAIT_CALIBRATION
t=285.06s map_saved=C:\Users\woosu\OneDrive\Desktop\hkton\controllers\tb3_teleop\maps\map.png
t=286.02s exploration known_area_m2=34.630 frontier_groups=189 reachable_candidates=213 goal=(5.500,4.600) odom_distance_m=20.012 reason=안전한 Frontier 후보 있음 selection_reason=구역 유지: 현재 목표 유지 goal_reached=N/A planning_failures=N/A
t=286.02s frontier_score cell=(130, 155) goal=(5.5, 3.0) gain_m2=3.130 distance_m=2.100 turn_rad=0.899 revisit=0.000 score=0.561 selected=False
t=286.02s frontier_score cell=(119, 150) goal=(5.0, 1.9000000000000001) gain_m2=1.690 distance_m=0.100 turn_rad=2.243 revisit=0.000 score=0.480 selected=False
t=286.02s frontier_score cell=(131, 154) goal=(5.4, 3.1) gain_m2=2.850 distance_m=2.100 turn_rad=0.899 revisit=0.000 score=0.441 selected=False
t=286.02s frontier_score cell=(132, 154) goal=(5.4, 3.2) gain_m2=2.840 distance_m=2.200 turn_rad=0.899 revisit=0.000 score=0.403 selected=False
t=286.02s frontier_score cell=(147, 135) goal=(3.5, 4.7) gain_m2=4.340 distance_m=4.200 turn_rad=0.899 revisit=0.000 score=0.382 selected=False
t=286.02s frontier_score cell=(146, 155) goal=(5.5, 4.6000000000000005) gain_m2=4.370 distance_m=4.700 turn_rad=0.899 revisit=0.000 score=0.228 selected=True
t=286.02s state=MOVING mission=DISABLED front=1.92m pose=(+4.88, +1.90, +128.5deg) goal=(5.5, 4.6000000000000005) detections=1 located=0 targets=0 perception=WAIT_CALIBRATION
t=287.04s exploration known_area_m2=34.690 frontier_groups=179 reachable_candidates=204 goal=(5.500,4.600) odom_distance_m=20.149 reason=안전한 Frontier 후보 있음 selection_reason=구역 유지: 현재 목표 유지 goal_reached=N/A planning_failures=N/A
t=287.04s frontier_score cell=(130, 155) goal=(5.5, 3.0) gain_m2=3.140 distance_m=2.100 turn_rad=0.915 revisit=0.000 score=0.564 selected=False
t=287.04s frontier_score cell=(119, 150) goal=(5.0, 1.9000000000000001) gain_m2=1.680 distance_m=0.100 turn_rad=2.227 revisit=0.000 score=0.477 selected=False
t=287.04s frontier_score cell=(131, 154) goal=(5.4, 3.1) gain_m2=2.860 distance_m=2.100 turn_rad=0.915 revisit=0.000 score=0.444 selected=False
t=287.04s frontier_score cell=(132, 154) goal=(5.4, 3.2) gain_m2=2.850 distance_m=2.200 turn_rad=0.915 revisit=0.000 score=0.406 selected=False
t=287.04s frontier_score cell=(147, 135) goal=(3.5, 4.7) gain_m2=4.310 distance_m=4.200 turn_rad=0.915 revisit=0.000 score=0.368 selected=False
t=287.04s frontier_score cell=(146, 155) goal=(5.5, 4.6000000000000005) gain_m2=4.380 distance_m=4.700 turn_rad=0.915 revisit=0.000 score=0.231 selected=True
t=287.04s state=MOVING mission=DISABLED front=1.92m pose=(+4.89, +1.87, +127.6deg) goal=(5.5, 4.6000000000000005) detections=1 located=0 targets=0 perception=WAIT_CALIBRATION
t=288.00s exploration known_area_m2=34.690 frontier_groups=179 reachable_candidates=207 goal=(5.500,4.600) odom_distance_m=20.149 reason=안전한 Frontier 후보 있음 selection_reason=구역 유지: 현재 목표 유지 goal_reached=N/A planning_failures=N/A
t=288.00s frontier_score cell=(130, 155) goal=(5.5, 3.0) gain_m2=3.130 distance_m=2.100 turn_rad=0.915 revisit=0.000 score=0.560 selected=False
t=288.00s frontier_score cell=(131, 154) goal=(5.4, 3.1) gain_m2=2.850 distance_m=2.100 turn_rad=0.915 revisit=0.000 score=0.439 selected=False
t=288.00s frontier_score cell=(132, 154) goal=(5.4, 3.2) gain_m2=2.840 distance_m=2.200 turn_rad=0.915 revisit=0.000 score=0.402 selected=False
t=288.00s frontier_score cell=(147, 135) goal=(3.5, 4.7) gain_m2=4.300 distance_m=4.200 turn_rad=0.915 revisit=0.000 score=0.363 selected=False
t=288.00s frontier_score cell=(146, 135) goal=(3.5, 4.6000000000000005) gain_m2=4.140 distance_m=4.100 turn_rad=0.915 revisit=0.000 score=0.328 selected=False
t=288.00s frontier_score cell=(146, 155) goal=(5.5, 4.6000000000000005) gain_m2=4.380 distance_m=4.700 turn_rad=0.915 revisit=0.000 score=0.231 selected=True
t=288.00s state=MOVING mission=DISABLED front=1.92m pose=(+4.89, +1.87, +127.6deg) goal=(5.5, 4.6000000000000005) detections=1 located=0 targets=0 perception=WAIT_CALIBRATION
t=289.02s exploration known_area_m2=34.730 frontier_groups=171 reachable_candidates=200 goal=(5.500,4.600) odom_distance_m=20.149 reason=안전한 Frontier 후보 있음 selection_reason=구역 유지: 현재 목표 유지 goal_reached=N/A planning_failures=N/A
t=289.02s frontier_score cell=(130, 155) goal=(5.5, 3.0) gain_m2=3.120 distance_m=2.100 turn_rad=0.915 revisit=0.000 score=0.556 selected=False
t=289.02s frontier_score cell=(131, 154) goal=(5.4, 3.1) gain_m2=2.840 distance_m=2.100 turn_rad=0.915 revisit=0.000 score=0.435 selected=False
t=289.02s frontier_score cell=(132, 154) goal=(5.4, 3.2) gain_m2=2.830 distance_m=2.200 turn_rad=0.915 revisit=0.000 score=0.397 selected=False
t=289.02s frontier_score cell=(147, 135) goal=(3.5, 4.7) gain_m2=4.290 distance_m=4.200 turn_rad=0.915 revisit=0.000 score=0.359 selected=False
t=289.02s frontier_score cell=(146, 135) goal=(3.5, 4.6000000000000005) gain_m2=4.130 distance_m=4.100 turn_rad=0.915 revisit=0.000 score=0.324 selected=False
t=289.02s frontier_score cell=(146, 155) goal=(5.5, 4.6000000000000005) gain_m2=4.360 distance_m=4.700 turn_rad=0.915 revisit=0.000 score=0.223 selected=True
t=289.02s state=MOVING mission=DISABLED front=1.91m pose=(+4.89, +1.87, +127.6deg) goal=(5.5, 4.6000000000000005) detections=1 located=0 targets=0 perception=WAIT_CALIBRATION
t=290.05s exploration known_area_m2=34.740 frontier_groups=172 reachable_candidates=200 goal=(5.500,4.600) odom_distance_m=20.149 reason=안전한 Frontier 후보 있음 selection_reason=구역 유지: 현재 목표 유지 goal_reached=N/A planning_failures=N/A
t=290.05s frontier_score cell=(130, 155) goal=(5.5, 3.0) gain_m2=3.120 distance_m=2.100 turn_rad=0.915 revisit=0.000 score=0.556 selected=False
t=290.05s frontier_score cell=(131, 154) goal=(5.4, 3.1) gain_m2=2.840 distance_m=2.100 turn_rad=0.915 revisit=0.000 score=0.435 selected=False
t=290.05s frontier_score cell=(132, 154) goal=(5.4, 3.2) gain_m2=2.830 distance_m=2.200 turn_rad=0.915 revisit=0.000 score=0.397 selected=False
t=290.05s frontier_score cell=(147, 135) goal=(3.5, 4.7) gain_m2=4.290 distance_m=4.200 turn_rad=0.915 revisit=0.000 score=0.359 selected=False
t=290.05s frontier_score cell=(146, 135) goal=(3.5, 4.6000000000000005) gain_m2=4.130 distance_m=4.100 turn_rad=0.915 revisit=0.000 score=0.324 selected=False
t=290.05s frontier_score cell=(146, 155) goal=(5.5, 4.6000000000000005) gain_m2=4.360 distance_m=4.700 turn_rad=0.915 revisit=0.000 score=0.223 selected=True
t=290.05s state=MOVING mission=DISABLED front=1.91m pose=(+4.89, +1.87, +127.6deg) goal=(5.5, 4.6000000000000005) detections=1 located=0 targets=0 perception=WAIT_CALIBRATION
t=290.05s map_saved=C:\Users\woosu\OneDrive\Desktop\hkton\controllers\tb3_teleop\maps\map.png
t=291.01s exploration known_area_m2=34.730 frontier_groups=172 reachable_candidates=202 goal=(5.500,4.600) odom_distance_m=20.149 reason=안전한 Frontier 후보 있음 selection_reason=구역 유지: 현재 목표 유지 goal_reached=N/A planning_failures=N/A
t=291.01s frontier_score cell=(130, 155) goal=(5.5, 3.0) gain_m2=3.120 distance_m=2.100 turn_rad=0.915 revisit=0.000 score=0.556 selected=False
t=291.01s frontier_score cell=(131, 154) goal=(5.4, 3.1) gain_m2=2.840 distance_m=2.100 turn_rad=0.915 revisit=0.000 score=0.435 selected=False
t=291.01s frontier_score cell=(132, 154) goal=(5.4, 3.2) gain_m2=2.830 distance_m=2.200 turn_rad=0.915 revisit=0.000 score=0.397 selected=False
t=291.01s frontier_score cell=(147, 135) goal=(3.5, 4.7) gain_m2=4.290 distance_m=4.200 turn_rad=0.915 revisit=0.000 score=0.359 selected=False
t=291.01s frontier_score cell=(146, 135) goal=(3.5, 4.6000000000000005) gain_m2=4.130 distance_m=4.100 turn_rad=0.915 revisit=0.000 score=0.324 selected=False
t=291.01s frontier_score cell=(146, 155) goal=(5.5, 4.6000000000000005) gain_m2=4.360 distance_m=4.700 turn_rad=0.915 revisit=0.000 score=0.223 selected=True
t=291.01s state=MOVING mission=DISABLED front=1.90m pose=(+4.89, +1.87, +127.6deg) goal=(5.5, 4.6000000000000005) detections=1 located=0 targets=0 perception=WAIT_CALIBRATION
t=292.03s exploration known_area_m2=34.690 frontier_groups=177 reachable_candidates=207 goal=(5.500,4.600) odom_distance_m=20.149 reason=안전한 Frontier 후보 있음 selection_reason=구역 유지: 현재 목표 유지 goal_reached=N/A planning_failures=N/A
t=292.03s frontier_score cell=(130, 155) goal=(5.5, 3.0) gain_m2=3.120 distance_m=2.100 turn_rad=0.915 revisit=0.000 score=0.556 selected=False
t=292.03s frontier_score cell=(131, 154) goal=(5.4, 3.1) gain_m2=2.840 distance_m=2.100 turn_rad=0.915 revisit=0.000 score=0.435 selected=False
t=292.03s frontier_score cell=(132, 154) goal=(5.4, 3.2) gain_m2=2.830 distance_m=2.200 turn_rad=0.915 revisit=0.000 score=0.397 selected=False
t=292.03s frontier_score cell=(147, 135) goal=(3.5, 4.7) gain_m2=4.300 distance_m=4.200 turn_rad=0.915 revisit=0.000 score=0.363 selected=False
t=292.03s frontier_score cell=(146, 135) goal=(3.5, 4.6000000000000005) gain_m2=4.140 distance_m=4.100 turn_rad=0.915 revisit=0.000 score=0.328 selected=False
t=292.03s frontier_score cell=(146, 155) goal=(5.5, 4.6000000000000005) gain_m2=4.360 distance_m=4.700 turn_rad=0.915 revisit=0.000 score=0.223 selected=True
t=292.03s state=MOVING mission=DISABLED front=1.91m pose=(+4.89, +1.87, +127.6deg) goal=(5.5, 4.6000000000000005) detections=1 located=0 targets=0 perception=WAIT_CALIBRATION
t=293.06s exploration known_area_m2=34.690 frontier_groups=177 reachable_candidates=209 goal=(5.500,4.600) odom_distance_m=20.149 reason=안전한 Frontier 후보 있음 selection_reason=구역 유지: 현재 목표 유지 goal_reached=N/A planning_failures=N/A
t=293.06s frontier_score cell=(130, 155) goal=(5.5, 3.0) gain_m2=3.120 distance_m=2.100 turn_rad=0.915 revisit=0.000 score=0.556 selected=False
t=293.06s frontier_score cell=(131, 154) goal=(5.4, 3.1) gain_m2=2.840 distance_m=2.100 turn_rad=0.915 revisit=0.000 score=0.435 selected=False
t=293.06s frontier_score cell=(132, 154) goal=(5.4, 3.2) gain_m2=2.830 distance_m=2.200 turn_rad=0.915 revisit=0.000 score=0.397 selected=False
t=293.06s frontier_score cell=(147, 135) goal=(3.5, 4.7) gain_m2=4.310 distance_m=4.200 turn_rad=0.915 revisit=0.000 score=0.368 selected=False
t=293.06s frontier_score cell=(146, 135) goal=(3.5, 4.6000000000000005) gain_m2=4.150 distance_m=4.100 turn_rad=0.915 revisit=0.000 score=0.332 selected=False
t=293.06s frontier_score cell=(146, 155) goal=(5.5, 4.6000000000000005) gain_m2=4.360 distance_m=4.700 turn_rad=0.915 revisit=0.000 score=0.223 selected=True
t=293.06s state=MOVING mission=DISABLED front=1.91m pose=(+4.89, +1.87, +127.6deg) goal=(5.5, 4.6000000000000005) detections=1 located=0 targets=0 perception=WAIT_CALIBRATION
t=294.02s exploration known_area_m2=34.690 frontier_groups=177 reachable_candidates=209 goal=(5.500,4.600) odom_distance_m=20.149 reason=안전한 Frontier 후보 있음 selection_reason=구역 유지: 현재 목표 유지 goal_reached=N/A planning_failures=N/A
t=294.02s frontier_score cell=(130, 155) goal=(5.5, 3.0) gain_m2=3.120 distance_m=2.100 turn_rad=0.915 revisit=0.000 score=0.556 selected=False
t=294.02s frontier_score cell=(131, 154) goal=(5.4, 3.1) gain_m2=2.840 distance_m=2.100 turn_rad=0.915 revisit=0.000 score=0.435 selected=False
t=294.02s frontier_score cell=(132, 154) goal=(5.4, 3.2) gain_m2=2.830 distance_m=2.200 turn_rad=0.915 revisit=0.000 score=0.397 selected=False
t=294.02s frontier_score cell=(147, 135) goal=(3.5, 4.7) gain_m2=4.310 distance_m=4.200 turn_rad=0.915 revisit=0.000 score=0.368 selected=False
t=294.02s frontier_score cell=(146, 135) goal=(3.5, 4.6000000000000005) gain_m2=4.150 distance_m=4.100 turn_rad=0.915 revisit=0.000 score=0.332 selected=False
t=294.02s frontier_score cell=(146, 155) goal=(5.5, 4.6000000000000005) gain_m2=4.360 distance_m=4.700 turn_rad=0.915 revisit=0.000 score=0.223 selected=True
t=294.02s state=MOVING mission=DISABLED front=1.90m pose=(+4.89, +1.87, +127.6deg) goal=(5.5, 4.6000000000000005) detections=1 located=0 targets=0 perception=WAIT_CALIBRATION
t=295.04s exploration known_area_m2=34.710 frontier_groups=175 reachable_candidates=206 goal=(5.500,4.600) odom_distance_m=20.149 reason=안전한 Frontier 후보 있음 selection_reason=구역 유지: 현재 목표 유지 goal_reached=N/A planning_failures=N/A
t=295.04s frontier_score cell=(130, 155) goal=(5.5, 3.0) gain_m2=3.120 distance_m=2.100 turn_rad=0.915 revisit=0.000 score=0.556 selected=False
t=295.04s frontier_score cell=(131, 154) goal=(5.4, 3.1) gain_m2=2.840 distance_m=2.100 turn_rad=0.915 revisit=0.000 score=0.435 selected=False
t=295.04s frontier_score cell=(132, 154) goal=(5.4, 3.2) gain_m2=2.830 distance_m=2.200 turn_rad=0.915 revisit=0.000 score=0.397 selected=False
t=295.04s frontier_score cell=(147, 135) goal=(3.5, 4.7) gain_m2=4.310 distance_m=4.200 turn_rad=0.915 revisit=0.000 score=0.368 selected=False
t=295.04s frontier_score cell=(146, 135) goal=(3.5, 4.6000000000000005) gain_m2=4.150 distance_m=4.100 turn_rad=0.915 revisit=0.000 score=0.332 selected=False
t=295.04s frontier_score cell=(146, 155) goal=(5.5, 4.6000000000000005) gain_m2=4.360 distance_m=4.700 turn_rad=0.915 revisit=0.000 score=0.223 selected=True
t=295.04s state=MOVING mission=DISABLED front=1.91m pose=(+4.89, +1.87, +127.6deg) goal=(5.5, 4.6000000000000005) detections=1 located=0 targets=0 perception=WAIT_CALIBRATION
t=295.04s map_saved=C:\Users\woosu\OneDrive\Desktop\hkton\controllers\tb3_teleop\maps\map.png
t=296.00s exploration known_area_m2=34.720 frontier_groups=174 reachable_candidates=205 goal=(5.500,4.600) odom_distance_m=20.149 reason=안전한 Frontier 후보 있음 selection_reason=구역 유지: 현재 목표 유지 goal_reached=N/A planning_failures=N/A
t=296.00s frontier_score cell=(130, 155) goal=(5.5, 3.0) gain_m2=3.120 distance_m=2.100 turn_rad=0.915 revisit=0.000 score=0.556 selected=False
t=296.00s frontier_score cell=(131, 154) goal=(5.4, 3.1) gain_m2=2.840 distance_m=2.100 turn_rad=0.915 revisit=0.000 score=0.435 selected=False
t=296.00s frontier_score cell=(132, 154) goal=(5.4, 3.2) gain_m2=2.830 distance_m=2.200 turn_rad=0.915 revisit=0.000 score=0.397 selected=False
t=296.00s frontier_score cell=(147, 135) goal=(3.5, 4.7) gain_m2=4.300 distance_m=4.200 turn_rad=0.915 revisit=0.000 score=0.363 selected=False
t=296.00s frontier_score cell=(146, 135) goal=(3.5, 4.6000000000000005) gain_m2=4.140 distance_m=4.100 turn_rad=0.915 revisit=0.000 score=0.328 selected=False
t=296.00s frontier_score cell=(146, 155) goal=(5.5, 4.6000000000000005) gain_m2=4.360 distance_m=4.700 turn_rad=0.915 revisit=0.000 score=0.223 selected=True
t=296.00s state=MOVING mission=DISABLED front=1.91m pose=(+4.89, +1.87, +127.6deg) goal=(5.5, 4.6000000000000005) detections=1 located=0 targets=0 perception=WAIT_CALIBRATION
t=297.02s exploration known_area_m2=34.730 frontier_groups=174 reachable_candidates=204 goal=(5.500,4.600) odom_distance_m=20.149 reason=안전한 Frontier 후보 있음 selection_reason=구역 유지: 현재 목표 유지 goal_reached=N/A planning_failures=N/A
t=297.02s frontier_score cell=(130, 155) goal=(5.5, 3.0) gain_m2=3.120 distance_m=2.100 turn_rad=0.915 revisit=0.000 score=0.556 selected=False
t=297.02s frontier_score cell=(131, 154) goal=(5.4, 3.1) gain_m2=2.840 distance_m=2.100 turn_rad=0.915 revisit=0.000 score=0.435 selected=False
t=297.02s frontier_score cell=(132, 154) goal=(5.4, 3.2) gain_m2=2.830 distance_m=2.200 turn_rad=0.915 revisit=0.000 score=0.397 selected=False
t=297.02s frontier_score cell=(147, 135) goal=(3.5, 4.7) gain_m2=4.290 distance_m=4.200 turn_rad=0.915 revisit=0.000 score=0.359 selected=False
t=297.02s frontier_score cell=(146, 135) goal=(3.5, 4.6000000000000005) gain_m2=4.130 distance_m=4.100 turn_rad=0.915 revisit=0.000 score=0.324 selected=False
t=297.02s frontier_score cell=(146, 155) goal=(5.5, 4.6000000000000005) gain_m2=4.360 distance_m=4.700 turn_rad=0.915 revisit=0.000 score=0.223 selected=True
t=297.02s state=MOVING mission=DISABLED front=1.91m pose=(+4.89, +1.87, +127.6deg) goal=(5.5, 4.6000000000000005) detections=1 located=0 targets=0 perception=WAIT_CALIBRATION
t=298.05s exploration known_area_m2=34.720 frontier_groups=177 reachable_candidates=206 goal=(5.500,4.600) odom_distance_m=20.149 reason=안전한 Frontier 후보 있음 selection_reason=구역 유지: 현재 목표 유지 goal_reached=N/A planning_failures=N/A
t=298.05s frontier_score cell=(130, 155) goal=(5.5, 3.0) gain_m2=3.120 distance_m=2.100 turn_rad=0.915 revisit=0.000 score=0.556 selected=False
t=298.05s frontier_score cell=(131, 154) goal=(5.4, 3.1) gain_m2=2.840 distance_m=2.100 turn_rad=0.915 revisit=0.000 score=0.435 selected=False
t=298.05s frontier_score cell=(132, 154) goal=(5.4, 3.2) gain_m2=2.830 distance_m=2.200 turn_rad=0.915 revisit=0.000 score=0.397 selected=False
t=298.05s frontier_score cell=(147, 135) goal=(3.5, 4.7) gain_m2=4.290 distance_m=4.200 turn_rad=0.915 revisit=0.000 score=0.359 selected=False
t=298.05s frontier_score cell=(146, 135) goal=(3.5, 4.6000000000000005) gain_m2=4.130 distance_m=4.100 turn_rad=0.915 revisit=0.000 score=0.324 selected=False
t=298.05s frontier_score cell=(146, 155) goal=(5.5, 4.6000000000000005) gain_m2=4.360 distance_m=4.700 turn_rad=0.915 revisit=0.000 score=0.223 selected=True
t=298.05s state=MOVING mission=DISABLED front=1.91m pose=(+4.89, +1.87, +127.6deg) goal=(5.5, 4.6000000000000005) detections=1 located=0 targets=0 perception=WAIT_CALIBRATION
t=299.01s exploration known_area_m2=34.720 frontier_groups=177 reachable_candidates=206 goal=(5.500,4.600) odom_distance_m=20.149 reason=안전한 Frontier 후보 있음 selection_reason=구역 유지: 현재 목표 유지 goal_reached=N/A planning_failures=N/A
t=299.01s frontier_score cell=(130, 155) goal=(5.5, 3.0) gain_m2=3.120 distance_m=2.100 turn_rad=0.915 revisit=0.000 score=0.556 selected=False
t=299.01s frontier_score cell=(131, 154) goal=(5.4, 3.1) gain_m2=2.840 distance_m=2.100 turn_rad=0.915 revisit=0.000 score=0.435 selected=False
t=299.01s frontier_score cell=(132, 154) goal=(5.4, 3.2) gain_m2=2.830 distance_m=2.200 turn_rad=0.915 revisit=0.000 score=0.397 selected=False
t=299.01s frontier_score cell=(147, 135) goal=(3.5, 4.7) gain_m2=4.290 distance_m=4.200 turn_rad=0.915 revisit=0.000 score=0.359 selected=False
t=299.01s frontier_score cell=(146, 135) goal=(3.5, 4.6000000000000005) gain_m2=4.130 distance_m=4.100 turn_rad=0.915 revisit=0.000 score=0.324 selected=False
t=299.01s frontier_score cell=(146, 155) goal=(5.5, 4.6000000000000005) gain_m2=4.360 distance_m=4.700 turn_rad=0.915 revisit=0.000 score=0.223 selected=True
t=299.01s state=MOVING mission=DISABLED front=1.90m pose=(+4.89, +1.87, +127.6deg) goal=(5.5, 4.6000000000000005) detections=1 located=0 targets=0 perception=WAIT_CALIBRATION
t=300.03s exploration known_area_m2=34.720 frontier_groups=177 reachable_candidates=206 goal=(5.500,4.600) odom_distance_m=20.149 reason=안전한 Frontier 후보 있음 selection_reason=구역 유지: 현재 목표 유지 goal_reached=N/A planning_failures=N/A
t=300.03s frontier_score cell=(130, 155) goal=(5.5, 3.0) gain_m2=3.120 distance_m=2.100 turn_rad=0.915 revisit=0.000 score=0.556 selected=False
t=300.03s frontier_score cell=(131, 154) goal=(5.4, 3.1) gain_m2=2.840 distance_m=2.100 turn_rad=0.915 revisit=0.000 score=0.435 selected=False
t=300.03s frontier_score cell=(132, 154) goal=(5.4, 3.2) gain_m2=2.830 distance_m=2.200 turn_rad=0.915 revisit=0.000 score=0.397 selected=False
t=300.03s frontier_score cell=(147, 135) goal=(3.5, 4.7) gain_m2=4.290 distance_m=4.200 turn_rad=0.915 revisit=0.000 score=0.359 selected=False
t=300.03s frontier_score cell=(146, 135) goal=(3.5, 4.6000000000000005) gain_m2=4.130 distance_m=4.100 turn_rad=0.915 revisit=0.000 score=0.324 selected=False
t=300.03s frontier_score cell=(146, 155) goal=(5.5, 4.6000000000000005) gain_m2=4.360 distance_m=4.700 turn_rad=0.915 revisit=0.000 score=0.223 selected=True
t=300.03s state=MOVING mission=DISABLED front=1.91m pose=(+4.89, +1.87, +127.6deg) goal=(5.5, 4.6000000000000005) detections=1 located=0 targets=0 perception=WAIT_CALIBRATION
t=300.03s map_saved=C:\Users\woosu\OneDrive\Desktop\hkton\controllers\tb3_teleop\maps\map.png
t=301.06s exploration known_area_m2=34.720 frontier_groups=177 reachable_candidates=206 goal=(5.500,4.600) odom_distance_m=20.149 reason=안전한 Frontier 후보 있음 selection_reason=구역 유지: 현재 목표 유지 goal_reached=N/A planning_failures=N/A
t=301.06s frontier_score cell=(130, 155) goal=(5.5, 3.0) gain_m2=3.120 distance_m=2.100 turn_rad=0.915 revisit=0.000 score=0.556 selected=False
t=301.06s frontier_score cell=(131, 154) goal=(5.4, 3.1) gain_m2=2.840 distance_m=2.100 turn_rad=0.915 revisit=0.000 score=0.435 selected=False
t=301.06s frontier_score cell=(132, 154) goal=(5.4, 3.2) gain_m2=2.830 distance_m=2.200 turn_rad=0.915 revisit=0.000 score=0.397 selected=False
t=301.06s frontier_score cell=(147, 135) goal=(3.5, 4.7) gain_m2=4.290 distance_m=4.200 turn_rad=0.915 revisit=0.000 score=0.359 selected=False
t=301.06s frontier_score cell=(146, 135) goal=(3.5, 4.6000000000000005) gain_m2=4.130 distance_m=4.100 turn_rad=0.915 revisit=0.000 score=0.324 selected=False
t=301.06s frontier_score cell=(146, 155) goal=(5.5, 4.6000000000000005) gain_m2=4.360 distance_m=4.700 turn_rad=0.915 revisit=0.000 score=0.223 selected=True
t=301.06s state=MOVING mission=DISABLED front=1.91m pose=(+4.89, +1.87, +127.6deg) goal=(5.5, 4.6000000000000005) detections=1 located=0 targets=0 perception=WAIT_CALIBRATION
t=302.02s exploration known_area_m2=34.720 frontier_groups=177 reachable_candidates=206 goal=(5.500,4.600) odom_distance_m=20.149 reason=안전한 Frontier 후보 있음 selection_reason=구역 유지: 현재 목표 유지 goal_reached=N/A planning_failures=N/A
t=302.02s frontier_score cell=(130, 155) goal=(5.5, 3.0) gain_m2=3.120 distance_m=2.100 turn_rad=0.915 revisit=0.000 score=0.556 selected=False
t=302.02s frontier_score cell=(131, 154) goal=(5.4, 3.1) gain_m2=2.840 distance_m=2.100 turn_rad=0.915 revisit=0.000 score=0.435 selected=False
t=302.02s frontier_score cell=(132, 154) goal=(5.4, 3.2) gain_m2=2.830 distance_m=2.200 turn_rad=0.915 revisit=0.000 score=0.397 selected=False
t=302.02s frontier_score cell=(147, 135) goal=(3.5, 4.7) gain_m2=4.290 distance_m=4.200 turn_rad=0.915 revisit=0.000 score=0.359 selected=False
t=302.02s frontier_score cell=(146, 135) goal=(3.5, 4.6000000000000005) gain_m2=4.130 distance_m=4.100 turn_rad=0.915 revisit=0.000 score=0.324 selected=False
t=302.02s frontier_score cell=(146, 155) goal=(5.5, 4.6000000000000005) gain_m2=4.360 distance_m=4.700 turn_rad=0.915 revisit=0.000 score=0.223 selected=True
t=302.02s state=MOVING mission=DISABLED front=1.90m pose=(+4.89, +1.87, +127.6deg) goal=(5.5, 4.6000000000000005) detections=1 located=0 targets=0 perception=WAIT_CALIBRATION
t=303.04s exploration known_area_m2=34.730 frontier_groups=174 reachable_candidates=203 goal=(5.500,4.600) odom_distance_m=20.149 reason=안전한 Frontier 후보 있음 selection_reason=구역 유지: 현재 목표 유지 goal_reached=N/A planning_failures=N/A
t=303.04s frontier_score cell=(130, 155) goal=(5.5, 3.0) gain_m2=3.120 distance_m=2.100 turn_rad=0.915 revisit=0.000 score=0.556 selected=False
t=303.04s frontier_score cell=(131, 154) goal=(5.4, 3.1) gain_m2=2.840 distance_m=2.100 turn_rad=0.915 revisit=0.000 score=0.435 selected=False
t=303.04s frontier_score cell=(132, 154) goal=(5.4, 3.2) gain_m2=2.830 distance_m=2.200 turn_rad=0.915 revisit=0.000 score=0.397 selected=False
t=303.04s frontier_score cell=(147, 135) goal=(3.5, 4.7) gain_m2=4.290 distance_m=4.200 turn_rad=0.915 revisit=0.000 score=0.359 selected=False
t=303.04s frontier_score cell=(146, 135) goal=(3.5, 4.6000000000000005) gain_m2=4.130 distance_m=4.100 turn_rad=0.915 revisit=0.000 score=0.324 selected=False
t=303.04s frontier_score cell=(146, 155) goal=(5.5, 4.6000000000000005) gain_m2=4.360 distance_m=4.700 turn_rad=0.915 revisit=0.000 score=0.223 selected=True
t=303.04s state=MOVING mission=DISABLED front=1.91m pose=(+4.89, +1.87, +127.6deg) goal=(5.5, 4.6000000000000005) detections=1 located=0 targets=0 perception=WAIT_CALIBRATION
t=304.00s exploration known_area_m2=34.730 frontier_groups=174 reachable_candidates=203 goal=(5.500,4.600) odom_distance_m=20.149 reason=안전한 Frontier 후보 있음 selection_reason=구역 유지: 현재 목표 유지 goal_reached=N/A planning_failures=N/A
t=304.00s frontier_score cell=(130, 155) goal=(5.5, 3.0) gain_m2=3.120 distance_m=2.100 turn_rad=0.915 revisit=0.000 score=0.556 selected=False
t=304.00s frontier_score cell=(131, 154) goal=(5.4, 3.1) gain_m2=2.840 distance_m=2.100 turn_rad=0.915 revisit=0.000 score=0.435 selected=False
t=304.00s frontier_score cell=(132, 154) goal=(5.4, 3.2) gain_m2=2.830 distance_m=2.200 turn_rad=0.915 revisit=0.000 score=0.397 selected=False
t=304.00s frontier_score cell=(147, 135) goal=(3.5, 4.7) gain_m2=4.290 distance_m=4.200 turn_rad=0.915 revisit=0.000 score=0.359 selected=False
t=304.00s frontier_score cell=(146, 135) goal=(3.5, 4.6000000000000005) gain_m2=4.130 distance_m=4.100 turn_rad=0.915 revisit=0.000 score=0.324 selected=False
t=304.00s frontier_score cell=(146, 155) goal=(5.5, 4.6000000000000005) gain_m2=4.360 distance_m=4.700 turn_rad=0.915 revisit=0.000 score=0.223 selected=True
t=304.00s state=MOVING mission=DISABLED front=1.91m pose=(+4.89, +1.87, +127.6deg) goal=(5.5, 4.6000000000000005) detections=1 located=0 targets=0 perception=WAIT_CALIBRATION
t=305.02s exploration known_area_m2=34.720 frontier_groups=177 reachable_candidates=206 goal=(5.500,4.600) odom_distance_m=20.149 reason=안전한 Frontier 후보 있음 selection_reason=구역 유지: 현재 목표 유지 goal_reached=N/A planning_failures=N/A
t=305.02s frontier_score cell=(130, 155) goal=(5.5, 3.0) gain_m2=3.120 distance_m=2.100 turn_rad=0.915 revisit=0.000 score=0.556 selected=False
t=305.02s frontier_score cell=(131, 154) goal=(5.4, 3.1) gain_m2=2.840 distance_m=2.100 turn_rad=0.915 revisit=0.000 score=0.435 selected=False
t=305.02s frontier_score cell=(132, 154) goal=(5.4, 3.2) gain_m2=2.830 distance_m=2.200 turn_rad=0.915 revisit=0.000 score=0.397 selected=False
t=305.02s frontier_score cell=(147, 135) goal=(3.5, 4.7) gain_m2=4.290 distance_m=4.200 turn_rad=0.915 revisit=0.000 score=0.359 selected=False
t=305.02s frontier_score cell=(146, 135) goal=(3.5, 4.6000000000000005) gain_m2=4.130 distance_m=4.100 turn_rad=0.915 revisit=0.000 score=0.324 selected=False
t=305.02s frontier_score cell=(146, 155) goal=(5.5, 4.6000000000000005) gain_m2=4.360 distance_m=4.700 turn_rad=0.915 revisit=0.000 score=0.223 selected=True
t=305.02s state=MOVING mission=DISABLED front=1.91m pose=(+4.89, +1.87, +127.6deg) goal=(5.5, 4.6000000000000005) detections=1 located=0 targets=0 perception=WAIT_CALIBRATION
t=305.02s map_saved=C:\Users\woosu\OneDrive\Desktop\hkton\controllers\tb3_teleop\maps\map.png
t=306.05s exploration known_area_m2=34.730 frontier_groups=174 reachable_candidates=203 goal=(5.500,4.600) odom_distance_m=20.149 reason=안전한 Frontier 후보 있음 selection_reason=구역 유지: 현재 목표 유지 goal_reached=N/A planning_failures=N/A
t=306.05s frontier_score cell=(130, 155) goal=(5.5, 3.0) gain_m2=3.120 distance_m=2.100 turn_rad=0.915 revisit=0.000 score=0.556 selected=False
t=306.05s frontier_score cell=(131, 154) goal=(5.4, 3.1) gain_m2=2.840 distance_m=2.100 turn_rad=0.915 revisit=0.000 score=0.435 selected=False
t=306.05s frontier_score cell=(132, 154) goal=(5.4, 3.2) gain_m2=2.830 distance_m=2.200 turn_rad=0.915 revisit=0.000 score=0.397 selected=False
t=306.05s frontier_score cell=(147, 135) goal=(3.5, 4.7) gain_m2=4.290 distance_m=4.200 turn_rad=0.915 revisit=0.000 score=0.359 selected=False
t=306.05s frontier_score cell=(146, 135) goal=(3.5, 4.6000000000000005) gain_m2=4.130 distance_m=4.100 turn_rad=0.915 revisit=0.000 score=0.324 selected=False
t=306.05s frontier_score cell=(146, 155) goal=(5.5, 4.6000000000000005) gain_m2=4.360 distance_m=4.700 turn_rad=0.915 revisit=0.000 score=0.223 selected=True
t=306.05s state=MOVING mission=DISABLED front=1.91m pose=(+4.89, +1.87, +127.6deg) goal=(5.5, 4.6000000000000005) detections=1 located=0 targets=0 perception=WAIT_CALIBRATION
t=307.01s exploration known_area_m2=34.730 frontier_groups=174 reachable_candidates=203 goal=(5.500,4.600) odom_distance_m=20.149 reason=안전한 Frontier 후보 있음 selection_reason=구역 유지: 현재 목표 유지 goal_reached=N/A planning_failures=N/A
t=307.01s frontier_score cell=(130, 155) goal=(5.5, 3.0) gain_m2=3.120 distance_m=2.100 turn_rad=0.915 revisit=0.000 score=0.556 selected=False
t=307.01s frontier_score cell=(131, 154) goal=(5.4, 3.1) gain_m2=2.840 distance_m=2.100 turn_rad=0.915 revisit=0.000 score=0.435 selected=False
t=307.01s frontier_score cell=(132, 154) goal=(5.4, 3.2) gain_m2=2.830 distance_m=2.200 turn_rad=0.915 revisit=0.000 score=0.397 selected=False
t=307.01s frontier_score cell=(147, 135) goal=(3.5, 4.7) gain_m2=4.290 distance_m=4.200 turn_rad=0.915 revisit=0.000 score=0.359 selected=False
t=307.01s frontier_score cell=(146, 135) goal=(3.5, 4.6000000000000005) gain_m2=4.130 distance_m=4.100 turn_rad=0.915 revisit=0.000 score=0.324 selected=False
t=307.01s frontier_score cell=(146, 155) goal=(5.5, 4.6000000000000005) gain_m2=4.360 distance_m=4.700 turn_rad=0.915 revisit=0.000 score=0.223 selected=True
t=307.01s state=MOVING mission=DISABLED front=1.91m pose=(+4.89, +1.87, +127.6deg) goal=(5.5, 4.6000000000000005) detections=1 located=0 targets=0 perception=WAIT_CALIBRATION
t=308.03s exploration known_area_m2=34.730 frontier_groups=174 reachable_candidates=203 goal=(5.500,4.600) odom_distance_m=20.149 reason=안전한 Frontier 후보 있음 selection_reason=구역 유지: 현재 목표 유지 goal_reached=N/A planning_failures=N/A
t=308.03s frontier_score cell=(130, 155) goal=(5.5, 3.0) gain_m2=3.120 distance_m=2.100 turn_rad=0.915 revisit=0.000 score=0.556 selected=False
t=308.03s frontier_score cell=(131, 154) goal=(5.4, 3.1) gain_m2=2.840 distance_m=2.100 turn_rad=0.915 revisit=0.000 score=0.435 selected=False
t=308.03s frontier_score cell=(132, 154) goal=(5.4, 3.2) gain_m2=2.830 distance_m=2.200 turn_rad=0.915 revisit=0.000 score=0.397 selected=False
t=308.03s frontier_score cell=(147, 135) goal=(3.5, 4.7) gain_m2=4.290 distance_m=4.200 turn_rad=0.915 revisit=0.000 score=0.359 selected=False
t=308.03s frontier_score cell=(146, 135) goal=(3.5, 4.6000000000000005) gain_m2=4.130 distance_m=4.100 turn_rad=0.915 revisit=0.000 score=0.324 selected=False
t=308.03s frontier_score cell=(146, 155) goal=(5.5, 4.6000000000000005) gain_m2=4.360 distance_m=4.700 turn_rad=0.915 revisit=0.000 score=0.223 selected=True
t=308.03s state=MOVING mission=DISABLED front=1.90m pose=(+4.89, +1.87, +127.6deg) goal=(5.5, 4.6000000000000005) detections=1 located=0 targets=0 perception=WAIT_CALIBRATION
t=309.06s exploration known_area_m2=34.730 frontier_groups=174 reachable_candidates=203 goal=(5.500,4.600) odom_distance_m=20.149 reason=안전한 Frontier 후보 있음 selection_reason=구역 유지: 현재 목표 유지 goal_reached=N/A planning_failures=N/A
t=309.06s frontier_score cell=(130, 155) goal=(5.5, 3.0) gain_m2=3.120 distance_m=2.100 turn_rad=0.915 revisit=0.000 score=0.556 selected=False
t=309.06s frontier_score cell=(131, 154) goal=(5.4, 3.1) gain_m2=2.840 distance_m=2.100 turn_rad=0.915 revisit=0.000 score=0.435 selected=False
t=309.06s frontier_score cell=(132, 154) goal=(5.4, 3.2) gain_m2=2.830 distance_m=2.200 turn_rad=0.915 revisit=0.000 score=0.397 selected=False
t=309.06s frontier_score cell=(147, 135) goal=(3.5, 4.7) gain_m2=4.290 distance_m=4.200 turn_rad=0.915 revisit=0.000 score=0.359 selected=False
t=309.06s frontier_score cell=(146, 135) goal=(3.5, 4.6000000000000005) gain_m2=4.130 distance_m=4.100 turn_rad=0.915 revisit=0.000 score=0.324 selected=False
t=309.06s frontier_score cell=(146, 155) goal=(5.5, 4.6000000000000005) gain_m2=4.360 distance_m=4.700 turn_rad=0.915 revisit=0.000 score=0.223 selected=True
t=309.06s state=MOVING mission=DISABLED front=1.91m pose=(+4.89, +1.87, +127.6deg) goal=(5.5, 4.6000000000000005) detections=1 located=0 targets=0 perception=WAIT_CALIBRATION
t=310.02s exploration known_area_m2=34.730 frontier_groups=174 reachable_candidates=203 goal=(5.500,4.600) odom_distance_m=20.149 reason=안전한 Frontier 후보 있음 selection_reason=구역 유지: 현재 목표 유지 goal_reached=N/A planning_failures=N/A
t=310.02s frontier_score cell=(130, 155) goal=(5.5, 3.0) gain_m2=3.120 distance_m=2.100 turn_rad=0.915 revisit=0.000 score=0.556 selected=False
t=310.02s frontier_score cell=(131, 154) goal=(5.4, 3.1) gain_m2=2.840 distance_m=2.100 turn_rad=0.915 revisit=0.000 score=0.435 selected=False
t=310.02s frontier_score cell=(132, 154) goal=(5.4, 3.2) gain_m2=2.830 distance_m=2.200 turn_rad=0.915 revisit=0.000 score=0.397 selected=False
t=310.02s frontier_score cell=(147, 135) goal=(3.5, 4.7) gain_m2=4.290 distance_m=4.200 turn_rad=0.915 revisit=0.000 score=0.359 selected=False
t=310.02s frontier_score cell=(146, 135) goal=(3.5, 4.6000000000000005) gain_m2=4.130 distance_m=4.100 turn_rad=0.915 revisit=0.000 score=0.324 selected=False
t=310.02s frontier_score cell=(146, 155) goal=(5.5, 4.6000000000000005) gain_m2=4.360 distance_m=4.700 turn_rad=0.915 revisit=0.000 score=0.223 selected=True
t=310.02s state=MOVING mission=DISABLED front=1.91m pose=(+4.89, +1.87, +127.6deg) goal=(5.5, 4.6000000000000005) detections=1 located=0 targets=0 perception=WAIT_CALIBRATION
t=310.02s map_saved=C:\Users\woosu\OneDrive\Desktop\hkton\controllers\tb3_teleop\maps\map.png
t=311.04s exploration known_area_m2=34.740 frontier_groups=171 reachable_candidates=201 goal=(5.500,4.600) odom_distance_m=20.149 reason=안전한 Frontier 후보 있음 selection_reason=구역 유지: 현재 목표 유지 goal_reached=N/A planning_failures=N/A
t=311.04s frontier_score cell=(130, 155) goal=(5.5, 3.0) gain_m2=3.120 distance_m=2.100 turn_rad=0.915 revisit=0.000 score=0.556 selected=False
t=311.04s frontier_score cell=(131, 154) goal=(5.4, 3.1) gain_m2=2.840 distance_m=2.100 turn_rad=0.915 revisit=0.000 score=0.435 selected=False
t=311.04s frontier_score cell=(132, 154) goal=(5.4, 3.2) gain_m2=2.830 distance_m=2.200 turn_rad=0.915 revisit=0.000 score=0.397 selected=False
t=311.04s frontier_score cell=(147, 135) goal=(3.5, 4.7) gain_m2=4.290 distance_m=4.200 turn_rad=0.915 revisit=0.000 score=0.359 selected=False
t=311.04s frontier_score cell=(146, 135) goal=(3.5, 4.6000000000000005) gain_m2=4.130 distance_m=4.100 turn_rad=0.915 revisit=0.000 score=0.324 selected=False
t=311.04s frontier_score cell=(146, 155) goal=(5.5, 4.6000000000000005) gain_m2=4.360 distance_m=4.700 turn_rad=0.915 revisit=0.000 score=0.223 selected=True
t=311.04s state=MOVING mission=DISABLED front=1.91m pose=(+4.89, +1.87, +127.6deg) goal=(5.5, 4.6000000000000005) detections=1 located=0 targets=0 perception=WAIT_CALIBRATION
t=312.00s exploration known_area_m2=34.740 frontier_groups=171 reachable_candidates=201 goal=(5.500,4.600) odom_distance_m=20.149 reason=안전한 Frontier 후보 있음 selection_reason=구역 유지: 현재 목표 유지 goal_reached=N/A planning_failures=N/A
t=312.00s frontier_score cell=(130, 155) goal=(5.5, 3.0) gain_m2=3.120 distance_m=2.100 turn_rad=0.915 revisit=0.000 score=0.556 selected=False
t=312.00s frontier_score cell=(131, 154) goal=(5.4, 3.1) gain_m2=2.840 distance_m=2.100 turn_rad=0.915 revisit=0.000 score=0.435 selected=False
t=312.00s frontier_score cell=(132, 154) goal=(5.4, 3.2) gain_m2=2.830 distance_m=2.200 turn_rad=0.915 revisit=0.000 score=0.397 selected=False
t=312.00s frontier_score cell=(147, 135) goal=(3.5, 4.7) gain_m2=4.290 distance_m=4.200 turn_rad=0.915 revisit=0.000 score=0.359 selected=False
t=312.00s frontier_score cell=(146, 135) goal=(3.5, 4.6000000000000005) gain_m2=4.130 distance_m=4.100 turn_rad=0.915 revisit=0.000 score=0.324 selected=False
t=312.00s frontier_score cell=(146, 155) goal=(5.5, 4.6000000000000005) gain_m2=4.360 distance_m=4.700 turn_rad=0.915 revisit=0.000 score=0.223 selected=True
t=312.00s state=MOVING mission=DISABLED front=1.91m pose=(+4.89, +1.87, +127.6deg) goal=(5.5, 4.6000000000000005) detections=2 located=0 targets=0 perception=WAIT_CALIBRATION
t=313.02s exploration known_area_m2=34.740 frontier_groups=171 reachable_candidates=201 goal=(5.500,4.600) odom_distance_m=20.149 reason=안전한 Frontier 후보 있음 selection_reason=구역 유지: 현재 목표 유지 goal_reached=N/A planning_failures=N/A
t=313.02s frontier_score cell=(130, 155) goal=(5.5, 3.0) gain_m2=3.120 distance_m=2.100 turn_rad=0.915 revisit=0.000 score=0.556 selected=False
t=313.02s frontier_score cell=(131, 154) goal=(5.4, 3.1) gain_m2=2.840 distance_m=2.100 turn_rad=0.915 revisit=0.000 score=0.435 selected=False
t=313.02s frontier_score cell=(132, 154) goal=(5.4, 3.2) gain_m2=2.830 distance_m=2.200 turn_rad=0.915 revisit=0.000 score=0.397 selected=False
t=313.02s frontier_score cell=(147, 135) goal=(3.5, 4.7) gain_m2=4.290 distance_m=4.200 turn_rad=0.915 revisit=0.000 score=0.359 selected=False
t=313.02s frontier_score cell=(146, 135) goal=(3.5, 4.6000000000000005) gain_m2=4.130 distance_m=4.100 turn_rad=0.915 revisit=0.000 score=0.324 selected=False
t=313.02s frontier_score cell=(146, 155) goal=(5.5, 4.6000000000000005) gain_m2=4.360 distance_m=4.700 turn_rad=0.915 revisit=0.000 score=0.223 selected=True
t=313.02s state=MOVING mission=DISABLED front=1.91m pose=(+4.89, +1.87, +127.6deg) goal=(5.5, 4.6000000000000005) detections=2 located=0 targets=0 perception=WAIT_CALIBRATION
t=313.22s goal_change=(5.5, 4.6000000000000005)->(5.5, 3.0) reason=호출자가 목표를 변경함
t=314.05s exploration known_area_m2=34.730 frontier_groups=171 reachable_candidates=201 goal=(5.500,3.000) odom_distance_m=20.150 reason=안전한 Frontier 후보 있음 selection_reason=구역 유지: 현재 목표 유지 goal_reached=N/A planning_failures=N/A
t=314.05s frontier_score cell=(130, 155) goal=(5.5, 3.0) gain_m2=3.120 distance_m=2.100 turn_rad=0.943 revisit=0.000 score=0.553 selected=True
t=314.05s frontier_score cell=(131, 154) goal=(5.4, 3.1) gain_m2=2.840 distance_m=2.100 turn_rad=0.943 revisit=0.000 score=0.432 selected=False
t=314.05s frontier_score cell=(132, 154) goal=(5.4, 3.2) gain_m2=2.830 distance_m=2.200 turn_rad=0.943 revisit=0.000 score=0.395 selected=False
t=314.05s frontier_score cell=(147, 135) goal=(3.5, 4.7) gain_m2=4.300 distance_m=4.200 turn_rad=0.943 revisit=0.000 score=0.361 selected=False
t=314.05s frontier_score cell=(146, 135) goal=(3.5, 4.6000000000000005) gain_m2=4.140 distance_m=4.100 turn_rad=0.943 revisit=0.000 score=0.325 selected=False
t=314.05s state=MOVING mission=DISABLED front=1.90m pose=(+4.89, +1.87, +126.0deg) goal=(5.5, 3.0) detections=1 located=0 targets=0 perception=WAIT_CALIBRATION
t=315.01s exploration known_area_m2=34.750 frontier_groups=171 reachable_candidates=203 goal=(5.500,3.000) odom_distance_m=20.182 reason=안전한 Frontier 후보 있음 selection_reason=구역 유지: 현재 목표 유지 goal_reached=N/A planning_failures=N/A
t=315.01s frontier_score cell=(130, 155) goal=(5.5, 3.0) gain_m2=3.120 distance_m=2.100 turn_rad=0.959 revisit=0.000 score=0.551 selected=True
t=315.01s frontier_score cell=(131, 154) goal=(5.4, 3.1) gain_m2=2.840 distance_m=2.100 turn_rad=0.959 revisit=0.000 score=0.431 selected=False
t=315.01s frontier_score cell=(132, 154) goal=(5.4, 3.2) gain_m2=2.830 distance_m=2.200 turn_rad=0.959 revisit=0.000 score=0.393 selected=False
t=315.01s frontier_score cell=(147, 135) goal=(3.5, 4.7) gain_m2=4.280 distance_m=4.200 turn_rad=0.959 revisit=0.000 score=0.351 selected=False
t=315.01s frontier_score cell=(146, 135) goal=(3.5, 4.6000000000000005) gain_m2=4.120 distance_m=4.100 turn_rad=0.959 revisit=0.000 score=0.315 selected=False
t=315.01s state=MOVING mission=DISABLED front=1.91m pose=(+4.88, +1.90, +125.1deg) goal=(5.5, 3.0) detections=1 located=0 targets=0 perception=WAIT_CALIBRATION
t=315.01s map_saved=C:\Users\woosu\OneDrive\Desktop\hkton\controllers\tb3_teleop\maps\map.png
t=316.03s exploration known_area_m2=34.790 frontier_groups=170 reachable_candidates=202 goal=(5.500,3.000) odom_distance_m=20.212 reason=안전한 Frontier 후보 있음 selection_reason=구역 유지: 현재 목표 유지 goal_reached=N/A planning_failures=N/A
t=316.03s frontier_score cell=(130, 155) goal=(5.5, 3.0) gain_m2=3.120 distance_m=2.100 turn_rad=0.982 revisit=0.000 score=0.549 selected=True
t=316.03s frontier_score cell=(131, 154) goal=(5.4, 3.1) gain_m2=2.840 distance_m=2.100 turn_rad=0.982 revisit=0.000 score=0.429 selected=False
t=316.03s frontier_score cell=(132, 154) goal=(5.4, 3.2) gain_m2=2.830 distance_m=2.200 turn_rad=0.982 revisit=0.000 score=0.391 selected=False
t=316.03s frontier_score cell=(147, 135) goal=(3.5, 4.7) gain_m2=4.250 distance_m=4.200 turn_rad=0.982 revisit=0.000 score=0.335 selected=False
t=316.03s frontier_score cell=(146, 135) goal=(3.5, 4.6000000000000005) gain_m2=4.090 distance_m=4.100 turn_rad=0.982 revisit=0.000 score=0.300 selected=False
t=316.03s state=MOVING mission=DISABLED front=1.90m pose=(+4.87, +1.93, +123.7deg) goal=(5.5, 3.0) detections=1 located=0 targets=0 perception=WAIT_CALIBRATION
t=317.06s exploration known_area_m2=34.770 frontier_groups=177 reachable_candidates=213 goal=(5.500,3.000) odom_distance_m=20.325 reason=안전한 Frontier 후보 있음 selection_reason=구역 유지: 현재 목표 유지 goal_reached=N/A planning_failures=N/A
t=317.06s frontier_score cell=(130, 155) goal=(5.5, 3.0) gain_m2=3.140 distance_m=1.800 turn_rad=0.999 revisit=0.000 score=0.656 selected=True
t=317.06s frontier_score cell=(131, 154) goal=(5.4, 3.1) gain_m2=2.860 distance_m=1.800 turn_rad=0.999 revisit=0.000 score=0.536 selected=False
t=317.06s frontier_score cell=(132, 154) goal=(5.4, 3.2) gain_m2=2.850 distance_m=1.900 turn_rad=0.999 revisit=0.000 score=0.498 selected=False
t=317.06s frontier_score cell=(147, 135) goal=(3.5, 4.7) gain_m2=4.290 distance_m=4.100 turn_rad=0.999 revisit=0.000 score=0.384 selected=False
t=317.06s frontier_score cell=(146, 135) goal=(3.5, 4.6000000000000005) gain_m2=4.120 distance_m=4.000 turn_rad=0.999 revisit=0.000 score=0.345 selected=False
t=317.06s state=MOVING mission=DISABLED front=1.89m pose=(+4.86, +1.96, +122.7deg) goal=(5.5, 3.0) detections=2 located=0 targets=0 perception=WAIT_CALIBRATION
t=318.02s exploration known_area_m2=34.790 frontier_groups=178 reachable_candidates=214 goal=(5.500,3.000) odom_distance_m=20.325 reason=안전한 Frontier 후보 있음 selection_reason=구역 유지: 현재 목표 유지 goal_reached=N/A planning_failures=N/A
t=318.02s frontier_score cell=(130, 155) goal=(5.5, 3.0) gain_m2=3.170 distance_m=1.800 turn_rad=1.044 revisit=0.000 score=0.665 selected=True
t=318.02s frontier_score cell=(131, 154) goal=(5.4, 3.1) gain_m2=2.890 distance_m=1.800 turn_rad=1.044 revisit=0.000 score=0.544 selected=False
t=318.02s frontier_score cell=(132, 154) goal=(5.4, 3.2) gain_m2=2.880 distance_m=1.900 turn_rad=1.044 revisit=0.000 score=0.507 selected=False
t=318.02s frontier_score cell=(147, 134) goal=(3.4000000000000004, 4.7) gain_m2=4.430 distance_m=4.200 turn_rad=1.044 revisit=0.000 score=0.407 selected=False
t=318.02s frontier_score cell=(119, 150) goal=(5.0, 1.9000000000000001) gain_m2=1.680 distance_m=0.200 turn_rad=2.615 revisit=0.000 score=0.407 selected=False
t=318.02s state=MOVING mission=DISABLED front=1.90m pose=(+4.86, +1.96, +120.2deg) goal=(5.5, 3.0) detections=1 located=0 targets=0 perception=WAIT_CALIBRATION
t=319.04s exploration known_area_m2=34.810 frontier_groups=186 reachable_candidates=216 goal=(5.500,3.000) odom_distance_m=20.358 reason=안전한 Frontier 후보 있음 selection_reason=구역 유지: 현재 목표 유지 goal_reached=N/A planning_failures=N/A
t=319.04s frontier_score cell=(130, 155) goal=(5.5, 3.0) gain_m2=3.170 distance_m=1.800 turn_rad=1.070 revisit=0.000 score=0.662 selected=True
t=319.04s frontier_score cell=(131, 154) goal=(5.4, 3.1) gain_m2=2.890 distance_m=1.800 turn_rad=1.070 revisit=0.000 score=0.542 selected=False
t=319.04s frontier_score cell=(132, 154) goal=(5.4, 3.2) gain_m2=2.880 distance_m=1.900 turn_rad=1.070 revisit=0.000 score=0.504 selected=False
t=319.04s frontier_score cell=(118, 150) goal=(5.0, 1.8) gain_m2=1.780 distance_m=0.300 turn_rad=2.641 revisit=0.000 score=0.414 selected=False
t=319.04s frontier_score cell=(147, 134) goal=(3.4000000000000004, 4.7) gain_m2=4.380 distance_m=4.200 turn_rad=1.070 revisit=0.000 score=0.383 selected=False
t=319.04s state=MOVING mission=DISABLED front=1.89m pose=(+4.85, +1.99, +118.7deg) goal=(5.5, 3.0) detections=1 located=0 targets=0 perception=WAIT_CALIBRATION
t=320.00s exploration known_area_m2=34.830 frontier_groups=195 reachable_candidates=218 goal=(5.500,3.000) odom_distance_m=20.358 reason=안전한 Frontier 후보 있음 selection_reason=구역 유지: 현재 목표 유지 goal_reached=N/A planning_failures=N/A
t=320.00s frontier_score cell=(130, 155) goal=(5.5, 3.0) gain_m2=3.160 distance_m=2.000 turn_rad=1.117 revisit=0.000 score=0.587 selected=True
t=320.00s frontier_score cell=(120, 150) goal=(5.0, 2.0) gain_m2=1.690 distance_m=0.100 turn_rad=2.024 revisit=0.000 score=0.501 selected=False
t=320.00s frontier_score cell=(131, 154) goal=(5.4, 3.1) gain_m2=2.880 distance_m=2.000 turn_rad=1.117 revisit=0.000 score=0.466 selected=False
t=320.00s frontier_score cell=(132, 154) goal=(5.4, 3.2) gain_m2=2.870 distance_m=2.100 turn_rad=1.117 revisit=0.000 score=0.429 selected=False
t=320.00s frontier_score cell=(118, 150) goal=(5.0, 1.8) gain_m2=1.780 distance_m=0.300 turn_rad=2.688 revisit=0.000 score=0.409 selected=False
t=320.00s state=MOVING mission=DISABLED front=1.87m pose=(+4.85, +1.99, +116.0deg) goal=(5.5, 3.0) detections=1 located=0 targets=0 perception=WAIT_CALIBRATION
t=320.00s map_saved=C:\Users\woosu\OneDrive\Desktop\hkton\controllers\tb3_teleop\maps\map.png
t=321.02s exploration known_area_m2=34.930 frontier_groups=180 reachable_candidates=203 goal=(5.500,3.000) odom_distance_m=20.377 reason=안전한 Frontier 후보 있음 selection_reason=구역 유지: 현재 목표 유지 goal_reached=N/A planning_failures=N/A
t=321.02s frontier_score cell=(130, 155) goal=(5.5, 3.0) gain_m2=3.160 distance_m=1.900 turn_rad=0.432 revisit=0.000 score=0.686 selected=True
t=321.02s frontier_score cell=(131, 154) goal=(5.4, 3.1) gain_m2=2.880 distance_m=1.900 turn_rad=0.432 revisit=0.000 score=0.565 selected=False
t=321.02s frontier_score cell=(132, 154) goal=(5.4, 3.2) gain_m2=2.870 distance_m=2.000 turn_rad=0.432 revisit=0.000 score=0.527 selected=False
t=321.02s frontier_score cell=(121, 148) goal=(4.800000000000001, 2.1) gain_m2=1.140 distance_m=0.100 turn_rad=0.432 revisit=0.000 score=0.416 selected=False
t=321.02s frontier_score cell=(146, 155) goal=(5.5, 4.6000000000000005) gain_m2=4.390 distance_m=4.700 turn_rad=0.432 revisit=0.000 score=0.282 selected=False
t=321.02s state=MOVING mission=DISABLED front=1.87m pose=(+4.85, +2.01, +114.8deg) goal=(5.5, 3.0) detections=1 located=0 targets=0 perception=WAIT_CALIBRATION
t=322.05s exploration known_area_m2=34.940 frontier_groups=184 reachable_candidates=212 goal=(5.500,3.000) odom_distance_m=20.407 reason=안전한 Frontier 후보 있음 selection_reason=구역 유지: 현재 목표 유지 goal_reached=N/A planning_failures=N/A
t=322.05s frontier_score cell=(130, 155) goal=(5.5, 3.0) gain_m2=3.150 distance_m=1.900 turn_rad=0.400 revisit=0.000 score=0.684 selected=True
t=322.05s frontier_score cell=(131, 154) goal=(5.4, 3.1) gain_m2=2.870 distance_m=1.900 turn_rad=0.400 revisit=0.000 score=0.564 selected=False
t=322.05s frontier_score cell=(132, 154) goal=(5.4, 3.2) gain_m2=2.850 distance_m=2.000 turn_rad=0.400 revisit=0.000 score=0.522 selected=False
t=322.05s frontier_score cell=(117, 150) goal=(5.0, 1.7000000000000002) gain_m2=1.840 distance_m=0.500 turn_rad=1.971 revisit=0.000 score=0.437 selected=False
t=322.05s frontier_score cell=(146, 155) goal=(5.5, 4.6000000000000005) gain_m2=4.390 distance_m=4.700 turn_rad=0.400 revisit=0.000 score=0.285 selected=False
t=322.05s state=MOVING mission=DISABLED front=1.86m pose=(+4.84, +2.04, +112.9deg) goal=(5.5, 3.0) detections=1 located=0 targets=0 perception=WAIT_CALIBRATION
t=323.01s exploration known_area_m2=34.970 frontier_groups=178 reachable_candidates=218 goal=(5.500,3.000) odom_distance_m=20.408 reason=안전한 Frontier 후보 있음 selection_reason=구역 유지: 현재 목표 유지 goal_reached=N/A planning_failures=N/A
t=323.01s frontier_score cell=(130, 155) goal=(5.5, 3.0) gain_m2=3.170 distance_m=2.100 turn_rad=1.187 revisit=0.000 score=0.551 selected=True
t=323.01s frontier_score cell=(131, 154) goal=(5.4, 3.1) gain_m2=2.900 distance_m=2.100 turn_rad=1.187 revisit=0.000 score=0.435 selected=False
t=323.01s frontier_score cell=(117, 150) goal=(5.0, 1.7000000000000002) gain_m2=1.800 distance_m=0.500 turn_rad=1.954 revisit=0.000 score=0.421 selected=False
t=323.01s frontier_score cell=(132, 154) goal=(5.4, 3.2) gain_m2=2.880 distance_m=2.200 turn_rad=1.187 revisit=0.000 score=0.393 selected=False
t=323.01s frontier_score cell=(146, 133) goal=(3.3000000000000003, 4.6000000000000005) gain_m2=4.210 distance_m=4.100 turn_rad=1.187 revisit=0.000 score=0.332 selected=False
t=323.01s state=MOVING mission=DISABLED front=1.86m pose=(+4.84, +2.04, +112.0deg) goal=(5.5, 3.0) detections=1 located=0 targets=0 perception=WAIT_CALIBRATION
t=324.03s exploration known_area_m2=34.990 frontier_groups=186 reachable_candidates=225 goal=(5.500,3.000) odom_distance_m=20.408 reason=안전한 Frontier 후보 있음 selection_reason=구역 유지: 현재 목표 유지 goal_reached=N/A planning_failures=N/A
t=324.03s frontier_score cell=(130, 155) goal=(5.5, 3.0) gain_m2=3.190 distance_m=2.100 turn_rad=1.091 revisit=0.000 score=0.569 selected=True
t=324.03s frontier_score cell=(131, 154) goal=(5.4, 3.1) gain_m2=2.910 distance_m=2.100 turn_rad=1.091 revisit=0.000 score=0.448 selected=False
t=324.03s frontier_score cell=(117, 150) goal=(5.0, 1.7000000000000002) gain_m2=1.790 distance_m=0.500 turn_rad=2.050 revisit=0.000 score=0.408 selected=False
t=324.03s frontier_score cell=(132, 154) goal=(5.4, 3.2) gain_m2=2.890 distance_m=2.200 turn_rad=1.091 revisit=0.000 score=0.406 selected=False
t=324.03s frontier_score cell=(146, 133) goal=(3.3000000000000003, 4.6000000000000005) gain_m2=4.180 distance_m=4.100 turn_rad=1.091 revisit=0.000 score=0.328 selected=False
t=324.03s state=MOVING mission=DISABLED front=1.87m pose=(+4.84, +2.04, +117.5deg) goal=(5.5, 3.0) detections=1 located=0 targets=0 perception=WAIT_CALIBRATION
t=325.06s exploration known_area_m2=35.100 frontier_groups=186 reachable_candidates=215 goal=(5.500,3.000) odom_distance_m=20.408 reason=안전한 Frontier 후보 있음 selection_reason=구역 유지: 현재 목표 유지 goal_reached=N/A planning_failures=N/A
t=325.06s frontier_score cell=(130, 155) goal=(5.5, 3.0) gain_m2=3.150 distance_m=2.100 turn_rad=1.004 revisit=0.000 score=0.560 selected=True
t=325.06s frontier_score cell=(131, 154) goal=(5.4, 3.1) gain_m2=2.870 distance_m=2.100 turn_rad=1.004 revisit=0.000 score=0.439 selected=False
t=325.06s frontier_score cell=(132, 154) goal=(5.4, 3.2) gain_m2=2.860 distance_m=2.200 turn_rad=1.004 revisit=0.000 score=0.402 selected=False
t=325.06s frontier_score cell=(101, 164) goal=(6.4, 0.1) gain_m2=4.260 distance_m=4.500 turn_rad=1.004 revisit=0.000 score=0.238 selected=False
t=325.06s frontier_score cell=(146, 155) goal=(5.5, 4.6000000000000005) gain_m2=4.400 distance_m=4.900 turn_rad=1.004 revisit=0.000 score=0.165 selected=False
t=325.06s state=MOVING mission=DISABLED front=1.90m pose=(+4.84, +2.04, +122.5deg) goal=(5.5, 3.0) detections=1 located=0 targets=0 perception=WAIT_CALIBRATION
t=325.06s map_saved=C:\Users\woosu\OneDrive\Desktop\hkton\controllers\tb3_teleop\maps\map.png
t=326.02s exploration known_area_m2=35.200 frontier_groups=175 reachable_candidates=201 goal=(5.500,3.000) odom_distance_m=20.408 reason=안전한 Frontier 후보 있음 selection_reason=구역 유지: 현재 목표 유지 goal_reached=N/A planning_failures=N/A
t=326.02s frontier_score cell=(130, 155) goal=(5.5, 3.0) gain_m2=3.130 distance_m=2.100 turn_rad=0.932 revisit=0.000 score=0.558 selected=True
t=326.02s frontier_score cell=(131, 154) goal=(5.4, 3.1) gain_m2=2.850 distance_m=2.100 turn_rad=0.932 revisit=0.000 score=0.438 selected=False
t=326.02s frontier_score cell=(132, 154) goal=(5.4, 3.2) gain_m2=2.840 distance_m=2.200 turn_rad=0.932 revisit=0.000 score=0.400 selected=False
t=326.02s frontier_score cell=(101, 164) goal=(6.4, 0.1) gain_m2=4.260 distance_m=4.500 turn_rad=0.932 revisit=0.000 score=0.245 selected=False
t=326.02s frontier_score cell=(146, 155) goal=(5.5, 4.6000000000000005) gain_m2=4.380 distance_m=4.900 turn_rad=0.932 revisit=0.000 score=0.163 selected=False
t=326.02s state=MOVING mission=DISABLED front=1.90m pose=(+4.84, +2.04, +126.6deg) goal=(5.5, 3.0) detections=2 located=0 targets=0 perception=WAIT_CALIBRATION
t=327.04s exploration known_area_m2=35.240 frontier_groups=171 reachable_candidates=197 goal=(5.500,3.000) odom_distance_m=20.409 reason=안전한 Frontier 후보 있음 selection_reason=구역 유지: 현재 목표 유지 goal_reached=N/A planning_failures=N/A
t=327.04s frontier_score cell=(130, 155) goal=(5.5, 3.0) gain_m2=3.130 distance_m=2.100 turn_rad=0.868 revisit=0.000 score=0.564 selected=True
t=327.04s frontier_score cell=(131, 154) goal=(5.4, 3.1) gain_m2=2.850 distance_m=2.100 turn_rad=0.868 revisit=0.000 score=0.444 selected=False
t=327.04s frontier_score cell=(132, 154) goal=(5.4, 3.2) gain_m2=2.840 distance_m=2.200 turn_rad=0.868 revisit=0.000 score=0.406 selected=False
t=327.04s frontier_score cell=(101, 164) goal=(6.4, 0.1) gain_m2=4.260 distance_m=4.500 turn_rad=0.868 revisit=0.000 score=0.251 selected=False
t=327.04s frontier_score cell=(146, 155) goal=(5.5, 4.6000000000000005) gain_m2=4.380 distance_m=4.900 turn_rad=0.868 revisit=0.000 score=0.169 selected=False
t=327.04s state=MOVING mission=DISABLED front=1.90m pose=(+4.84, +2.04, +130.3deg) goal=(5.5, 3.0) detections=1 located=0 targets=0 perception=WAIT_CALIBRATION
t=328.00s exploration known_area_m2=35.230 frontier_groups=174 reachable_candidates=199 goal=(5.500,3.000) odom_distance_m=20.409 reason=안전한 Frontier 후보 있음 selection_reason=구역 유지: 현재 목표 유지 goal_reached=N/A planning_failures=N/A
t=328.00s frontier_score cell=(130, 155) goal=(5.5, 3.0) gain_m2=3.130 distance_m=2.100 turn_rad=0.822 revisit=0.000 score=0.569 selected=True
t=328.00s frontier_score cell=(131, 154) goal=(5.4, 3.1) gain_m2=2.850 distance_m=2.100 turn_rad=0.822 revisit=0.000 score=0.448 selected=False
t=328.00s frontier_score cell=(132, 154) goal=(5.4, 3.2) gain_m2=2.840 distance_m=2.200 turn_rad=0.822 revisit=0.000 score=0.411 selected=False
t=328.00s frontier_score cell=(101, 164) goal=(6.4, 0.1) gain_m2=4.260 distance_m=4.500 turn_rad=0.822 revisit=0.000 score=0.255 selected=False
t=328.00s frontier_score cell=(146, 155) goal=(5.5, 4.6000000000000005) gain_m2=4.380 distance_m=4.900 turn_rad=0.822 revisit=0.000 score=0.173 selected=False
t=328.00s state=MOVING mission=DISABLED front=1.91m pose=(+4.84, +2.04, +132.9deg) goal=(5.5, 3.0) detections=2 located=0 targets=0 perception=WAIT_CALIBRATION
t=329.02s exploration known_area_m2=35.230 frontier_groups=172 reachable_candidates=200 goal=(5.500,3.000) odom_distance_m=20.488 reason=안전한 Frontier 후보 있음 selection_reason=구역 유지: 현재 목표 유지 goal_reached=N/A planning_failures=N/A
t=329.02s frontier_score cell=(130, 155) goal=(5.5, 3.0) gain_m2=3.130 distance_m=2.200 turn_rad=0.824 revisit=0.000 score=0.535 selected=True
t=329.02s frontier_score cell=(131, 154) goal=(5.4, 3.1) gain_m2=2.850 distance_m=2.200 turn_rad=0.824 revisit=0.000 score=0.415 selected=False
t=329.02s frontier_score cell=(132, 154) goal=(5.4, 3.2) gain_m2=2.840 distance_m=2.300 turn_rad=0.824 revisit=0.000 score=0.377 selected=False
t=329.02s frontier_score cell=(147, 132) goal=(3.2, 4.7) gain_m2=4.410 distance_m=4.400 turn_rad=0.824 revisit=0.000 score=0.353 selected=False
t=329.02s frontier_score cell=(146, 132) goal=(3.2, 4.6000000000000005) gain_m2=4.230 distance_m=4.300 turn_rad=0.824 revisit=0.000 score=0.309 selected=False
t=329.02s state=MOVING mission=DISABLED front=1.91m pose=(+4.86, +1.98, +132.8deg) goal=(5.5, 3.0) detections=1 located=0 targets=0 perception=WAIT_CALIBRATION
t=330.05s exploration known_area_m2=35.180 frontier_groups=178 reachable_candidates=200 goal=(5.500,3.000) odom_distance_m=20.500 reason=안전한 Frontier 후보 있음 selection_reason=구역 유지: 현재 목표 유지 goal_reached=N/A planning_failures=N/A
t=330.05s frontier_score cell=(130, 155) goal=(5.5, 3.0) gain_m2=3.170 distance_m=2.200 turn_rad=0.812 revisit=0.000 score=0.554 selected=True
t=330.05s frontier_score cell=(131, 154) goal=(5.4, 3.1) gain_m2=2.890 distance_m=2.200 turn_rad=0.812 revisit=0.000 score=0.433 selected=False
t=330.05s frontier_score cell=(132, 154) goal=(5.4, 3.2) gain_m2=2.880 distance_m=2.300 turn_rad=0.812 revisit=0.000 score=0.395 selected=False
t=330.05s frontier_score cell=(147, 133) goal=(3.3000000000000003, 4.7) gain_m2=4.220 distance_m=4.300 turn_rad=0.812 revisit=0.000 score=0.305 selected=False
t=330.05s frontier_score cell=(101, 164) goal=(6.4, 0.1) gain_m2=4.260 distance_m=4.600 turn_rad=0.812 revisit=0.000 score=0.223 selected=False
t=330.05s state=MOVING mission=DISABLED front=1.88m pose=(+4.86, +1.97, +133.5deg) goal=(5.5, 3.0) detections=1 located=0 targets=0 perception=WAIT_CALIBRATION
t=330.05s map_saved=C:\Users\woosu\OneDrive\Desktop\hkton\controllers\tb3_teleop\maps\map.png
t=331.01s exploration known_area_m2=35.180 frontier_groups=184 reachable_candidates=202 goal=(5.500,3.000) odom_distance_m=20.500 reason=안전한 Frontier 후보 있음 selection_reason=구역 유지: 현재 목표 유지 goal_reached=N/A planning_failures=N/A
t=331.01s frontier_score cell=(130, 155) goal=(5.5, 3.0) gain_m2=3.130 distance_m=2.200 turn_rad=0.776 revisit=0.000 score=0.540 selected=True
t=331.01s frontier_score cell=(131, 154) goal=(5.4, 3.1) gain_m2=2.850 distance_m=2.200 turn_rad=0.776 revisit=0.000 score=0.419 selected=False
t=331.01s frontier_score cell=(132, 154) goal=(5.4, 3.2) gain_m2=2.840 distance_m=2.300 turn_rad=0.776 revisit=0.000 score=0.382 selected=False
t=331.01s frontier_score cell=(147, 133) goal=(3.3000000000000003, 4.7) gain_m2=4.200 distance_m=4.300 turn_rad=0.776 revisit=0.000 score=0.300 selected=False
t=331.01s frontier_score cell=(101, 164) goal=(6.4, 0.1) gain_m2=4.260 distance_m=4.600 turn_rad=0.776 revisit=0.000 score=0.226 selected=False
t=331.01s state=MOVING mission=DISABLED front=1.88m pose=(+4.86, +1.97, +135.5deg) goal=(5.5, 3.0) detections=1 located=0 targets=0 perception=WAIT_CALIBRATION
t=332.03s exploration known_area_m2=35.120 frontier_groups=186 reachable_candidates=210 goal=(5.500,3.000) odom_distance_m=20.584 reason=안전한 Frontier 후보 있음 selection_reason=구역 유지: 현재 목표 유지 goal_reached=N/A planning_failures=N/A
t=332.03s frontier_score cell=(130, 155) goal=(5.5, 3.0) gain_m2=3.130 distance_m=2.300 turn_rad=0.759 revisit=0.000 score=0.508 selected=True
t=332.03s frontier_score cell=(131, 154) goal=(5.4, 3.1) gain_m2=2.860 distance_m=2.300 turn_rad=0.759 revisit=0.000 score=0.392 selected=False
t=332.03s frontier_score cell=(132, 154) goal=(5.4, 3.2) gain_m2=2.850 distance_m=2.400 turn_rad=0.759 revisit=0.000 score=0.354 selected=False
t=332.03s frontier_score cell=(101, 164) goal=(6.4, 0.1) gain_m2=4.260 distance_m=4.500 turn_rad=0.812 revisit=0.000 score=0.256 selected=False
t=332.03s frontier_score cell=(146, 155) goal=(5.5, 4.6000000000000005) gain_m2=4.390 distance_m=4.900 turn_rad=0.759 revisit=0.000 score=0.184 selected=False
t=332.03s state=MOVING mission=DISABLED front=1.87m pose=(+4.88, +1.90, +133.5deg) goal=(5.5, 3.0) detections=1 located=0 targets=0 perception=WAIT_CALIBRATION
t=333.06s exploration known_area_m2=35.120 frontier_groups=184 reachable_candidates=215 goal=(5.500,3.000) odom_distance_m=20.606 reason=안전한 Frontier 후보 있음 selection_reason=구역 유지: 현재 목표 유지 goal_reached=N/A planning_failures=N/A
t=333.06s frontier_score cell=(130, 155) goal=(5.5, 3.0) gain_m2=3.150 distance_m=2.300 turn_rad=0.759 revisit=0.000 score=0.517 selected=True
t=333.06s frontier_score cell=(120, 149) goal=(4.9, 2.0) gain_m2=1.430 distance_m=0.100 turn_rad=0.759 revisit=0.000 score=0.510 selected=False
t=333.06s frontier_score cell=(131, 154) goal=(5.4, 3.1) gain_m2=2.880 distance_m=2.300 turn_rad=0.759 revisit=0.000 score=0.400 selected=False
t=333.06s frontier_score cell=(132, 154) goal=(5.4, 3.2) gain_m2=2.870 distance_m=2.400 turn_rad=0.759 revisit=0.000 score=0.363 selected=False
t=333.06s frontier_score cell=(101, 164) goal=(6.4, 0.1) gain_m2=4.260 distance_m=4.500 turn_rad=0.812 revisit=0.000 score=0.256 selected=False
t=333.06s state=MOVING mission=DISABLED front=1.85m pose=(+4.86, +1.92, +133.5deg) goal=(5.5, 3.0) detections=1 located=0 targets=0 perception=WAIT_CALIBRATION
t=334.02s exploration known_area_m2=35.140 frontier_groups=197 reachable_candidates=218 goal=(5.500,3.000) odom_distance_m=20.669 reason=안전한 Frontier 후보 있음 selection_reason=구역 유지: 현재 목표 유지 goal_reached=N/A planning_failures=N/A
t=334.02s frontier_score cell=(130, 155) goal=(5.5, 3.0) gain_m2=3.150 distance_m=1.900 turn_rad=0.762 revisit=0.000 score=0.650 selected=True
t=334.02s frontier_score cell=(131, 154) goal=(5.4, 3.1) gain_m2=2.880 distance_m=1.900 turn_rad=0.762 revisit=0.000 score=0.534 selected=False
t=334.02s frontier_score cell=(132, 154) goal=(5.4, 3.2) gain_m2=2.860 distance_m=2.000 turn_rad=0.762 revisit=0.000 score=0.492 selected=False
t=334.02s frontier_score cell=(121, 148) goal=(4.800000000000001, 2.1) gain_m2=1.200 distance_m=0.100 turn_rad=0.762 revisit=0.000 score=0.410 selected=False
t=334.02s frontier_score cell=(117, 150) goal=(5.0, 1.7000000000000002) gain_m2=1.850 distance_m=0.500 turn_rad=2.333 revisit=0.000 score=0.407 selected=False
t=334.02s state=MOVING mission=DISABLED front=1.81m pose=(+4.83, +1.97, +133.7deg) goal=(5.5, 3.0) detections=1 located=0 targets=0 perception=WAIT_CALIBRATION
t=335.04s exploration known_area_m2=35.150 frontier_groups=185 reachable_candidates=210 goal=(5.500,3.000) odom_distance_m=20.676 reason=안전한 Frontier 후보 있음 selection_reason=구역 유지: 현재 목표 유지 goal_reached=N/A planning_failures=N/A
t=335.04s frontier_score cell=(130, 155) goal=(5.5, 3.0) gain_m2=3.150 distance_m=1.900 turn_rad=0.832 revisit=0.000 score=0.643 selected=True
t=335.04s frontier_score cell=(131, 154) goal=(5.4, 3.1) gain_m2=2.880 distance_m=1.900 turn_rad=0.832 revisit=0.000 score=0.527 selected=False
t=335.04s frontier_score cell=(132, 154) goal=(5.4, 3.2) gain_m2=2.860 distance_m=2.000 turn_rad=0.832 revisit=0.000 score=0.485 selected=False
t=335.04s frontier_score cell=(118, 150) goal=(5.0, 1.8) gain_m2=1.790 distance_m=0.400 turn_rad=2.402 revisit=0.000 score=0.408 selected=False
t=335.04s frontier_score cell=(117, 150) goal=(5.0, 1.7000000000000002) gain_m2=1.830 distance_m=0.500 turn_rad=2.402 revisit=0.000 score=0.392 selected=False
t=335.04s state=MOVING mission=DISABLED front=1.80m pose=(+4.82, +1.97, +132.3deg) goal=(5.5, 3.0) detections=1 located=0 targets=0 perception=WAIT_CALIBRATION
t=335.04s map_saved=C:\Users\woosu\OneDrive\Desktop\hkton\controllers\tb3_teleop\maps\map.png
t=336.00s exploration known_area_m2=35.260 frontier_groups=175 reachable_candidates=205 goal=(5.500,3.000) odom_distance_m=20.707 reason=안전한 Frontier 후보 있음 selection_reason=구역 유지: 현재 목표 유지 goal_reached=N/A planning_failures=N/A
t=336.00s frontier_score cell=(130, 155) goal=(5.5, 3.0) gain_m2=3.160 distance_m=1.900 turn_rad=0.831 revisit=0.000 score=0.647 selected=True
t=336.00s frontier_score cell=(131, 154) goal=(5.4, 3.1) gain_m2=2.880 distance_m=1.900 turn_rad=0.831 revisit=0.000 score=0.527 selected=False
t=336.00s frontier_score cell=(132, 154) goal=(5.4, 3.2) gain_m2=2.860 distance_m=2.000 turn_rad=0.831 revisit=0.000 score=0.485 selected=False
t=336.00s frontier_score cell=(118, 150) goal=(5.0, 1.8) gain_m2=1.760 distance_m=0.400 turn_rad=2.401 revisit=0.000 score=0.395 selected=False
t=336.00s frontier_score cell=(117, 150) goal=(5.0, 1.7000000000000002) gain_m2=1.810 distance_m=0.500 turn_rad=2.401 revisit=0.000 score=0.383 selected=False
t=336.00s state=MOVING mission=DISABLED front=1.80m pose=(+4.81, +2.00, +132.4deg) goal=(5.5, 3.0) detections=1 located=0 targets=0 perception=WAIT_CALIBRATION
t=337.02s exploration known_area_m2=35.280 frontier_groups=175 reachable_candidates=204 goal=(5.500,3.000) odom_distance_m=20.749 reason=안전한 Frontier 후보 있음 selection_reason=구역 유지: 현재 목표 유지 goal_reached=N/A planning_failures=N/A
t=337.02s frontier_score cell=(130, 155) goal=(5.5, 3.0) gain_m2=3.160 distance_m=1.900 turn_rad=0.828 revisit=0.000 score=0.648 selected=True
t=337.02s frontier_score cell=(131, 154) goal=(5.4, 3.1) gain_m2=2.880 distance_m=1.900 turn_rad=0.828 revisit=0.000 score=0.527 selected=False
t=337.02s frontier_score cell=(132, 154) goal=(5.4, 3.2) gain_m2=2.870 distance_m=2.000 turn_rad=0.828 revisit=0.000 score=0.490 selected=False
t=337.02s frontier_score cell=(118, 150) goal=(5.0, 1.8) gain_m2=1.760 distance_m=0.400 turn_rad=2.399 revisit=0.000 score=0.395 selected=False
t=337.02s frontier_score cell=(146, 155) goal=(5.5, 4.6000000000000005) gain_m2=4.350 distance_m=4.500 turn_rad=0.828 revisit=0.000 score=0.293 selected=False
t=337.02s state=MOVING mission=DISABLED front=1.83m pose=(+4.80, +2.04, +132.5deg) goal=(5.5, 3.0) detections=1 located=0 targets=0 perception=WAIT_CALIBRATION
t=338.05s exploration known_area_m2=35.270 frontier_groups=180 reachable_candidates=209 goal=(5.500,3.000) odom_distance_m=20.751 reason=안전한 Frontier 후보 있음 selection_reason=구역 유지: 현재 목표 유지 goal_reached=N/A planning_failures=N/A
t=338.05s frontier_score cell=(130, 155) goal=(5.5, 3.0) gain_m2=3.180 distance_m=1.900 turn_rad=0.829 revisit=0.000 score=0.656 selected=True
t=338.05s frontier_score cell=(131, 154) goal=(5.4, 3.1) gain_m2=2.900 distance_m=1.900 turn_rad=0.829 revisit=0.000 score=0.536 selected=False
t=338.05s frontier_score cell=(132, 154) goal=(5.4, 3.2) gain_m2=2.890 distance_m=2.000 turn_rad=0.829 revisit=0.000 score=0.498 selected=False
t=338.05s frontier_score cell=(147, 133) goal=(3.3000000000000003, 4.7) gain_m2=4.150 distance_m=4.200 turn_rad=0.829 revisit=0.000 score=0.307 selected=False
t=338.05s frontier_score cell=(146, 155) goal=(5.5, 4.6000000000000005) gain_m2=4.360 distance_m=4.500 turn_rad=0.829 revisit=0.000 score=0.297 selected=False
t=338.05s state=MOVING mission=DISABLED front=1.82m pose=(+4.80, +2.04, +132.5deg) goal=(5.5, 3.0) detections=1 located=0 targets=0 perception=WAIT_CALIBRATION
t=339.01s exploration known_area_m2=35.140 frontier_groups=182 reachable_candidates=223 goal=(5.500,3.000) odom_distance_m=20.753 reason=안전한 Frontier 후보 있음 selection_reason=구역 유지: 현재 목표 유지 goal_reached=N/A planning_failures=N/A
t=339.01s frontier_score cell=(130, 155) goal=(5.5, 3.0) gain_m2=3.210 distance_m=2.100 turn_rad=0.830 revisit=0.000 score=0.602 selected=True
t=339.01s frontier_score cell=(131, 154) goal=(5.4, 3.1) gain_m2=2.930 distance_m=2.100 turn_rad=0.830 revisit=0.000 score=0.482 selected=False
t=339.01s frontier_score cell=(132, 154) goal=(5.4, 3.2) gain_m2=2.920 distance_m=2.200 turn_rad=0.830 revisit=0.000 score=0.444 selected=False
t=339.01s frontier_score cell=(147, 133) goal=(3.3000000000000003, 4.7) gain_m2=4.200 distance_m=4.200 turn_rad=0.830 revisit=0.000 score=0.328 selected=False
t=339.01s frontier_score cell=(146, 133) goal=(3.3000000000000003, 4.6000000000000005) gain_m2=4.020 distance_m=4.100 turn_rad=0.830 revisit=0.000 score=0.284 selected=False
t=339.01s state=MOVING mission=DISABLED front=1.82m pose=(+4.80, +2.04, +132.4deg) goal=(5.5, 3.0) detections=1 located=0 targets=0 perception=WAIT_CALIBRATION
t=340.03s exploration known_area_m2=35.150 frontier_groups=182 reachable_candidates=213 goal=(5.500,3.000) odom_distance_m=20.754 reason=안전한 Frontier 후보 있음 selection_reason=구역 유지: 현재 목표 유지 goal_reached=N/A planning_failures=N/A
t=340.03s frontier_score cell=(130, 155) goal=(5.5, 3.0) gain_m2=3.190 distance_m=2.100 turn_rad=0.886 revisit=0.000 score=0.588 selected=True
t=340.03s frontier_score cell=(131, 154) goal=(5.4, 3.1) gain_m2=2.910 distance_m=2.100 turn_rad=0.886 revisit=0.000 score=0.468 selected=False
t=340.03s frontier_score cell=(132, 154) goal=(5.4, 3.2) gain_m2=2.900 distance_m=2.200 turn_rad=0.886 revisit=0.000 score=0.430 selected=False
t=340.03s frontier_score cell=(120, 149) goal=(4.9, 2.0) gain_m2=1.430 distance_m=0.100 turn_rad=2.256 revisit=0.000 score=0.367 selected=False
t=340.03s frontier_score cell=(101, 164) goal=(6.4, 0.1) gain_m2=4.260 distance_m=4.500 turn_rad=0.886 revisit=0.000 score=0.249 selected=False
t=340.03s state=MOVING mission=DISABLED front=1.81m pose=(+4.80, +2.04, +129.2deg) goal=(5.5, 3.0) detections=1 located=0 targets=0 perception=WAIT_CALIBRATION
t=340.03s map_saved=C:\Users\woosu\OneDrive\Desktop\hkton\controllers\tb3_teleop\maps\map.png
t=341.06s exploration known_area_m2=35.300 frontier_groups=175 reachable_candidates=199 goal=(5.500,3.000) odom_distance_m=20.790 reason=안전한 Frontier 후보 있음 selection_reason=구역 유지: 현재 목표 유지 goal_reached=N/A planning_failures=N/A
t=341.06s frontier_score cell=(130, 155) goal=(5.5, 3.0) gain_m2=3.140 distance_m=2.000 turn_rad=0.893 revisit=0.000 score=0.600 selected=True
t=341.06s frontier_score cell=(131, 154) goal=(5.4, 3.1) gain_m2=2.860 distance_m=2.000 turn_rad=0.893 revisit=0.000 score=0.479 selected=False
t=341.06s frontier_score cell=(132, 154) goal=(5.4, 3.2) gain_m2=2.850 distance_m=2.100 turn_rad=0.893 revisit=0.000 score=0.441 selected=False
t=341.06s frontier_score cell=(146, 155) goal=(5.5, 4.6000000000000005) gain_m2=4.350 distance_m=4.600 turn_rad=0.893 revisit=0.000 score=0.254 selected=False
t=341.06s frontier_score cell=(101, 164) goal=(6.4, 0.1) gain_m2=4.260 distance_m=4.600 turn_rad=0.893 revisit=0.000 score=0.215 selected=False
t=341.06s state=MOVING mission=DISABLED front=1.83m pose=(+4.78, +2.07, +128.8deg) goal=(5.5, 3.0) detections=1 located=0 targets=0 perception=WAIT_CALIBRATION
t=342.02s exploration known_area_m2=35.270 frontier_groups=183 reachable_candidates=206 goal=(5.500,3.000) odom_distance_m=20.854 reason=안전한 Frontier 후보 있음 selection_reason=구역 유지: 현재 목표 유지 goal_reached=N/A planning_failures=N/A
t=342.02s frontier_score cell=(130, 155) goal=(5.5, 3.0) gain_m2=3.140 distance_m=2.000 turn_rad=0.880 revisit=0.000 score=0.601 selected=True
t=342.02s frontier_score cell=(131, 154) goal=(5.4, 3.1) gain_m2=2.870 distance_m=2.000 turn_rad=0.880 revisit=0.000 score=0.485 selected=False
t=342.02s frontier_score cell=(132, 154) goal=(5.4, 3.2) gain_m2=2.860 distance_m=2.100 turn_rad=0.880 revisit=0.000 score=0.447 selected=False
t=342.02s frontier_score cell=(146, 155) goal=(5.5, 4.6000000000000005) gain_m2=4.360 distance_m=4.600 turn_rad=0.880 revisit=0.000 score=0.259 selected=False
t=342.02s frontier_score cell=(101, 164) goal=(6.4, 0.1) gain_m2=4.260 distance_m=4.600 turn_rad=0.880 revisit=0.000 score=0.216 selected=False
t=342.02s state=MOVING mission=DISABLED front=1.81m pose=(+4.76, +2.13, +129.6deg) goal=(5.5, 3.0) detections=1 located=0 targets=0 perception=WAIT_CALIBRATION
t=343.04s exploration known_area_m2=35.320 frontier_groups=184 reachable_candidates=210 goal=(5.500,3.000) odom_distance_m=20.855 reason=안전한 Frontier 후보 있음 selection_reason=구역 유지: 현재 목표 유지 goal_reached=N/A planning_failures=N/A
t=343.04s frontier_score cell=(130, 155) goal=(5.5, 3.0) gain_m2=3.140 distance_m=2.000 turn_rad=0.911 revisit=0.000 score=0.598 selected=True
t=343.04s frontier_score cell=(131, 154) goal=(5.4, 3.1) gain_m2=2.860 distance_m=2.000 turn_rad=0.911 revisit=0.000 score=0.477 selected=False
t=343.04s frontier_score cell=(132, 154) goal=(5.4, 3.2) gain_m2=2.850 distance_m=2.100 turn_rad=0.911 revisit=0.000 score=0.440 selected=False
t=343.04s frontier_score cell=(146, 155) goal=(5.5, 4.6000000000000005) gain_m2=4.350 distance_m=4.600 turn_rad=0.911 revisit=0.000 score=0.252 selected=False
t=343.04s frontier_score cell=(101, 164) goal=(6.4, 0.1) gain_m2=4.260 distance_m=4.600 turn_rad=0.911 revisit=0.000 score=0.213 selected=False
t=343.04s state=MOVING mission=DISABLED front=1.82m pose=(+4.76, +2.13, +127.8deg) goal=(5.5, 3.0) detections=1 located=0 targets=0 perception=WAIT_CALIBRATION
t=344.00s exploration known_area_m2=35.270 frontier_groups=188 reachable_candidates=215 goal=(5.500,3.000) odom_distance_m=20.898 reason=안전한 Frontier 후보 있음 selection_reason=구역 유지: 현재 목표 유지 goal_reached=N/A planning_failures=N/A
t=344.00s frontier_score cell=(130, 155) goal=(5.5, 3.0) gain_m2=3.170 distance_m=1.800 turn_rad=0.915 revisit=0.000 score=0.677 selected=True
t=344.00s frontier_score cell=(131, 154) goal=(5.4, 3.1) gain_m2=2.890 distance_m=1.800 turn_rad=0.915 revisit=0.000 score=0.557 selected=False
t=344.00s frontier_score cell=(132, 154) goal=(5.4, 3.2) gain_m2=2.880 distance_m=1.900 turn_rad=0.915 revisit=0.000 score=0.519 selected=False
t=344.00s frontier_score cell=(146, 132) goal=(3.2, 4.6000000000000005) gain_m2=4.070 distance_m=3.900 turn_rad=0.915 revisit=0.000 score=0.364 selected=False
t=344.00s frontier_score cell=(146, 155) goal=(5.5, 4.6000000000000005) gain_m2=4.380 distance_m=4.400 turn_rad=0.915 revisit=0.000 score=0.331 selected=False
t=344.00s state=MOVING mission=DISABLED front=1.81m pose=(+4.75, +2.17, +127.6deg) goal=(5.5, 3.0) detections=1 located=0 targets=0 perception=WAIT_CALIBRATION
t=345.02s exploration known_area_m2=35.130 frontier_groups=202 reachable_candidates=239 goal=(5.500,3.000) odom_distance_m=20.921 reason=안전한 Frontier 후보 있음 selection_reason=구역 유지: 현재 목표 유지 goal_reached=N/A planning_failures=N/A
t=345.02s frontier_score cell=(130, 155) goal=(5.5, 3.0) gain_m2=3.220 distance_m=1.800 turn_rad=0.932 revisit=0.000 score=0.697 selected=True
t=345.02s frontier_score cell=(131, 154) goal=(5.4, 3.1) gain_m2=2.940 distance_m=1.800 turn_rad=0.932 revisit=0.000 score=0.576 selected=False
t=345.02s frontier_score cell=(132, 154) goal=(5.4, 3.2) gain_m2=2.940 distance_m=1.900 turn_rad=0.932 revisit=0.000 score=0.543 selected=False
t=345.02s frontier_score cell=(146, 132) goal=(3.2, 4.6000000000000005) gain_m2=4.050 distance_m=3.900 turn_rad=0.932 revisit=0.000 score=0.354 selected=False
t=345.02s frontier_score cell=(145, 132) goal=(3.2, 4.5) gain_m2=3.890 distance_m=3.800 turn_rad=0.932 revisit=0.000 score=0.319 selected=False
t=345.02s state=MOVING mission=DISABLED front=1.81m pose=(+4.74, +2.19, +126.6deg) goal=(5.5, 3.0) detections=1 located=0 targets=0 perception=WAIT_CALIBRATION
t=345.02s map_saved=C:\Users\woosu\OneDrive\Desktop\hkton\controllers\tb3_teleop\maps\map.png
t=346.05s exploration known_area_m2=35.230 frontier_groups=200 reachable_candidates=223 goal=(5.500,3.000) odom_distance_m=20.949 reason=안전한 Frontier 후보 있음 selection_reason=구역 유지: 현재 목표 유지 goal_reached=N/A planning_failures=N/A
t=346.05s frontier_score cell=(130, 155) goal=(5.5, 3.0) gain_m2=3.200 distance_m=1.800 turn_rad=0.928 revisit=0.000 score=0.689 selected=True
t=346.05s frontier_score cell=(131, 154) goal=(5.4, 3.1) gain_m2=2.930 distance_m=1.800 turn_rad=0.928 revisit=0.000 score=0.572 selected=False
t=346.05s frontier_score cell=(132, 154) goal=(5.4, 3.2) gain_m2=2.920 distance_m=1.900 turn_rad=0.928 revisit=0.000 score=0.535 selected=False
t=346.05s frontier_score cell=(145, 131) goal=(3.1, 4.5) gain_m2=3.980 distance_m=3.900 turn_rad=0.928 revisit=0.000 score=0.324 selected=False
t=346.05s frontier_score cell=(146, 132) goal=(3.2, 4.6000000000000005) gain_m2=3.980 distance_m=3.900 turn_rad=0.928 revisit=0.000 score=0.324 selected=False
t=346.05s state=MOVING mission=DISABLED front=1.81m pose=(+4.73, +2.21, +126.8deg) goal=(5.5, 3.0) detections=1 located=0 targets=0 perception=WAIT_CALIBRATION
t=347.01s exploration known_area_m2=35.290 frontier_groups=214 reachable_candidates=233 goal=(5.500,3.000) odom_distance_m=20.955 reason=안전한 Frontier 후보 있음 selection_reason=구역 유지: 현재 목표 유지 goal_reached=N/A planning_failures=N/A
t=347.01s frontier_score cell=(130, 155) goal=(5.5, 3.0) gain_m2=3.180 distance_m=2.000 turn_rad=0.928 revisit=0.000 score=0.613 selected=True
t=347.01s frontier_score cell=(131, 154) goal=(5.4, 3.1) gain_m2=2.900 distance_m=2.000 turn_rad=0.928 revisit=0.000 score=0.493 selected=False
t=347.01s frontier_score cell=(132, 154) goal=(5.4, 3.2) gain_m2=2.900 distance_m=2.100 turn_rad=0.928 revisit=0.000 score=0.460 selected=False
t=347.01s frontier_score cell=(146, 132) goal=(3.2, 4.6000000000000005) gain_m2=4.000 distance_m=3.900 turn_rad=0.928 revisit=0.000 score=0.333 selected=False
t=347.01s frontier_score cell=(145, 131) goal=(3.1, 4.5) gain_m2=3.980 distance_m=3.900 turn_rad=0.928 revisit=0.000 score=0.324 selected=False
t=347.01s state=MOVING mission=DISABLED front=1.82m pose=(+4.74, +2.20, +126.8deg) goal=(5.5, 3.0) detections=1 located=0 targets=0 perception=WAIT_CALIBRATION
t=348.03s exploration known_area_m2=35.370 frontier_groups=205 reachable_candidates=227 goal=(5.500,3.000) odom_distance_m=20.956 reason=안전한 Frontier 후보 있음 selection_reason=구역 유지: 현재 목표 유지 goal_reached=N/A planning_failures=N/A
t=348.03s frontier_score cell=(130, 155) goal=(5.5, 3.0) gain_m2=3.210 distance_m=2.200 turn_rad=0.881 revisit=0.000 score=0.564 selected=True
t=348.03s frontier_score cell=(131, 154) goal=(5.4, 3.1) gain_m2=2.930 distance_m=2.000 turn_rad=0.881 revisit=0.000 score=0.510 selected=False
t=348.03s frontier_score cell=(132, 154) goal=(5.4, 3.2) gain_m2=2.920 distance_m=2.100 turn_rad=0.881 revisit=0.000 score=0.473 selected=False
t=348.03s frontier_score cell=(146, 132) goal=(3.2, 4.6000000000000005) gain_m2=3.960 distance_m=3.900 turn_rad=0.881 revisit=0.000 score=0.320 selected=False
t=348.03s frontier_score cell=(148, 134) goal=(3.4000000000000004, 4.800000000000001) gain_m2=3.950 distance_m=3.900 turn_rad=0.881 revisit=0.000 score=0.316 selected=False
t=348.03s state=MOVING mission=DISABLED front=1.82m pose=(+4.74, +2.20, +129.5deg) goal=(5.5, 3.0) detections=1 located=0 targets=0 perception=WAIT_CALIBRATION
t=349.06s exploration known_area_m2=35.480 frontier_groups=198 reachable_candidates=211 goal=(5.500,3.000) odom_distance_m=20.979 reason=안전한 Frontier 후보 있음 selection_reason=구역 유지: 현재 목표 유지 goal_reached=N/A planning_failures=N/A
t=349.06s frontier_score cell=(130, 155) goal=(5.5, 3.0) gain_m2=3.160 distance_m=2.200 turn_rad=0.862 revisit=0.000 score=0.544 selected=True
t=349.06s frontier_score cell=(131, 154) goal=(5.4, 3.1) gain_m2=2.880 distance_m=2.000 turn_rad=0.862 revisit=0.000 score=0.491 selected=False
t=349.06s frontier_score cell=(132, 154) goal=(5.4, 3.2) gain_m2=2.870 distance_m=2.100 turn_rad=0.862 revisit=0.000 score=0.453 selected=False
t=349.06s frontier_score cell=(146, 132) goal=(3.2, 4.6000000000000005) gain_m2=3.900 distance_m=3.900 turn_rad=0.862 revisit=0.000 score=0.296 selected=False
t=349.06s frontier_score cell=(145, 131) goal=(3.1, 4.5) gain_m2=3.890 distance_m=3.900 turn_rad=0.862 revisit=0.000 score=0.292 selected=False
t=349.06s state=MOVING mission=DISABLED front=1.82m pose=(+4.74, +2.18, +130.6deg) goal=(5.5, 3.0) detections=1 located=0 targets=0 perception=WAIT_CALIBRATION
t=350.02s exploration known_area_m2=35.480 frontier_groups=203 reachable_candidates=222 goal=(5.500,3.000) odom_distance_m=21.047 reason=안전한 Frontier 후보 있음 selection_reason=구역 유지: 현재 목표 유지 goal_reached=N/A planning_failures=N/A
t=350.02s frontier_score cell=(130, 155) goal=(5.5, 3.0) gain_m2=3.190 distance_m=2.400 turn_rad=0.677 revisit=0.000 score=0.508 selected=True
t=350.02s frontier_score cell=(131, 154) goal=(5.4, 3.1) gain_m2=2.910 distance_m=2.200 turn_rad=0.677 revisit=0.000 score=0.455 selected=False
t=350.02s frontier_score cell=(132, 154) goal=(5.4, 3.2) gain_m2=2.900 distance_m=2.300 turn_rad=0.677 revisit=0.000 score=0.417 selected=False
t=350.02s frontier_score cell=(122, 148) goal=(4.800000000000001, 2.2) gain_m2=1.180 distance_m=0.100 turn_rad=0.677 revisit=0.000 score=0.410 selected=False
t=350.02s frontier_score cell=(146, 131) goal=(3.1, 4.6000000000000005) gain_m2=4.020 distance_m=4.200 turn_rad=0.677 revisit=0.000 score=0.266 selected=False
t=350.02s state=MOVING mission=DISABLED front=1.82m pose=(+4.77, +2.11, +128.8deg) goal=(5.5, 3.0) detections=1 located=0 targets=0 perception=WAIT_CALIBRATION
t=350.02s map_saved=C:\Users\woosu\OneDrive\Desktop\hkton\controllers\tb3_teleop\maps\map.png
t=351.04s exploration known_area_m2=35.540 frontier_groups=206 reachable_candidates=221 goal=(5.500,3.000) odom_distance_m=21.078 reason=안전한 Frontier 후보 있음 selection_reason=구역 유지: 현재 목표 유지 goal_reached=N/A planning_failures=N/A
t=351.04s frontier_score cell=(130, 155) goal=(5.5, 3.0) gain_m2=3.170 distance_m=2.400 turn_rad=0.911 revisit=0.000 score=0.477 selected=True
t=351.04s frontier_score cell=(131, 154) goal=(5.4, 3.1) gain_m2=2.890 distance_m=2.200 turn_rad=0.911 revisit=0.000 score=0.424 selected=False
t=351.04s frontier_score cell=(132, 154) goal=(5.4, 3.2) gain_m2=2.890 distance_m=2.300 turn_rad=0.911 revisit=0.000 score=0.390 selected=False
t=351.04s frontier_score cell=(101, 164) goal=(6.4, 0.1) gain_m2=4.310 distance_m=4.600 turn_rad=0.911 revisit=0.000 score=0.235 selected=False
t=351.04s frontier_score cell=(146, 131) goal=(3.1, 4.6000000000000005) gain_m2=4.000 distance_m=4.200 turn_rad=0.911 revisit=0.000 score=0.235 selected=False
t=351.04s state=MOVING mission=DISABLED front=1.81m pose=(+4.78, +2.09, +127.8deg) goal=(5.5, 3.0) detections=1 located=0 targets=0 perception=WAIT_CALIBRATION
t=351.94s goal_change=(5.5, 3.0)->(3.1, 4.7) reason=호출자가 목표를 변경함
t=352.00s exploration known_area_m2=35.550 frontier_groups=203 reachable_candidates=217 goal=(3.100,4.700) odom_distance_m=21.118 reason=안전한 Frontier 후보 있음 selection_reason=구역 유지: 현재 목표 유지 goal_reached=N/A planning_failures=N/A
t=352.00s frontier_score cell=(130, 155) goal=(5.5, 3.0) gain_m2=3.180 distance_m=2.200 turn_rad=0.901 revisit=0.000 score=0.549 selected=False
t=352.00s frontier_score cell=(131, 154) goal=(5.4, 3.1) gain_m2=2.900 distance_m=2.000 turn_rad=0.901 revisit=0.000 score=0.495 selected=False
t=352.00s frontier_score cell=(132, 154) goal=(5.4, 3.2) gain_m2=2.910 distance_m=2.100 turn_rad=0.901 revisit=0.000 score=0.466 selected=False
t=352.00s frontier_score cell=(147, 131) goal=(3.1, 4.7) gain_m2=4.190 distance_m=4.300 turn_rad=0.901 revisit=0.000 score=0.284 selected=True
t=352.00s frontier_score cell=(101, 164) goal=(6.4, 0.1) gain_m2=4.310 distance_m=4.600 turn_rad=0.901 revisit=0.000 score=0.236 selected=False
t=352.00s state=MOVING mission=DISABLED front=1.81m pose=(+4.77, +2.12, +128.4deg) goal=(3.1, 4.7) detections=1 located=0 targets=0 perception=WAIT_CALIBRATION
t=353.02s exploration known_area_m2=35.610 frontier_groups=205 reachable_candidates=215 goal=(3.100,4.700) odom_distance_m=21.119 reason=안전한 Frontier 후보 있음 selection_reason=구역 유지: 현재 목표 유지 goal_reached=N/A planning_failures=N/A
t=353.02s frontier_score cell=(130, 155) goal=(5.5, 3.0) gain_m2=3.150 distance_m=2.200 turn_rad=0.856 revisit=0.000 score=0.541 selected=False
t=353.02s frontier_score cell=(131, 154) goal=(5.4, 3.1) gain_m2=2.870 distance_m=2.000 turn_rad=0.856 revisit=0.000 score=0.487 selected=False
t=353.02s frontier_score cell=(132, 154) goal=(5.4, 3.2) gain_m2=2.880 distance_m=2.100 turn_rad=0.856 revisit=0.000 score=0.458 selected=False
t=353.02s frontier_score cell=(147, 131) goal=(3.1, 4.7) gain_m2=4.150 distance_m=4.300 turn_rad=0.856 revisit=0.000 score=0.271 selected=True
t=353.02s frontier_score cell=(101, 164) goal=(6.4, 0.1) gain_m2=4.310 distance_m=4.600 turn_rad=0.856 revisit=0.000 score=0.240 selected=False
t=353.02s state=MOVING mission=DISABLED front=1.82m pose=(+4.77, +2.12, +131.0deg) goal=(3.1, 4.7) detections=2 located=0 targets=0 perception=WAIT_CALIBRATION
t=354.05s exploration known_area_m2=35.650 frontier_groups=192 reachable_candidates=208 goal=(3.100,4.700) odom_distance_m=21.161 reason=안전한 Frontier 후보 있음 selection_reason=구역 유지: 현재 목표 유지 goal_reached=N/A planning_failures=N/A
t=354.05s frontier_score cell=(130, 155) goal=(5.5, 3.0) gain_m2=3.140 distance_m=2.200 turn_rad=0.849 revisit=0.000 score=0.537 selected=False
t=354.05s frontier_score cell=(131, 154) goal=(5.4, 3.1) gain_m2=2.860 distance_m=2.000 turn_rad=0.849 revisit=0.000 score=0.483 selected=False
t=354.05s frontier_score cell=(132, 154) goal=(5.4, 3.2) gain_m2=2.870 distance_m=2.100 turn_rad=0.849 revisit=0.000 score=0.454 selected=False
t=354.05s frontier_score cell=(147, 131) goal=(3.1, 4.7) gain_m2=4.140 distance_m=4.300 turn_rad=0.849 revisit=0.000 score=0.267 selected=True
t=354.05s frontier_score cell=(101, 164) goal=(6.4, 0.1) gain_m2=4.310 distance_m=4.600 turn_rad=0.849 revisit=0.000 score=0.241 selected=False
t=354.05s state=MOVING mission=DISABLED front=1.83m pose=(+4.78, +2.08, +131.3deg) goal=(3.1, 4.7) detections=1 located=0 targets=0 perception=WAIT_CALIBRATION
t=355.01s exploration known_area_m2=35.620 frontier_groups=194 reachable_candidates=211 goal=(3.100,4.700) odom_distance_m=21.235 reason=안전한 Frontier 후보 있음 selection_reason=구역 유지: 현재 목표 유지 goal_reached=N/A planning_failures=N/A
t=355.01s frontier_score cell=(130, 155) goal=(5.5, 3.0) gain_m2=3.170 distance_m=2.100 turn_rad=0.687 revisit=0.000 score=0.599 selected=False
t=355.01s frontier_score cell=(121, 149) goal=(4.9, 2.1) gain_m2=1.430 distance_m=0.200 turn_rad=0.687 revisit=0.000 score=0.483 selected=False
t=355.01s frontier_score cell=(131, 154) goal=(5.4, 3.1) gain_m2=2.890 distance_m=2.100 turn_rad=0.687 revisit=0.000 score=0.478 selected=False
t=355.01s frontier_score cell=(132, 154) goal=(5.4, 3.2) gain_m2=2.890 distance_m=2.200 turn_rad=0.687 revisit=0.000 score=0.445 selected=False
t=355.01s frontier_score cell=(121, 148) goal=(4.800000000000001, 2.1) gain_m2=1.180 distance_m=0.100 turn_rad=0.687 revisit=0.000 score=0.409 selected=False
t=355.01s frontier_score cell=(147, 131) goal=(3.1, 4.7) gain_m2=4.140 distance_m=4.400 turn_rad=0.687 revisit=0.000 score=0.250 selected=True
t=355.01s state=MOVING mission=DISABLED front=1.81m pose=(+4.81, +2.01, +129.4deg) goal=(3.1, 4.7) detections=1 located=0 targets=0 perception=WAIT_CALIBRATION
t=355.01s map_saved=C:\Users\woosu\OneDrive\Desktop\hkton\controllers\tb3_teleop\maps\map.png
t=356.03s exploration known_area_m2=35.500 frontier_groups=195 reachable_candidates=223 goal=(3.100,4.700) odom_distance_m=21.282 reason=안전한 Frontier 후보 있음 selection_reason=구역 유지: 현재 목표 유지 goal_reached=N/A planning_failures=N/A
t=356.03s frontier_score cell=(130, 155) goal=(5.5, 3.0) gain_m2=3.200 distance_m=2.100 turn_rad=0.663 revisit=0.000 score=0.614 selected=False
t=356.03s frontier_score cell=(131, 154) goal=(5.4, 3.1) gain_m2=2.920 distance_m=2.100 turn_rad=0.663 revisit=0.000 score=0.494 selected=False
t=356.03s frontier_score cell=(132, 154) goal=(5.4, 3.2) gain_m2=2.910 distance_m=2.200 turn_rad=0.663 revisit=0.000 score=0.456 selected=False
t=356.03s frontier_score cell=(101, 164) goal=(6.4, 0.1) gain_m2=4.310 distance_m=4.500 turn_rad=0.908 revisit=0.000 score=0.268 selected=False
t=356.03s frontier_score cell=(147, 131) goal=(3.1, 4.7) gain_m2=4.170 distance_m=4.400 turn_rad=0.663 revisit=0.000 score=0.265 selected=True
t=356.03s state=MOVING mission=DISABLED front=1.83m pose=(+4.82, +1.96, +128.0deg) goal=(3.1, 4.7) detections=1 located=0 targets=0 perception=WAIT_CALIBRATION
t=357.06s exploration known_area_m2=35.440 frontier_groups=201 reachable_candidates=227 goal=(3.100,4.700) odom_distance_m=21.319 reason=안전한 Frontier 후보 있음 selection_reason=구역 유지: 현재 목표 유지 goal_reached=N/A planning_failures=N/A
t=357.06s frontier_score cell=(130, 155) goal=(5.5, 3.0) gain_m2=3.170 distance_m=2.200 turn_rad=0.644 revisit=0.000 score=0.570 selected=False
t=357.06s frontier_score cell=(120, 149) goal=(4.9, 2.0) gain_m2=1.530 distance_m=0.200 turn_rad=0.644 revisit=0.000 score=0.530 selected=False
t=357.06s frontier_score cell=(131, 154) goal=(5.4, 3.1) gain_m2=2.900 distance_m=2.200 turn_rad=0.644 revisit=0.000 score=0.453 selected=False
t=357.06s frontier_score cell=(121, 148) goal=(4.800000000000001, 2.1) gain_m2=1.280 distance_m=0.200 turn_rad=0.644 revisit=0.000 score=0.423 selected=False
t=357.06s frontier_score cell=(132, 154) goal=(5.4, 3.2) gain_m2=2.890 distance_m=2.300 turn_rad=0.644 revisit=0.000 score=0.416 selected=False
t=357.06s frontier_score cell=(147, 131) goal=(3.1, 4.7) gain_m2=4.160 distance_m=4.500 turn_rad=0.644 revisit=0.000 score=0.229 selected=True
t=357.06s state=MOVING mission=DISABLED front=1.82m pose=(+4.84, +1.93, +126.9deg) goal=(3.1, 4.7) detections=1 located=0 targets=0 perception=WAIT_CALIBRATION
t=358.02s exploration known_area_m2=35.330 frontier_groups=208 reachable_candidates=245 goal=(3.100,4.700) odom_distance_m=21.345 reason=안전한 Frontier 후보 있음 selection_reason=구역 유지: 현재 목표 유지 goal_reached=N/A planning_failures=N/A
t=358.02s frontier_score cell=(130, 155) goal=(5.5, 3.0) gain_m2=3.260 distance_m=2.000 turn_rad=0.631 revisit=0.000 score=0.676 selected=False
t=358.02s frontier_score cell=(131, 154) goal=(5.4, 3.1) gain_m2=3.010 distance_m=2.000 turn_rad=0.631 revisit=0.000 score=0.569 selected=False
t=358.02s frontier_score cell=(132, 154) goal=(5.4, 3.2) gain_m2=2.990 distance_m=2.100 turn_rad=0.631 revisit=0.000 score=0.527 selected=False
t=358.02s frontier_score cell=(118, 150) goal=(5.0, 1.8) gain_m2=1.930 distance_m=0.300 turn_rad=2.201 revisit=0.000 score=0.520 selected=False
t=358.02s frontier_score cell=(117, 150) goal=(5.0, 1.7000000000000002) gain_m2=1.970 distance_m=0.400 turn_rad=2.201 revisit=0.000 score=0.504 selected=False
t=358.02s frontier_score cell=(147, 131) goal=(3.1, 4.7) gain_m2=4.210 distance_m=4.500 turn_rad=0.631 revisit=0.000 score=0.252 selected=True
t=358.02s state=MOVING mission=DISABLED front=1.81m pose=(+4.84, +1.91, +126.1deg) goal=(3.1, 4.7) detections=1 located=0 targets=0 perception=WAIT_CALIBRATION
t=359.04s exploration known_area_m2=35.430 frontier_groups=210 reachable_candidates=239 goal=(3.100,4.700) odom_distance_m=21.362 reason=안전한 Frontier 후보 있음 selection_reason=구역 유지: 현재 목표 유지 goal_reached=N/A planning_failures=N/A
t=359.04s frontier_score cell=(130, 155) goal=(5.5, 3.0) gain_m2=3.210 distance_m=2.100 turn_rad=0.931 revisit=0.000 score=0.593 selected=False
t=359.04s frontier_score cell=(119, 150) goal=(5.0, 1.9000000000000001) gain_m2=1.780 distance_m=0.100 turn_rad=2.210 revisit=0.000 score=0.522 selected=False
t=359.04s frontier_score cell=(118, 150) goal=(5.0, 1.8) gain_m2=1.850 distance_m=0.200 turn_rad=2.210 revisit=0.000 score=0.519 selected=False
t=359.04s frontier_score cell=(117, 150) goal=(5.0, 1.7000000000000002) gain_m2=1.880 distance_m=0.300 turn_rad=2.210 revisit=0.000 score=0.498 selected=False
t=359.04s frontier_score cell=(131, 154) goal=(5.4, 3.1) gain_m2=2.950 distance_m=2.100 turn_rad=0.931 revisit=0.000 score=0.481 selected=False
t=359.04s frontier_score cell=(147, 131) goal=(3.1, 4.7) gain_m2=4.240 distance_m=4.600 turn_rad=0.931 revisit=0.000 score=0.203 selected=True
t=359.04s state=MOVING mission=DISABLED front=1.81m pose=(+4.85, +1.89, +126.6deg) goal=(3.1, 4.7) detections=1 located=0 targets=0 perception=WAIT_CALIBRATION
t=360.00s exploration known_area_m2=35.370 frontier_groups=211 reachable_candidates=244 goal=(3.100,4.700) odom_distance_m=21.420 reason=안전한 Frontier 후보 있음 selection_reason=구역 유지: 현재 목표 유지 goal_reached=N/A planning_failures=N/A
t=360.00s frontier_score cell=(130, 155) goal=(5.5, 3.0) gain_m2=3.210 distance_m=2.200 turn_rad=0.623 revisit=0.000 score=0.589 selected=False
t=360.00s frontier_score cell=(119, 149) goal=(4.9, 1.9000000000000001) gain_m2=1.480 distance_m=0.100 turn_rad=0.623 revisit=0.000 score=0.544 selected=False
t=360.00s frontier_score cell=(131, 154) goal=(5.4, 3.1) gain_m2=2.930 distance_m=2.200 turn_rad=0.623 revisit=0.000 score=0.468 selected=False
t=360.00s frontier_score cell=(132, 154) goal=(5.4, 3.2) gain_m2=2.920 distance_m=2.300 turn_rad=0.623 revisit=0.000 score=0.431 selected=False
t=360.00s frontier_score cell=(120, 148) goal=(4.800000000000001, 2.0) gain_m2=1.190 distance_m=0.300 turn_rad=0.623 revisit=0.000 score=0.353 selected=False
t=360.00s frontier_score cell=(147, 131) goal=(3.1, 4.7) gain_m2=4.280 distance_m=4.700 turn_rad=0.623 revisit=0.000 score=0.216 selected=True
t=360.00s state=MOVING mission=DISABLED front=1.79m pose=(+4.87, +1.84, +125.7deg) goal=(3.1, 4.7) detections=1 located=0 targets=0 perception=WAIT_CALIBRATION
t=360.00s map_saved=C:\Users\woosu\OneDrive\Desktop\hkton\controllers\tb3_teleop\maps\map.png
t=361.02s exploration known_area_m2=35.360 frontier_groups=212 reachable_candidates=248 goal=(3.100,4.700) odom_distance_m=21.503 reason=안전한 Frontier 후보 있음 selection_reason=구역 유지: 현재 목표 유지 goal_reached=N/A planning_failures=N/A
t=361.02s frontier_score cell=(130, 155) goal=(5.5, 3.0) gain_m2=3.220 distance_m=2.200 turn_rad=0.593 revisit=0.000 score=0.596 selected=False
t=361.02s frontier_score cell=(119, 149) goal=(4.9, 1.9000000000000001) gain_m2=1.460 distance_m=0.100 turn_rad=0.593 revisit=0.000 score=0.538 selected=False
t=361.02s frontier_score cell=(131, 154) goal=(5.4, 3.1) gain_m2=2.940 distance_m=2.200 turn_rad=0.593 revisit=0.000 score=0.475 selected=False
t=361.02s frontier_score cell=(132, 154) goal=(5.4, 3.2) gain_m2=2.930 distance_m=2.300 turn_rad=0.593 revisit=0.000 score=0.438 selected=False
t=361.02s frontier_score cell=(120, 148) goal=(4.800000000000001, 2.0) gain_m2=1.170 distance_m=0.300 turn_rad=0.593 revisit=0.000 score=0.347 selected=False
t=361.02s frontier_score cell=(147, 131) goal=(3.1, 4.7) gain_m2=4.290 distance_m=4.700 turn_rad=0.593 revisit=0.000 score=0.223 selected=True
t=361.02s state=MOVING mission=DISABLED front=1.78m pose=(+4.89, +1.77, +124.0deg) goal=(3.1, 4.7) detections=1 located=0 targets=0 perception=WAIT_CALIBRATION
t=362.05s exploration known_area_m2=35.300 frontier_groups=212 reachable_candidates=252 goal=(3.100,4.700) odom_distance_m=21.551 reason=안전한 Frontier 후보 있음 selection_reason=구역 유지: 현재 목표 유지 goal_reached=N/A planning_failures=N/A
t=362.05s frontier_score cell=(118, 150) goal=(5.0, 1.8) gain_m2=1.820 distance_m=0.200 turn_rad=0.574 revisit=0.000 score=0.662 selected=False
t=362.05s frontier_score cell=(130, 155) goal=(5.5, 3.0) gain_m2=3.180 distance_m=2.300 turn_rad=0.574 revisit=0.000 score=0.547 selected=False
t=362.05s frontier_score cell=(119, 149) goal=(4.9, 1.9000000000000001) gain_m2=1.490 distance_m=0.200 turn_rad=0.574 revisit=0.000 score=0.520 selected=False
t=362.05s frontier_score cell=(131, 154) goal=(5.4, 3.1) gain_m2=2.900 distance_m=2.300 turn_rad=0.574 revisit=0.000 score=0.427 selected=False
t=362.05s frontier_score cell=(132, 154) goal=(5.4, 3.2) gain_m2=2.890 distance_m=2.400 turn_rad=0.574 revisit=0.000 score=0.389 selected=False
t=362.05s frontier_score cell=(147, 131) goal=(3.1, 4.7) gain_m2=4.250 distance_m=4.800 turn_rad=0.574 revisit=0.000 score=0.174 selected=True
t=362.05s state=MOVING mission=DISABLED front=1.81m pose=(+4.91, +1.73, +122.9deg) goal=(3.1, 4.7) detections=1 located=0 targets=0 perception=WAIT_CALIBRATION
t=363.01s exploration known_area_m2=35.140 frontier_groups=218 reachable_candidates=256 goal=(3.100,4.700) odom_distance_m=21.590 reason=안전한 Frontier 후보 있음 selection_reason=구역 유지: 현재 목표 유지 goal_reached=N/A planning_failures=N/A
t=363.01s frontier_score cell=(118, 150) goal=(5.0, 1.8) gain_m2=1.890 distance_m=0.200 turn_rad=0.550 revisit=0.000 score=0.694 selected=False
t=363.01s frontier_score cell=(130, 155) goal=(5.5, 3.0) gain_m2=3.270 distance_m=2.100 turn_rad=0.550 revisit=0.000 score=0.655 selected=False
t=363.01s frontier_score cell=(131, 154) goal=(5.4, 3.1) gain_m2=2.990 distance_m=2.100 turn_rad=0.550 revisit=0.000 score=0.534 selected=False
t=363.01s frontier_score cell=(132, 154) goal=(5.4, 3.2) gain_m2=2.980 distance_m=2.200 turn_rad=0.550 revisit=0.000 score=0.497 selected=False
t=363.01s frontier_score cell=(146, 155) goal=(5.5, 4.6000000000000005) gain_m2=4.460 distance_m=4.500 turn_rad=0.550 revisit=0.000 score=0.367 selected=False
t=363.01s frontier_score cell=(147, 131) goal=(3.1, 4.7) gain_m2=4.250 distance_m=4.800 turn_rad=0.550 revisit=0.000 score=0.177 selected=True
t=363.01s state=MOVING mission=DISABLED front=1.81m pose=(+4.92, +1.69, +121.5deg) goal=(3.1, 4.7) detections=1 located=0 targets=0 perception=WAIT_CALIBRATION
t=364.03s exploration known_area_m2=35.200 frontier_groups=231 reachable_candidates=266 goal=(3.100,4.700) odom_distance_m=21.619 reason=안전한 Frontier 후보 있음 selection_reason=구역 유지: 현재 목표 유지 goal_reached=N/A planning_failures=N/A
t=364.03s frontier_score cell=(130, 155) goal=(5.5, 3.0) gain_m2=3.230 distance_m=2.100 turn_rad=0.536 revisit=0.000 score=0.639 selected=False
t=364.03s frontier_score cell=(118, 149) goal=(4.9, 1.8) gain_m2=1.600 distance_m=0.100 turn_rad=0.536 revisit=0.000 score=0.604 selected=False
t=364.03s frontier_score cell=(117, 150) goal=(5.0, 1.7000000000000002) gain_m2=1.900 distance_m=0.100 turn_rad=2.106 revisit=0.000 score=0.583 selected=False
t=364.03s frontier_score cell=(131, 154) goal=(5.4, 3.1) gain_m2=2.960 distance_m=2.100 turn_rad=0.536 revisit=0.000 score=0.523 selected=False
t=364.03s frontier_score cell=(132, 154) goal=(5.4, 3.2) gain_m2=2.950 distance_m=2.200 turn_rad=0.536 revisit=0.000 score=0.485 selected=False
t=364.03s frontier_score cell=(147, 131) goal=(3.1, 4.7) gain_m2=4.300 distance_m=4.800 turn_rad=0.536 revisit=0.000 score=0.200 selected=True
t=364.03s state=MOVING mission=DISABLED front=1.80m pose=(+4.91, +1.71, +120.7deg) goal=(3.1, 4.7) detections=1 located=0 targets=0 perception=WAIT_CALIBRATION
t=365.06s exploration known_area_m2=35.290 frontier_groups=224 reachable_candidates=253 goal=(3.100,4.700) odom_distance_m=21.642 reason=안전한 Frontier 후보 있음 selection_reason=구역 유지: 현재 목표 유지 goal_reached=N/A planning_failures=N/A
t=365.06s frontier_score cell=(130, 155) goal=(5.5, 3.0) gain_m2=3.180 distance_m=2.100 turn_rad=1.029 revisit=0.000 score=0.570 selected=False
t=365.06s frontier_score cell=(131, 154) goal=(5.4, 3.1) gain_m2=2.900 distance_m=2.100 turn_rad=1.029 revisit=0.000 score=0.450 selected=False
t=365.06s frontier_score cell=(146, 155) goal=(5.5, 4.6000000000000005) gain_m2=4.400 distance_m=4.100 turn_rad=1.029 revisit=0.000 score=0.429 selected=False
t=365.06s frontier_score cell=(132, 154) goal=(5.4, 3.2) gain_m2=2.890 distance_m=2.200 turn_rad=1.029 revisit=0.000 score=0.412 selected=False
t=365.06s frontier_score cell=(146, 154) goal=(5.4, 4.6000000000000005) gain_m2=4.200 distance_m=4.000 turn_rad=1.029 revisit=0.000 score=0.376 selected=False
t=365.06s frontier_score cell=(147, 131) goal=(3.1, 4.7) gain_m2=4.290 distance_m=4.800 turn_rad=1.029 revisit=0.000 score=0.148 selected=True
t=365.06s state=MOVING mission=DISABLED front=1.78m pose=(+4.92, +1.70, +121.0deg) goal=(3.1, 4.7) detections=1 located=0 targets=0 perception=WAIT_CALIBRATION
t=365.06s map_saved=C:\Users\woosu\OneDrive\Desktop\hkton\controllers\tb3_teleop\maps\map.png
t=366.02s exploration known_area_m2=35.300 frontier_groups=219 reachable_candidates=244 goal=(3.100,4.700) odom_distance_m=21.642 reason=안전한 Frontier 후보 있음 selection_reason=구역 유지: 현재 목표 유지 goal_reached=N/A planning_failures=N/A
t=366.02s frontier_score cell=(130, 155) goal=(5.5, 3.0) gain_m2=3.160 distance_m=2.100 turn_rad=0.963 revisit=0.000 score=0.568 selected=False
t=366.02s frontier_score cell=(131, 154) goal=(5.4, 3.1) gain_m2=2.880 distance_m=2.100 turn_rad=0.963 revisit=0.000 score=0.448 selected=False
t=366.02s frontier_score cell=(146, 155) goal=(5.5, 4.6000000000000005) gain_m2=4.390 distance_m=4.100 turn_rad=0.963 revisit=0.000 score=0.431 selected=False
t=366.02s frontier_score cell=(132, 154) goal=(5.4, 3.2) gain_m2=2.870 distance_m=2.200 turn_rad=0.963 revisit=0.000 score=0.410 selected=False
t=366.02s frontier_score cell=(146, 154) goal=(5.4, 4.6000000000000005) gain_m2=4.190 distance_m=4.000 turn_rad=0.963 revisit=0.000 score=0.378 selected=False
t=366.02s frontier_score cell=(147, 131) goal=(3.1, 4.7) gain_m2=4.290 distance_m=4.800 turn_rad=0.963 revisit=0.000 score=0.155 selected=True
t=366.02s state=MOVING mission=DISABLED front=1.74m pose=(+4.92, +1.70, +124.8deg) goal=(3.1, 4.7) detections=1 located=0 targets=0 perception=WAIT_CALIBRATION
t=367.04s exploration known_area_m2=35.370 frontier_groups=211 reachable_candidates=234 goal=(3.100,4.700) odom_distance_m=21.655 reason=안전한 Frontier 후보 있음 selection_reason=구역 유지: 현재 목표 유지 goal_reached=N/A planning_failures=N/A
t=367.04s frontier_score cell=(130, 155) goal=(5.5, 3.0) gain_m2=3.140 distance_m=2.100 turn_rad=0.925 revisit=0.000 score=0.563 selected=False
t=367.04s frontier_score cell=(146, 155) goal=(5.5, 4.6000000000000005) gain_m2=4.370 distance_m=3.900 turn_rad=0.925 revisit=0.000 score=0.493 selected=False
t=367.04s frontier_score cell=(146, 154) goal=(5.4, 4.6000000000000005) gain_m2=4.180 distance_m=3.800 turn_rad=0.925 revisit=0.000 score=0.444 selected=False
t=367.04s frontier_score cell=(131, 154) goal=(5.4, 3.1) gain_m2=2.860 distance_m=2.100 turn_rad=0.925 revisit=0.000 score=0.443 selected=False
t=367.04s frontier_score cell=(132, 154) goal=(5.4, 3.2) gain_m2=2.850 distance_m=2.200 turn_rad=0.925 revisit=0.000 score=0.405 selected=False
t=367.04s frontier_score cell=(147, 131) goal=(3.1, 4.7) gain_m2=4.290 distance_m=4.800 turn_rad=0.925 revisit=0.000 score=0.158 selected=True
t=367.04s state=MOVING mission=DISABLED front=1.71m pose=(+4.91, +1.71, +127.0deg) goal=(3.1, 4.7) detections=1 located=0 targets=0 perception=WAIT_CALIBRATION
t=368.00s exploration known_area_m2=35.390 frontier_groups=212 reachable_candidates=236 goal=(3.100,4.700) odom_distance_m=21.679 reason=안전한 Frontier 후보 있음 selection_reason=구역 유지: 현재 목표 유지 goal_reached=N/A planning_failures=N/A
t=368.00s frontier_score cell=(130, 155) goal=(5.5, 3.0) gain_m2=3.140 distance_m=2.100 turn_rad=0.907 revisit=0.000 score=0.565 selected=False
t=368.00s frontier_score cell=(146, 155) goal=(5.5, 4.6000000000000005) gain_m2=4.370 distance_m=3.900 turn_rad=0.907 revisit=0.000 score=0.494 selected=False
t=368.00s frontier_score cell=(146, 154) goal=(5.4, 4.6000000000000005) gain_m2=4.180 distance_m=3.800 turn_rad=0.907 revisit=0.000 score=0.446 selected=False
t=368.00s frontier_score cell=(131, 154) goal=(5.4, 3.1) gain_m2=2.860 distance_m=2.100 turn_rad=0.907 revisit=0.000 score=0.444 selected=False
t=368.00s frontier_score cell=(132, 154) goal=(5.4, 3.2) gain_m2=2.850 distance_m=2.200 turn_rad=0.907 revisit=0.000 score=0.407 selected=False
t=368.00s frontier_score cell=(147, 131) goal=(3.1, 4.7) gain_m2=4.300 distance_m=4.800 turn_rad=0.907 revisit=0.000 score=0.164 selected=True
t=368.00s state=BLOCKED mission=DISABLED front=1.69m pose=(+4.90, +1.73, +128.0deg) goal=(3.1, 4.7) detections=0 located=0 targets=0 perception=WAIT_CALIBRATION
t=369.02s exploration known_area_m2=35.410 frontier_groups=206 reachable_candidates=232 goal=(3.100,4.700) odom_distance_m=21.687 reason=안전한 Frontier 후보 있음 selection_reason=구역 유지: 현재 목표 유지 goal_reached=N/A planning_failures=N/A
t=369.02s frontier_score cell=(130, 155) goal=(5.5, 3.0) gain_m2=3.150 distance_m=2.100 turn_rad=0.902 revisit=0.000 score=0.570 selected=False
t=369.02s frontier_score cell=(146, 155) goal=(5.5, 4.6000000000000005) gain_m2=4.360 distance_m=3.900 turn_rad=0.902 revisit=0.000 score=0.490 selected=False
t=369.02s frontier_score cell=(131, 154) goal=(5.4, 3.1) gain_m2=2.870 distance_m=2.100 turn_rad=0.902 revisit=0.000 score=0.449 selected=False
t=369.02s frontier_score cell=(146, 154) goal=(5.4, 4.6000000000000005) gain_m2=4.160 distance_m=3.800 turn_rad=0.902 revisit=0.000 score=0.438 selected=False
t=369.02s frontier_score cell=(132, 154) goal=(5.4, 3.2) gain_m2=2.850 distance_m=2.200 turn_rad=0.902 revisit=0.000 score=0.407 selected=False
t=369.02s frontier_score cell=(147, 131) goal=(3.1, 4.7) gain_m2=4.250 distance_m=4.800 turn_rad=0.902 revisit=0.000 score=0.143 selected=True
t=369.02s state=BLOCKED mission=DISABLED front=1.68m pose=(+4.89, +1.74, +128.3deg) goal=(3.1, 4.7) detections=0 located=0 targets=0 perception=WAIT_CALIBRATION
t=370.05s exploration known_area_m2=35.460 frontier_groups=198 reachable_candidates=229 goal=(3.100,4.700) odom_distance_m=21.699 reason=안전한 Frontier 후보 있음 selection_reason=구역 유지: 현재 목표 유지 goal_reached=N/A planning_failures=N/A
t=370.05s frontier_score cell=(130, 155) goal=(5.5, 3.0) gain_m2=3.140 distance_m=2.000 turn_rad=0.895 revisit=0.000 score=0.599 selected=False
t=370.05s frontier_score cell=(146, 155) goal=(5.5, 4.6000000000000005) gain_m2=4.350 distance_m=3.800 turn_rad=0.895 revisit=0.000 score=0.520 selected=False
t=370.05s frontier_score cell=(131, 154) goal=(5.4, 3.1) gain_m2=2.860 distance_m=2.000 turn_rad=0.895 revisit=0.000 score=0.479 selected=False
t=370.05s frontier_score cell=(146, 154) goal=(5.4, 4.6000000000000005) gain_m2=4.150 distance_m=3.700 turn_rad=0.895 revisit=0.000 score=0.467 selected=False
t=370.05s frontier_score cell=(132, 154) goal=(5.4, 3.2) gain_m2=2.840 distance_m=2.100 turn_rad=0.895 revisit=0.000 score=0.437 selected=False
t=370.05s frontier_score cell=(147, 131) goal=(3.1, 4.7) gain_m2=4.240 distance_m=4.700 turn_rad=0.895 revisit=0.000 score=0.173 selected=True
t=370.05s state=BLOCKED mission=DISABLED front=1.68m pose=(+4.89, +1.75, +128.7deg) goal=(3.1, 4.7) detections=0 located=0 targets=0 perception=WAIT_CALIBRATION
t=370.05s map_saved=C:\Users\woosu\OneDrive\Desktop\hkton\controllers\tb3_teleop\maps\map.png
t=371.01s exploration known_area_m2=35.490 frontier_groups=198 reachable_candidates=227 goal=(3.100,4.700) odom_distance_m=21.710 reason=안전한 Frontier 후보 있음 selection_reason=구역 유지: 현재 목표 유지 goal_reached=N/A planning_failures=N/A
t=371.01s frontier_score cell=(130, 155) goal=(5.5, 3.0) gain_m2=3.120 distance_m=2.000 turn_rad=0.888 revisit=0.000 score=0.591 selected=False
t=371.01s frontier_score cell=(146, 155) goal=(5.5, 4.6000000000000005) gain_m2=4.340 distance_m=3.800 turn_rad=0.888 revisit=0.000 score=0.517 selected=False
t=371.01s frontier_score cell=(131, 154) goal=(5.4, 3.1) gain_m2=2.840 distance_m=2.000 turn_rad=0.888 revisit=0.000 score=0.471 selected=False
t=371.01s frontier_score cell=(146, 154) goal=(5.4, 4.6000000000000005) gain_m2=4.140 distance_m=3.700 turn_rad=0.888 revisit=0.000 score=0.464 selected=False
t=371.01s frontier_score cell=(132, 154) goal=(5.4, 3.2) gain_m2=2.830 distance_m=2.100 turn_rad=0.888 revisit=0.000 score=0.433 selected=False
t=371.01s frontier_score cell=(147, 131) goal=(3.1, 4.7) gain_m2=4.250 distance_m=4.700 turn_rad=0.888 revisit=0.000 score=0.178 selected=True
t=371.01s state=BLOCKED mission=DISABLED front=1.67m pose=(+4.88, +1.76, +129.1deg) goal=(3.1, 4.7) detections=0 located=0 targets=0 perception=WAIT_CALIBRATION
